2025-08-31 04:03:06|INFO    |root                            |Scheduler will use this timezone: Asia/Jakarta|
2025-08-31 04:03:08|INFO    |root                            |BAZARR trying to connect to Radarr SignalR feed...|
2025-08-31 04:03:08|INFO    |root                            |BAZARR trying to connect to Sonarr SignalR feed...|
2025-08-31 04:03:08|INFO    |waitress                        |BAZARR is started and waiting for requests on: http://***.***.***.***:6767|
2025-08-31 04:03:08|INFO    |waitress                        |BAZARR is started and waiting for requests on: http://[::]:6767|
2025-08-31 04:03:08|INFO    |root                            |BAZARR SignalR client for Radarr is connected and waiting for events.|
2025-08-31 04:03:08|INFO    |root                            |BAZARR SignalR client for Sonarr is connected and waiting for events.|
2025-08-31 04:03:09|ERROR   |root                            |Video file "/downloads/Wednesday/season 01/Wednesday.S01E01.WEBRip.x264-ION10[eztv.re].mp4" cannot be found for analysis|
2025-08-31 04:03:09|ERROR   |root                            |Video file "/downloads/Wednesday/season 01/Wednesday.S01E02.WEBRip.x264-ION10[eztv.re].mp4" cannot be found for analysis|
2025-08-31 04:03:09|ERROR   |root                            |Video file "/downloads/Wednesday/season 01/Wednesday.S01E03.WEBRip.x264-ION10[eztv.re].mp4" cannot be found for analysis|
2025-08-31 04:03:09|ERROR   |root                            |Video file "/downloads/Wednesday/season 01/Wednesday.S01E04.WEBRip.x264-ION10[eztv.re].mp4" cannot be found for analysis|
2025-08-31 04:03:09|ERROR   |root                            |Video file "/downloads/Wednesday/season 01/Wednesday.S01E05.WEBRip.x264-ION10[eztv.re].mp4" cannot be found for analysis|
2025-08-31 04:03:09|ERROR   |root                            |Video file "/downloads/Wednesday/season 01/Wednesday.S01E06.WEBRip.x264-ION10[eztv.re].mp4" cannot be found for analysis|
2025-08-31 04:03:09|ERROR   |root                            |Video file "/downloads/Wednesday/season 01/Wednesday.S01E07.WEBRip.x264-ION10[eztv.re].mp4" cannot be found for analysis|
2025-08-31 04:03:09|ERROR   |root                            |Video file "/downloads/Wednesday/season 01/Wednesday.S01E08.WEBRip.x264-ION10[eztv.re].mp4" cannot be found for analysis|
2025-08-31 04:03:09|ERROR   |root                            |Video file "/downloads/Wednesday/season 2/Wednesday S02E01 720p x264-FENiX[EZTVx.to].mkv" cannot be found for analysis|
2025-08-31 04:03:09|ERROR   |root                            |Video file "/downloads/Wednesday/season 2/Wednesday S02E02 720p x264-FENiX.mkv" cannot be found for analysis|
2025-08-31 04:03:09|ERROR   |root                            |Video file "/downloads/Wednesday/season 2/Wednesday S02E03 720p x264-FENiX.mkv" cannot be found for analysis|
2025-08-31 04:03:09|ERROR   |root                            |Video file "/downloads/Wednesday/season 2/Wednesday S02E04 720p x264-FENiX.mkv" cannot be found for analysis|
2025-08-31 04:03:09|ERROR   |root                            |Video file "/downloads/Squid Game/Season 2/Squid.Game.S02E01.480p.x264-mSD[EZTVx.to].mkv" cannot be found for analysis|
2025-08-31 04:03:09|ERROR   |root                            |Video file "/downloads/Squid Game/Season 2/Squid.Game.S02E02.MULTI.480p.x264-mSD[EZTVx.to].mkv" cannot be found for analysis|
2025-08-31 04:03:09|ERROR   |root                            |Video file "/downloads/Squid Game/Season 2/Squid.Game.S02E03.MULTI.480p.x264-mSD[EZTVx.to].mkv" cannot be found for analysis|
2025-08-31 04:03:09|ERROR   |root                            |Video file "/downloads/Squid Game/Season 2/Squid.Game.S02E04.MULTI.480p.x264-mSD[EZTVx.to].mkv" cannot be found for analysis|
2025-08-31 04:03:09|ERROR   |root                            |Video file "/downloads/Squid Game/Season 2/squid.game.s02e05.720p.web.h264-sylix.mkv" cannot be found for analysis|
2025-08-31 04:03:09|ERROR   |root                            |Video file "/downloads/Squid Game/Season 2/Squid.Game.S02E06.MULTI.1080p.WEB.X264-HiggsBoson[EZTVx.to].mkv" cannot be found for analysis|
2025-08-31 04:03:09|ERROR   |root                            |Video file "/downloads/Squid Game/Season 2/Squid.Game.S02E07.FINAL.MULTI.480p.x264-mSD[EZTVx.to].mkv" cannot be found for analysis|
2025-08-31 04:03:09|ERROR   |root                            |Video file "/downloads/Squid Game/Squid Game - Season 3 [Dual Audio]/Season 3/Squid Game - S03E01 - Keys and Knives.mkv" cannot be found for analysis|
2025-08-31 04:03:09|ERROR   |root                            |Video file "/downloads/Squid Game/Squid Game - Season 3 [Dual Audio]/Season 3/Squid Game - S03E02 - The Starry Night.mkv" cannot be found for analysis|
2025-08-31 04:03:09|ERROR   |root                            |Video file "/downloads/Squid Game/Squid Game - Season 3 [Dual Audio]/Season 3/Squid Game - S03E03 - It's Not Your Fault.mkv" cannot be found for analysis|
2025-08-31 04:03:09|ERROR   |root                            |Video file "/downloads/Squid Game/Squid Game - Season 3 [Dual Audio]/Season 3/Squid Game - S03E04 - 222.mkv" cannot be found for analysis|
2025-08-31 04:03:09|ERROR   |root                            |Video file "/downloads/Squid Game/Squid Game - Season 3 [Dual Audio]/Season 3/Squid Game - S03E05 - ○△□.mkv" cannot be found for analysis|
2025-08-31 04:03:09|ERROR   |root                            |Video file "/downloads/Squid Game/Squid Game - Season 3 [Dual Audio]/Season 3/Squid Game - S03E06 - Humans Are....mkv" cannot be found for analysis|
2025-08-31 04:03:09|ERROR   |root                            |Video file "/downloads/Hierarchy.S01/Hierarchy.S01E01.DUAL-AUDIO.KOR-ENG.1080p.10bit.WEBRip.6CH.x265.HEVC-PSA.mkv" cannot be found for analysis|
2025-08-31 04:03:09|ERROR   |root                            |Video file "/downloads/Hierarchy.S01/Hierarchy.S01E02.DUAL-AUDIO.KOR-ENG.1080p.10bit.WEBRip.6CH.x265.HEVC-PSA.mkv" cannot be found for analysis|
2025-08-31 04:03:09|ERROR   |root                            |Video file "/downloads/Hierarchy.S01/Hierarchy.S01E03.DUAL-AUDIO.KOR-ENG.1080p.10bit.WEBRip.6CH.x265.HEVC-PSA.mkv" cannot be found for analysis|
2025-08-31 04:03:09|ERROR   |root                            |Video file "/downloads/Hierarchy.S01/Hierarchy.S01E04.DUAL-AUDIO.KOR-ENG.1080p.10bit.WEBRip.6CH.x265.HEVC-PSA.mkv" cannot be found for analysis|
2025-08-31 04:03:09|ERROR   |root                            |Video file "/downloads/Hierarchy.S01/Hierarchy.S01E05.DUAL-AUDIO.KOR-ENG.1080p.10bit.WEBRip.6CH.x265.HEVC-PSA.mkv" cannot be found for analysis|
2025-08-31 04:03:09|ERROR   |root                            |Video file "/downloads/Hierarchy.S01/Hierarchy.S01E06.DUAL-AUDIO.KOR-ENG.1080p.10bit.WEBRip.6CH.x265.HEVC-PSA.mkv" cannot be found for analysis|
2025-08-31 04:03:09|ERROR   |root                            |Video file "/downloads/Hierarchy.S01/Hierarchy.S01E07.DUAL-AUDIO.KOR-ENG.1080p.10bit.WEBRip.6CH.x265.HEVC-PSA.mkv" cannot be found for analysis|
2025-08-31 04:03:09|ERROR   |root                            |Video file "/downloads/Vigilante 2023/Season 1/Vigilante.S01E01.1080p.DNSP.WEBRip.x264.mkv" cannot be found for analysis|
2025-08-31 04:03:09|ERROR   |root                            |Video file "/downloads/Vigilante 2023/Season 1/Vigilante.S01E02.1080p.DNSP.WEBRip.x264.mkv" cannot be found for analysis|
2025-08-31 04:03:09|ERROR   |root                            |Video file "/downloads/Vigilante 2023/Season 1/Vigilante.S01E03.1080p.DNSP.WEBRip.x264.mkv" cannot be found for analysis|
2025-08-31 04:03:09|ERROR   |root                            |Video file "/downloads/Vigilante 2023/Season 1/Vigilante.S01E04.1080p.DNSP.WEBRip.x264.mkv" cannot be found for analysis|
2025-08-31 04:03:09|ERROR   |root                            |Video file "/downloads/Vigilante 2023/Season 1/Vigilante.S01E05.1080p.DNSP.WEBRip.x264.mkv" cannot be found for analysis|
2025-08-31 04:03:09|ERROR   |root                            |Video file "/downloads/Vigilante 2023/Season 1/Vigilante.S01E06.1080p.DNSP.WEBRip.x264.mkv" cannot be found for analysis|
2025-08-31 04:03:09|ERROR   |root                            |Video file "/downloads/Vigilante 2023/Season 1/Vigilante.S01E07.1080p.DNSP.WEBRip.x264.mkv" cannot be found for analysis|
2025-08-31 04:03:09|ERROR   |root                            |Video file "/downloads/Vigilante 2023/Season 1/Vigilante.S01E08.1080p.DNSP.WEBRip.x264.mkv" cannot be found for analysis|
2025-08-31 04:03:09|ERROR   |root                            |Video file "/downloads/The Witcher/Season 1/The.Witcher.S01E01.720p.NF.WEBRip.x264-GalaxyTV.mkv" cannot be found for analysis|
2025-08-31 04:03:09|ERROR   |root                            |Video file "/downloads/The Witcher/Season 1/The.Witcher.S01E02.720p.NF.WEBRip.x264-GalaxyTV.mkv" cannot be found for analysis|
2025-08-31 04:03:09|ERROR   |root                            |Video file "/downloads/The Witcher/Season 1/The.Witcher.S01E03.720p.NF.WEBRip.x264-GalaxyTV.mkv" cannot be found for analysis|
2025-08-31 04:03:09|ERROR   |root                            |Video file "/downloads/The Witcher/Season 1/The.Witcher.S01E04.720p.NF.WEBRip.x264-GalaxyTV.mkv" cannot be found for analysis|
2025-08-31 04:03:09|ERROR   |root                            |Video file "/downloads/The Witcher/Season 1/The.Witcher.S01E05.720p.NF.WEBRip.x264-GalaxyTV.mkv" cannot be found for analysis|
2025-08-31 04:03:09|ERROR   |root                            |Video file "/downloads/The Witcher/Season 1/The.Witcher.S01E06.720p.NF.WEBRip.x264-GalaxyTV.mkv" cannot be found for analysis|
2025-08-31 04:03:09|ERROR   |root                            |Video file "/downloads/The Witcher/Season 1/The.Witcher.S01E07.720p.NF.WEBRip.x264-GalaxyTV.mkv" cannot be found for analysis|
2025-08-31 04:03:09|ERROR   |root                            |Video file "/downloads/The Witcher/Season 1/The.Witcher.S01E08.720p.NF.WEBRip.x264-GalaxyTV.mkv" cannot be found for analysis|
2025-08-31 04:03:09|ERROR   |root                            |Video file "/downloads/The Witcher/Season 2/The.Witcher.S02E01.720p.NF.WEBRip.x264-GalaxyTV.mkv" cannot be found for analysis|
2025-08-31 04:03:09|ERROR   |root                            |Video file "/downloads/The Witcher/Season 2/The.Witcher.S02E02.720p.NF.WEBRip.x264-GalaxyTV.mkv" cannot be found for analysis|
2025-08-31 04:03:09|ERROR   |root                            |Video file "/downloads/The Witcher/Season 2/The.Witcher.S02E03.720p.NF.WEBRip.x264-GalaxyTV.mkv" cannot be found for analysis|
2025-08-31 04:03:09|ERROR   |root                            |Video file "/downloads/The Witcher/Season 2/The.Witcher.S02E04.720p.NF.WEBRip.x264-GalaxyTV.mkv" cannot be found for analysis|
2025-08-31 04:03:09|ERROR   |root                            |Video file "/downloads/The Witcher/Season 2/The.Witcher.S02E05.720p.NF.WEBRip.x264-GalaxyTV.mkv" cannot be found for analysis|
2025-08-31 04:03:09|ERROR   |root                            |Video file "/downloads/The Witcher/Season 2/The.Witcher.S02E06.720p.NF.WEBRip.x264-GalaxyTV.mkv" cannot be found for analysis|
2025-08-31 04:03:09|ERROR   |root                            |Video file "/downloads/The Witcher/Season 2/The.Witcher.S02E07.720p.NF.WEBRip.x264-GalaxyTV.mkv" cannot be found for analysis|
2025-08-31 04:03:09|ERROR   |root                            |Video file "/downloads/The Witcher/Season 2/The.Witcher.S02E08.720p.NF.WEBRip.x264-GalaxyTV.mkv" cannot be found for analysis|
2025-08-31 04:03:09|ERROR   |root                            |Video file "/downloads/The Witcher/Season 3/The Witcher - S03E01 - Shaerrawedd.mkv" cannot be found for analysis|
2025-08-31 04:03:09|ERROR   |root                            |Video file "/downloads/The Witcher/Season 3/The Witcher - S03E02 - Unbound.mkv" cannot be found for analysis|
2025-08-31 04:03:09|ERROR   |root                            |Video file "/downloads/The Witcher/Season 3/The Witcher - S03E03 - Reunion.mkv" cannot be found for analysis|
2025-08-31 04:03:09|ERROR   |root                            |Video file "/downloads/The Witcher/Season 3/The Witcher - S03E04 - The Invitation.mkv" cannot be found for analysis|
2025-08-31 04:03:09|ERROR   |root                            |Video file "/downloads/The Witcher/Season 3/The Witcher - S03E05 - The Art of the Illusion.mkv" cannot be found for analysis|
2025-08-31 04:03:09|ERROR   |root                            |Video file "/downloads/The Witcher/Season 3/The Witcher - S03E06 - Everybody Has a Plan 'til They Get Punched in the Face.mkv" cannot be found for analysis|
2025-08-31 04:03:09|ERROR   |root                            |Video file "/downloads/The Witcher/Season 3/The Witcher - S03E07 - Out of the Fire, Into the Frying Pan.mkv" cannot be found for analysis|
2025-08-31 04:03:09|ERROR   |root                            |Video file "/downloads/The Witcher/Season 3/The Witcher - S03E08 - The Cost of Chaos.mkv" cannot be found for analysis|
2025-08-31 04:03:09|ERROR   |root                            |Video file "/downloads/A shop for killers/Season 1/A.Shop.for.Killers.KOREAN.S01E01.2024.1080p.WEBRip.x265.HEVC-kkolev33.mkv" cannot be found for analysis|
2025-08-31 04:03:09|ERROR   |root                            |Video file "/downloads/A shop for killers/Season 1/A.Shop.for.Killers.KOREAN.S01E02.2024.1080p.WEBRip.x265.HEVC-kkolev33.mkv" cannot be found for analysis|
2025-08-31 04:03:09|ERROR   |root                            |Video file "/downloads/A shop for killers/Season 1/A.Shop.for.Killers.KOREAN.S01E03.2024.1080p.WEBRip.x265.HEVC-kkolev33.mkv" cannot be found for analysis|
2025-08-31 04:03:09|ERROR   |root                            |Video file "/downloads/A shop for killers/Season 1/A.Shop.for.Killers.KOREAN.S01E04.2024.1080p.WEBRip.x265.HEVC-kkolev33.mkv" cannot be found for analysis|
2025-08-31 04:03:09|ERROR   |root                            |Video file "/downloads/A shop for killers/Season 1/A.Shop.for.Killers.KOREAN.S01E05.2024.1080p.WEBRip.x265.HEVC-kkolev33.mkv" cannot be found for analysis|
2025-08-31 04:03:09|ERROR   |root                            |Video file "/downloads/A shop for killers/Season 1/A.Shop.for.Killers.KOREAN.S01E06.2024.1080p.WEBRip.x265.HEVC-kkolev33.mkv" cannot be found for analysis|
2025-08-31 04:03:09|ERROR   |root                            |Video file "/downloads/A shop for killers/Season 1/A.Shop.for.Killers.KOREAN.S01E07.2024.1080p.WEBRip.x265.HEVC-kkolev33.mkv" cannot be found for analysis|
2025-08-31 04:03:09|ERROR   |root                            |Video file "/downloads/A shop for killers/Season 1/A.Shop.for.Killers.KOREAN.S01E08.2024.1080p.WEBRip.x265.HEVC-kkolev33.mkv" cannot be found for analysis|
2025-08-31 04:03:09|ERROR   |root                            |Video file "/downloads/Tulsa King/Season 1/Tulsa.King.S01E01.720p.AMZN.WEBRip.x264-GalaxyTV.mkv" cannot be found for analysis|
2025-08-31 04:03:09|ERROR   |root                            |Video file "/downloads/Tulsa King/Season 1/Tulsa.King.S01E02.720p.AMZN.WEBRip.x264-GalaxyTV.mkv" cannot be found for analysis|
2025-08-31 04:03:09|ERROR   |root                            |Video file "/downloads/Tulsa King/Season 1/Tulsa.King.S01E03.720p.AMZN.WEBRip.x264-GalaxyTV.mkv" cannot be found for analysis|
2025-08-31 04:03:09|ERROR   |root                            |Video file "/downloads/Tulsa King/Season 1/Tulsa.King.S01E04.720p.AMZN.WEBRip.x264-GalaxyTV.mkv" cannot be found for analysis|
2025-08-31 04:03:09|ERROR   |root                            |Video file "/downloads/Tulsa King/Season 1/Tulsa.King.S01E05.720p.AMZN.WEBRip.x264-GalaxyTV.mkv" cannot be found for analysis|
2025-08-31 04:03:09|ERROR   |root                            |Video file "/downloads/Tulsa King/Season 1/Tulsa.King.S01E06.720p.AMZN.WEBRip.x264-GalaxyTV.mkv" cannot be found for analysis|
2025-08-31 04:03:09|ERROR   |root                            |Video file "/downloads/Tulsa King/Season 1/Tulsa.King.S01E07.720p.AMZN.WEBRip.x264-GalaxyTV.mkv" cannot be found for analysis|
2025-08-31 04:03:09|ERROR   |root                            |Video file "/downloads/Tulsa King/Season 1/Tulsa.King.S01E08.720p.AMZN.WEBRip.x264-GalaxyTV.mkv" cannot be found for analysis|
2025-08-31 04:03:09|ERROR   |root                            |Video file "/downloads/Tulsa King/Season 1/Tulsa.King.S01E09.720p.AMZN.WEBRip.x264-GalaxyTV.mkv" cannot be found for analysis|
2025-08-31 04:03:09|ERROR   |root                            |Video file "/downloads/Tulsa King/Season 2/Tulsa.King.S02E01.480p.x264-RUBiK.mkv" cannot be found for analysis|
2025-08-31 04:03:09|ERROR   |root                            |Video file "/downloads/Tulsa King/Season 2/Tulsa.King.S02E02.480p.x264-RUBiK.mkv" cannot be found for analysis|
2025-08-31 04:03:09|ERROR   |root                            |Video file "/downloads/Tulsa King/Season 2/Tulsa.King.S02E03.480p.x264-RUBiK.mkv" cannot be found for analysis|
2025-08-31 04:03:09|ERROR   |root                            |Video file "/downloads/Tulsa King/Season 2/Tulsa.King.S02E04.480p.x264-RUBiK.mkv" cannot be found for analysis|
2025-08-31 04:03:09|ERROR   |root                            |Video file "/downloads/Tulsa King/Season 2/Tulsa.King.S02E05.480p.x264-RUBiK.mkv" cannot be found for analysis|
2025-08-31 04:03:09|ERROR   |root                            |Video file "/downloads/Tulsa King/Season 2/Tulsa.King.S02E06.480p.x264-RUBiK.mkv" cannot be found for analysis|
2025-08-31 04:03:09|ERROR   |root                            |Video file "/downloads/Tulsa King/Season 2/Tulsa.King.S02E07.480p.x264-RUBiK.mkv" cannot be found for analysis|
2025-08-31 04:03:09|ERROR   |root                            |Video file "/downloads/Tulsa King/Season 2/Tulsa.King.S02E08.480p.x264-RUBiK.mkv" cannot be found for analysis|
2025-08-31 04:03:09|ERROR   |root                            |Video file "/downloads/Tulsa King/Season 2/Tulsa.King.S02E09.480p.x264-RUBiK.mkv" cannot be found for analysis|
2025-08-31 04:03:09|ERROR   |root                            |Video file "/downloads/Tulsa King/Season 2/Tulsa.King.S02E10.480p.x264-RUBiK.mkv" cannot be found for analysis|
2025-08-31 04:54:21|ERROR   |root                            |Video file "/downloads/Wednesday/season 01/Wednesday.S01E01.WEBRip.x264-ION10[eztv.re].mp4" cannot be found for analysis|
2025-08-31 04:54:21|ERROR   |root                            |Video file "/downloads/Wednesday/season 01/Wednesday.S01E02.WEBRip.x264-ION10[eztv.re].mp4" cannot be found for analysis|
2025-08-31 04:54:21|ERROR   |root                            |Video file "/downloads/Wednesday/season 01/Wednesday.S01E03.WEBRip.x264-ION10[eztv.re].mp4" cannot be found for analysis|
2025-08-31 04:54:21|ERROR   |root                            |Video file "/downloads/Wednesday/season 01/Wednesday.S01E04.WEBRip.x264-ION10[eztv.re].mp4" cannot be found for analysis|
2025-08-31 04:54:21|ERROR   |root                            |Video file "/downloads/Wednesday/season 01/Wednesday.S01E05.WEBRip.x264-ION10[eztv.re].mp4" cannot be found for analysis|
2025-08-31 04:54:21|ERROR   |root                            |Video file "/downloads/Wednesday/season 01/Wednesday.S01E06.WEBRip.x264-ION10[eztv.re].mp4" cannot be found for analysis|
2025-08-31 04:54:21|ERROR   |root                            |Video file "/downloads/Wednesday/season 01/Wednesday.S01E07.WEBRip.x264-ION10[eztv.re].mp4" cannot be found for analysis|
2025-08-31 04:54:21|ERROR   |root                            |Video file "/downloads/Wednesday/season 01/Wednesday.S01E08.WEBRip.x264-ION10[eztv.re].mp4" cannot be found for analysis|
2025-08-31 04:54:21|ERROR   |root                            |Video file "/downloads/Wednesday/season 2/Wednesday S02E01 720p x264-FENiX[EZTVx.to].mkv" cannot be found for analysis|
2025-08-31 04:54:21|ERROR   |root                            |Video file "/downloads/Wednesday/season 2/Wednesday S02E02 720p x264-FENiX.mkv" cannot be found for analysis|
2025-08-31 04:54:21|ERROR   |root                            |Video file "/downloads/Wednesday/season 2/Wednesday S02E03 720p x264-FENiX.mkv" cannot be found for analysis|
2025-08-31 04:54:21|ERROR   |root                            |Video file "/downloads/Wednesday/season 2/Wednesday S02E04 720p x264-FENiX.mkv" cannot be found for analysis|
2025-08-31 04:54:21|ERROR   |root                            |Video file "/downloads/Squid Game/Season 2/Squid.Game.S02E01.480p.x264-mSD[EZTVx.to].mkv" cannot be found for analysis|
2025-08-31 04:54:21|ERROR   |root                            |Video file "/downloads/Squid Game/Season 2/Squid.Game.S02E02.MULTI.480p.x264-mSD[EZTVx.to].mkv" cannot be found for analysis|
2025-08-31 04:54:21|ERROR   |root                            |Video file "/downloads/Squid Game/Season 2/Squid.Game.S02E03.MULTI.480p.x264-mSD[EZTVx.to].mkv" cannot be found for analysis|
2025-08-31 04:54:21|ERROR   |root                            |Video file "/downloads/Squid Game/Season 2/Squid.Game.S02E04.MULTI.480p.x264-mSD[EZTVx.to].mkv" cannot be found for analysis|
2025-08-31 04:54:21|ERROR   |root                            |Video file "/downloads/Squid Game/Season 2/squid.game.s02e05.720p.web.h264-sylix.mkv" cannot be found for analysis|
2025-08-31 04:54:21|ERROR   |root                            |Video file "/downloads/Squid Game/Season 2/Squid.Game.S02E06.MULTI.1080p.WEB.X264-HiggsBoson[EZTVx.to].mkv" cannot be found for analysis|
2025-08-31 04:54:21|ERROR   |root                            |Video file "/downloads/Squid Game/Season 2/Squid.Game.S02E07.FINAL.MULTI.480p.x264-mSD[EZTVx.to].mkv" cannot be found for analysis|
2025-08-31 04:54:21|ERROR   |root                            |Video file "/downloads/Squid Game/Squid Game - Season 3 [Dual Audio]/Season 3/Squid Game - S03E01 - Keys and Knives.mkv" cannot be found for analysis|
2025-08-31 04:54:21|ERROR   |root                            |Video file "/downloads/Squid Game/Squid Game - Season 3 [Dual Audio]/Season 3/Squid Game - S03E02 - The Starry Night.mkv" cannot be found for analysis|
2025-08-31 04:54:21|ERROR   |root                            |Video file "/downloads/Squid Game/Squid Game - Season 3 [Dual Audio]/Season 3/Squid Game - S03E03 - It's Not Your Fault.mkv" cannot be found for analysis|
2025-08-31 04:54:21|ERROR   |root                            |Video file "/downloads/Squid Game/Squid Game - Season 3 [Dual Audio]/Season 3/Squid Game - S03E04 - 222.mkv" cannot be found for analysis|
2025-08-31 04:54:21|ERROR   |root                            |Video file "/downloads/Squid Game/Squid Game - Season 3 [Dual Audio]/Season 3/Squid Game - S03E05 - ○△□.mkv" cannot be found for analysis|
2025-08-31 04:54:21|ERROR   |root                            |Video file "/downloads/Squid Game/Squid Game - Season 3 [Dual Audio]/Season 3/Squid Game - S03E06 - Humans Are....mkv" cannot be found for analysis|
2025-08-31 04:54:22|ERROR   |root                            |Video file "/downloads/Hierarchy.S01/Hierarchy.S01E01.DUAL-AUDIO.KOR-ENG.1080p.10bit.WEBRip.6CH.x265.HEVC-PSA.mkv" cannot be found for analysis|
2025-08-31 04:54:22|ERROR   |root                            |Video file "/downloads/Hierarchy.S01/Hierarchy.S01E02.DUAL-AUDIO.KOR-ENG.1080p.10bit.WEBRip.6CH.x265.HEVC-PSA.mkv" cannot be found for analysis|
2025-08-31 04:54:22|ERROR   |root                            |Video file "/downloads/Hierarchy.S01/Hierarchy.S01E03.DUAL-AUDIO.KOR-ENG.1080p.10bit.WEBRip.6CH.x265.HEVC-PSA.mkv" cannot be found for analysis|
2025-08-31 04:54:22|ERROR   |root                            |Video file "/downloads/Hierarchy.S01/Hierarchy.S01E04.DUAL-AUDIO.KOR-ENG.1080p.10bit.WEBRip.6CH.x265.HEVC-PSA.mkv" cannot be found for analysis|
2025-08-31 04:54:22|ERROR   |root                            |Video file "/downloads/Hierarchy.S01/Hierarchy.S01E05.DUAL-AUDIO.KOR-ENG.1080p.10bit.WEBRip.6CH.x265.HEVC-PSA.mkv" cannot be found for analysis|
2025-08-31 04:54:22|ERROR   |root                            |Video file "/downloads/Hierarchy.S01/Hierarchy.S01E06.DUAL-AUDIO.KOR-ENG.1080p.10bit.WEBRip.6CH.x265.HEVC-PSA.mkv" cannot be found for analysis|
2025-08-31 04:54:22|ERROR   |root                            |Video file "/downloads/Hierarchy.S01/Hierarchy.S01E07.DUAL-AUDIO.KOR-ENG.1080p.10bit.WEBRip.6CH.x265.HEVC-PSA.mkv" cannot be found for analysis|
2025-08-31 04:54:22|ERROR   |root                            |Video file "/downloads/Vigilante 2023/Season 1/Vigilante.S01E01.1080p.DNSP.WEBRip.x264.mkv" cannot be found for analysis|
2025-08-31 04:54:22|ERROR   |root                            |Video file "/downloads/Vigilante 2023/Season 1/Vigilante.S01E02.1080p.DNSP.WEBRip.x264.mkv" cannot be found for analysis|
2025-08-31 04:54:22|ERROR   |root                            |Video file "/downloads/Vigilante 2023/Season 1/Vigilante.S01E03.1080p.DNSP.WEBRip.x264.mkv" cannot be found for analysis|
2025-08-31 04:54:22|ERROR   |root                            |Video file "/downloads/Vigilante 2023/Season 1/Vigilante.S01E04.1080p.DNSP.WEBRip.x264.mkv" cannot be found for analysis|
2025-08-31 04:54:22|ERROR   |root                            |Video file "/downloads/Vigilante 2023/Season 1/Vigilante.S01E05.1080p.DNSP.WEBRip.x264.mkv" cannot be found for analysis|
2025-08-31 04:54:22|ERROR   |root                            |Video file "/downloads/Vigilante 2023/Season 1/Vigilante.S01E06.1080p.DNSP.WEBRip.x264.mkv" cannot be found for analysis|
2025-08-31 04:54:22|ERROR   |root                            |Video file "/downloads/Vigilante 2023/Season 1/Vigilante.S01E07.1080p.DNSP.WEBRip.x264.mkv" cannot be found for analysis|
2025-08-31 04:54:22|ERROR   |root                            |Video file "/downloads/Vigilante 2023/Season 1/Vigilante.S01E08.1080p.DNSP.WEBRip.x264.mkv" cannot be found for analysis|
2025-08-31 04:54:22|ERROR   |root                            |Video file "/downloads/The Witcher/Season 1/The.Witcher.S01E01.720p.NF.WEBRip.x264-GalaxyTV.mkv" cannot be found for analysis|
2025-08-31 04:54:22|ERROR   |root                            |Video file "/downloads/The Witcher/Season 1/The.Witcher.S01E02.720p.NF.WEBRip.x264-GalaxyTV.mkv" cannot be found for analysis|
2025-08-31 04:54:22|ERROR   |root                            |Video file "/downloads/The Witcher/Season 1/The.Witcher.S01E03.720p.NF.WEBRip.x264-GalaxyTV.mkv" cannot be found for analysis|
2025-08-31 04:54:22|ERROR   |root                            |Video file "/downloads/The Witcher/Season 1/The.Witcher.S01E04.720p.NF.WEBRip.x264-GalaxyTV.mkv" cannot be found for analysis|
2025-08-31 04:54:22|ERROR   |root                            |Video file "/downloads/The Witcher/Season 1/The.Witcher.S01E05.720p.NF.WEBRip.x264-GalaxyTV.mkv" cannot be found for analysis|
2025-08-31 04:54:22|ERROR   |root                            |Video file "/downloads/The Witcher/Season 1/The.Witcher.S01E06.720p.NF.WEBRip.x264-GalaxyTV.mkv" cannot be found for analysis|
2025-08-31 04:54:22|ERROR   |root                            |Video file "/downloads/The Witcher/Season 1/The.Witcher.S01E07.720p.NF.WEBRip.x264-GalaxyTV.mkv" cannot be found for analysis|
2025-08-31 04:54:22|ERROR   |root                            |Video file "/downloads/The Witcher/Season 1/The.Witcher.S01E08.720p.NF.WEBRip.x264-GalaxyTV.mkv" cannot be found for analysis|
2025-08-31 04:54:22|ERROR   |root                            |Video file "/downloads/The Witcher/Season 2/The.Witcher.S02E01.720p.NF.WEBRip.x264-GalaxyTV.mkv" cannot be found for analysis|
2025-08-31 04:54:22|ERROR   |root                            |Video file "/downloads/The Witcher/Season 2/The.Witcher.S02E02.720p.NF.WEBRip.x264-GalaxyTV.mkv" cannot be found for analysis|
2025-08-31 04:54:22|ERROR   |root                            |Video file "/downloads/The Witcher/Season 2/The.Witcher.S02E03.720p.NF.WEBRip.x264-GalaxyTV.mkv" cannot be found for analysis|
2025-08-31 04:54:22|ERROR   |root                            |Video file "/downloads/The Witcher/Season 2/The.Witcher.S02E04.720p.NF.WEBRip.x264-GalaxyTV.mkv" cannot be found for analysis|
2025-08-31 04:54:22|ERROR   |root                            |Video file "/downloads/The Witcher/Season 2/The.Witcher.S02E05.720p.NF.WEBRip.x264-GalaxyTV.mkv" cannot be found for analysis|
2025-08-31 04:54:22|ERROR   |root                            |Video file "/downloads/The Witcher/Season 2/The.Witcher.S02E06.720p.NF.WEBRip.x264-GalaxyTV.mkv" cannot be found for analysis|
2025-08-31 04:54:22|ERROR   |root                            |Video file "/downloads/The Witcher/Season 2/The.Witcher.S02E07.720p.NF.WEBRip.x264-GalaxyTV.mkv" cannot be found for analysis|
2025-08-31 04:54:22|ERROR   |root                            |Video file "/downloads/The Witcher/Season 2/The.Witcher.S02E08.720p.NF.WEBRip.x264-GalaxyTV.mkv" cannot be found for analysis|
2025-08-31 04:54:22|ERROR   |root                            |Video file "/downloads/The Witcher/Season 3/The Witcher - S03E01 - Shaerrawedd.mkv" cannot be found for analysis|
2025-08-31 04:54:22|ERROR   |root                            |Video file "/downloads/The Witcher/Season 3/The Witcher - S03E02 - Unbound.mkv" cannot be found for analysis|
2025-08-31 04:54:22|ERROR   |root                            |Video file "/downloads/The Witcher/Season 3/The Witcher - S03E03 - Reunion.mkv" cannot be found for analysis|
2025-08-31 04:54:22|ERROR   |root                            |Video file "/downloads/The Witcher/Season 3/The Witcher - S03E04 - The Invitation.mkv" cannot be found for analysis|
2025-08-31 04:54:22|ERROR   |root                            |Video file "/downloads/The Witcher/Season 3/The Witcher - S03E05 - The Art of the Illusion.mkv" cannot be found for analysis|
2025-08-31 04:54:22|ERROR   |root                            |Video file "/downloads/The Witcher/Season 3/The Witcher - S03E06 - Everybody Has a Plan 'til They Get Punched in the Face.mkv" cannot be found for analysis|
2025-08-31 04:54:22|ERROR   |root                            |Video file "/downloads/The Witcher/Season 3/The Witcher - S03E07 - Out of the Fire, Into the Frying Pan.mkv" cannot be found for analysis|
2025-08-31 04:54:22|ERROR   |root                            |Video file "/downloads/The Witcher/Season 3/The Witcher - S03E08 - The Cost of Chaos.mkv" cannot be found for analysis|
2025-08-31 04:54:22|ERROR   |root                            |Video file "/downloads/A shop for killers/Season 1/A.Shop.for.Killers.KOREAN.S01E01.2024.1080p.WEBRip.x265.HEVC-kkolev33.mkv" cannot be found for analysis|
2025-08-31 04:54:22|ERROR   |root                            |Video file "/downloads/A shop for killers/Season 1/A.Shop.for.Killers.KOREAN.S01E02.2024.1080p.WEBRip.x265.HEVC-kkolev33.mkv" cannot be found for analysis|
2025-08-31 04:54:22|ERROR   |root                            |Video file "/downloads/A shop for killers/Season 1/A.Shop.for.Killers.KOREAN.S01E03.2024.1080p.WEBRip.x265.HEVC-kkolev33.mkv" cannot be found for analysis|
2025-08-31 04:54:22|ERROR   |root                            |Video file "/downloads/A shop for killers/Season 1/A.Shop.for.Killers.KOREAN.S01E04.2024.1080p.WEBRip.x265.HEVC-kkolev33.mkv" cannot be found for analysis|
2025-08-31 04:54:22|ERROR   |root                            |Video file "/downloads/A shop for killers/Season 1/A.Shop.for.Killers.KOREAN.S01E05.2024.1080p.WEBRip.x265.HEVC-kkolev33.mkv" cannot be found for analysis|
2025-08-31 04:54:22|ERROR   |root                            |Video file "/downloads/A shop for killers/Season 1/A.Shop.for.Killers.KOREAN.S01E06.2024.1080p.WEBRip.x265.HEVC-kkolev33.mkv" cannot be found for analysis|
2025-08-31 04:54:22|ERROR   |root                            |Video file "/downloads/A shop for killers/Season 1/A.Shop.for.Killers.KOREAN.S01E07.2024.1080p.WEBRip.x265.HEVC-kkolev33.mkv" cannot be found for analysis|
2025-08-31 04:54:22|ERROR   |root                            |Video file "/downloads/A shop for killers/Season 1/A.Shop.for.Killers.KOREAN.S01E08.2024.1080p.WEBRip.x265.HEVC-kkolev33.mkv" cannot be found for analysis|
2025-08-31 04:54:22|ERROR   |root                            |Video file "/downloads/Tulsa King/Season 1/Tulsa.King.S01E01.720p.AMZN.WEBRip.x264-GalaxyTV.mkv" cannot be found for analysis|
2025-08-31 04:54:22|ERROR   |root                            |Video file "/downloads/Tulsa King/Season 1/Tulsa.King.S01E02.720p.AMZN.WEBRip.x264-GalaxyTV.mkv" cannot be found for analysis|
2025-08-31 04:54:22|ERROR   |root                            |Video file "/downloads/Tulsa King/Season 1/Tulsa.King.S01E03.720p.AMZN.WEBRip.x264-GalaxyTV.mkv" cannot be found for analysis|
2025-08-31 04:54:22|ERROR   |root                            |Video file "/downloads/Tulsa King/Season 1/Tulsa.King.S01E04.720p.AMZN.WEBRip.x264-GalaxyTV.mkv" cannot be found for analysis|
2025-08-31 04:54:22|ERROR   |root                            |Video file "/downloads/Tulsa King/Season 1/Tulsa.King.S01E05.720p.AMZN.WEBRip.x264-GalaxyTV.mkv" cannot be found for analysis|
2025-08-31 04:54:22|ERROR   |root                            |Video file "/downloads/Tulsa King/Season 1/Tulsa.King.S01E06.720p.AMZN.WEBRip.x264-GalaxyTV.mkv" cannot be found for analysis|
2025-08-31 04:54:22|ERROR   |root                            |Video file "/downloads/Tulsa King/Season 1/Tulsa.King.S01E07.720p.AMZN.WEBRip.x264-GalaxyTV.mkv" cannot be found for analysis|
2025-08-31 04:54:22|ERROR   |root                            |Video file "/downloads/Tulsa King/Season 1/Tulsa.King.S01E08.720p.AMZN.WEBRip.x264-GalaxyTV.mkv" cannot be found for analysis|
2025-08-31 04:54:22|ERROR   |root                            |Video file "/downloads/Tulsa King/Season 1/Tulsa.King.S01E09.720p.AMZN.WEBRip.x264-GalaxyTV.mkv" cannot be found for analysis|
2025-08-31 04:54:22|ERROR   |root                            |Video file "/downloads/Tulsa King/Season 2/Tulsa.King.S02E01.480p.x264-RUBiK.mkv" cannot be found for analysis|
2025-08-31 04:54:22|ERROR   |root                            |Video file "/downloads/Tulsa King/Season 2/Tulsa.King.S02E02.480p.x264-RUBiK.mkv" cannot be found for analysis|
2025-08-31 04:54:22|ERROR   |root                            |Video file "/downloads/Tulsa King/Season 2/Tulsa.King.S02E03.480p.x264-RUBiK.mkv" cannot be found for analysis|
2025-08-31 04:54:22|ERROR   |root                            |Video file "/downloads/Tulsa King/Season 2/Tulsa.King.S02E04.480p.x264-RUBiK.mkv" cannot be found for analysis|
2025-08-31 04:54:22|ERROR   |root                            |Video file "/downloads/Tulsa King/Season 2/Tulsa.King.S02E05.480p.x264-RUBiK.mkv" cannot be found for analysis|
2025-08-31 04:54:22|ERROR   |root                            |Video file "/downloads/Tulsa King/Season 2/Tulsa.King.S02E06.480p.x264-RUBiK.mkv" cannot be found for analysis|
2025-08-31 04:54:22|ERROR   |root                            |Video file "/downloads/Tulsa King/Season 2/Tulsa.King.S02E07.480p.x264-RUBiK.mkv" cannot be found for analysis|
2025-08-31 04:54:22|ERROR   |root                            |Video file "/downloads/Tulsa King/Season 2/Tulsa.King.S02E08.480p.x264-RUBiK.mkv" cannot be found for analysis|
2025-08-31 04:54:22|ERROR   |root                            |Video file "/downloads/Tulsa King/Season 2/Tulsa.King.S02E09.480p.x264-RUBiK.mkv" cannot be found for analysis|
2025-08-31 04:54:22|ERROR   |root                            |Video file "/downloads/Tulsa King/Season 2/Tulsa.King.S02E10.480p.x264-RUBiK.mkv" cannot be found for analysis|
2025-08-31 05:54:21|ERROR   |root                            |Video file "/downloads/Wednesday/season 01/Wednesday.S01E01.WEBRip.x264-ION10[eztv.re].mp4" cannot be found for analysis|
2025-08-31 05:54:21|ERROR   |root                            |Video file "/downloads/Wednesday/season 01/Wednesday.S01E02.WEBRip.x264-ION10[eztv.re].mp4" cannot be found for analysis|
2025-08-31 05:54:21|ERROR   |root                            |Video file "/downloads/Wednesday/season 01/Wednesday.S01E03.WEBRip.x264-ION10[eztv.re].mp4" cannot be found for analysis|
2025-08-31 05:54:21|ERROR   |root                            |Video file "/downloads/Wednesday/season 01/Wednesday.S01E04.WEBRip.x264-ION10[eztv.re].mp4" cannot be found for analysis|
2025-08-31 05:54:21|ERROR   |root                            |Video file "/downloads/Wednesday/season 01/Wednesday.S01E05.WEBRip.x264-ION10[eztv.re].mp4" cannot be found for analysis|
2025-08-31 05:54:21|ERROR   |root                            |Video file "/downloads/Wednesday/season 01/Wednesday.S01E06.WEBRip.x264-ION10[eztv.re].mp4" cannot be found for analysis|
2025-08-31 05:54:21|ERROR   |root                            |Video file "/downloads/Wednesday/season 01/Wednesday.S01E07.WEBRip.x264-ION10[eztv.re].mp4" cannot be found for analysis|
2025-08-31 05:54:21|ERROR   |root                            |Video file "/downloads/Wednesday/season 01/Wednesday.S01E08.WEBRip.x264-ION10[eztv.re].mp4" cannot be found for analysis|
2025-08-31 05:54:21|ERROR   |root                            |Video file "/downloads/Wednesday/season 2/Wednesday S02E01 720p x264-FENiX[EZTVx.to].mkv" cannot be found for analysis|
2025-08-31 05:54:21|ERROR   |root                            |Video file "/downloads/Wednesday/season 2/Wednesday S02E02 720p x264-FENiX.mkv" cannot be found for analysis|
2025-08-31 05:54:21|ERROR   |root                            |Video file "/downloads/Wednesday/season 2/Wednesday S02E03 720p x264-FENiX.mkv" cannot be found for analysis|
2025-08-31 05:54:21|ERROR   |root                            |Video file "/downloads/Wednesday/season 2/Wednesday S02E04 720p x264-FENiX.mkv" cannot be found for analysis|
2025-08-31 05:54:21|ERROR   |root                            |Video file "/downloads/Squid Game/Season 2/Squid.Game.S02E01.480p.x264-mSD[EZTVx.to].mkv" cannot be found for analysis|
2025-08-31 05:54:21|ERROR   |root                            |Video file "/downloads/Squid Game/Season 2/Squid.Game.S02E02.MULTI.480p.x264-mSD[EZTVx.to].mkv" cannot be found for analysis|
2025-08-31 05:54:21|ERROR   |root                            |Video file "/downloads/Squid Game/Season 2/Squid.Game.S02E03.MULTI.480p.x264-mSD[EZTVx.to].mkv" cannot be found for analysis|
2025-08-31 05:54:21|ERROR   |root                            |Video file "/downloads/Squid Game/Season 2/Squid.Game.S02E04.MULTI.480p.x264-mSD[EZTVx.to].mkv" cannot be found for analysis|
2025-08-31 05:54:21|ERROR   |root                            |Video file "/downloads/Squid Game/Season 2/squid.game.s02e05.720p.web.h264-sylix.mkv" cannot be found for analysis|
2025-08-31 05:54:21|ERROR   |root                            |Video file "/downloads/Squid Game/Season 2/Squid.Game.S02E06.MULTI.1080p.WEB.X264-HiggsBoson[EZTVx.to].mkv" cannot be found for analysis|
2025-08-31 05:54:21|ERROR   |root                            |Video file "/downloads/Squid Game/Season 2/Squid.Game.S02E07.FINAL.MULTI.480p.x264-mSD[EZTVx.to].mkv" cannot be found for analysis|
2025-08-31 05:54:21|ERROR   |root                            |Video file "/downloads/Squid Game/Squid Game - Season 3 [Dual Audio]/Season 3/Squid Game - S03E01 - Keys and Knives.mkv" cannot be found for analysis|
2025-08-31 05:54:21|ERROR   |root                            |Video file "/downloads/Squid Game/Squid Game - Season 3 [Dual Audio]/Season 3/Squid Game - S03E02 - The Starry Night.mkv" cannot be found for analysis|
2025-08-31 05:54:21|ERROR   |root                            |Video file "/downloads/Squid Game/Squid Game - Season 3 [Dual Audio]/Season 3/Squid Game - S03E03 - It's Not Your Fault.mkv" cannot be found for analysis|
2025-08-31 05:54:21|ERROR   |root                            |Video file "/downloads/Squid Game/Squid Game - Season 3 [Dual Audio]/Season 3/Squid Game - S03E04 - 222.mkv" cannot be found for analysis|
2025-08-31 05:54:21|ERROR   |root                            |Video file "/downloads/Squid Game/Squid Game - Season 3 [Dual Audio]/Season 3/Squid Game - S03E05 - ○△□.mkv" cannot be found for analysis|
2025-08-31 05:54:21|ERROR   |root                            |Video file "/downloads/Squid Game/Squid Game - Season 3 [Dual Audio]/Season 3/Squid Game - S03E06 - Humans Are....mkv" cannot be found for analysis|
2025-08-31 05:54:21|ERROR   |root                            |Video file "/downloads/Hierarchy.S01/Hierarchy.S01E01.DUAL-AUDIO.KOR-ENG.1080p.10bit.WEBRip.6CH.x265.HEVC-PSA.mkv" cannot be found for analysis|
2025-08-31 05:54:21|ERROR   |root                            |Video file "/downloads/Hierarchy.S01/Hierarchy.S01E02.DUAL-AUDIO.KOR-ENG.1080p.10bit.WEBRip.6CH.x265.HEVC-PSA.mkv" cannot be found for analysis|
2025-08-31 05:54:22|ERROR   |root                            |Video file "/downloads/Hierarchy.S01/Hierarchy.S01E03.DUAL-AUDIO.KOR-ENG.1080p.10bit.WEBRip.6CH.x265.HEVC-PSA.mkv" cannot be found for analysis|
2025-08-31 05:54:22|ERROR   |root                            |Video file "/downloads/Hierarchy.S01/Hierarchy.S01E04.DUAL-AUDIO.KOR-ENG.1080p.10bit.WEBRip.6CH.x265.HEVC-PSA.mkv" cannot be found for analysis|
2025-08-31 05:54:22|ERROR   |root                            |Video file "/downloads/Hierarchy.S01/Hierarchy.S01E05.DUAL-AUDIO.KOR-ENG.1080p.10bit.WEBRip.6CH.x265.HEVC-PSA.mkv" cannot be found for analysis|
2025-08-31 05:54:22|ERROR   |root                            |Video file "/downloads/Hierarchy.S01/Hierarchy.S01E06.DUAL-AUDIO.KOR-ENG.1080p.10bit.WEBRip.6CH.x265.HEVC-PSA.mkv" cannot be found for analysis|
2025-08-31 05:54:22|ERROR   |root                            |Video file "/downloads/Hierarchy.S01/Hierarchy.S01E07.DUAL-AUDIO.KOR-ENG.1080p.10bit.WEBRip.6CH.x265.HEVC-PSA.mkv" cannot be found for analysis|
2025-08-31 05:54:22|ERROR   |root                            |Video file "/downloads/Vigilante 2023/Season 1/Vigilante.S01E01.1080p.DNSP.WEBRip.x264.mkv" cannot be found for analysis|
2025-08-31 05:54:22|ERROR   |root                            |Video file "/downloads/Vigilante 2023/Season 1/Vigilante.S01E02.1080p.DNSP.WEBRip.x264.mkv" cannot be found for analysis|
2025-08-31 05:54:22|ERROR   |root                            |Video file "/downloads/Vigilante 2023/Season 1/Vigilante.S01E03.1080p.DNSP.WEBRip.x264.mkv" cannot be found for analysis|
2025-08-31 05:54:22|ERROR   |root                            |Video file "/downloads/Vigilante 2023/Season 1/Vigilante.S01E04.1080p.DNSP.WEBRip.x264.mkv" cannot be found for analysis|
2025-08-31 05:54:22|ERROR   |root                            |Video file "/downloads/Vigilante 2023/Season 1/Vigilante.S01E05.1080p.DNSP.WEBRip.x264.mkv" cannot be found for analysis|
2025-08-31 05:54:22|ERROR   |root                            |Video file "/downloads/Vigilante 2023/Season 1/Vigilante.S01E06.1080p.DNSP.WEBRip.x264.mkv" cannot be found for analysis|
2025-08-31 05:54:22|ERROR   |root                            |Video file "/downloads/Vigilante 2023/Season 1/Vigilante.S01E07.1080p.DNSP.WEBRip.x264.mkv" cannot be found for analysis|
2025-08-31 05:54:22|ERROR   |root                            |Video file "/downloads/Vigilante 2023/Season 1/Vigilante.S01E08.1080p.DNSP.WEBRip.x264.mkv" cannot be found for analysis|
2025-08-31 05:54:22|ERROR   |root                            |Video file "/downloads/The Witcher/Season 1/The.Witcher.S01E01.720p.NF.WEBRip.x264-GalaxyTV.mkv" cannot be found for analysis|
2025-08-31 05:54:22|ERROR   |root                            |Video file "/downloads/The Witcher/Season 1/The.Witcher.S01E02.720p.NF.WEBRip.x264-GalaxyTV.mkv" cannot be found for analysis|
2025-08-31 05:54:22|ERROR   |root                            |Video file "/downloads/The Witcher/Season 1/The.Witcher.S01E03.720p.NF.WEBRip.x264-GalaxyTV.mkv" cannot be found for analysis|
2025-08-31 05:54:22|ERROR   |root                            |Video file "/downloads/The Witcher/Season 1/The.Witcher.S01E04.720p.NF.WEBRip.x264-GalaxyTV.mkv" cannot be found for analysis|
2025-08-31 05:54:22|ERROR   |root                            |Video file "/downloads/The Witcher/Season 1/The.Witcher.S01E05.720p.NF.WEBRip.x264-GalaxyTV.mkv" cannot be found for analysis|
2025-08-31 05:54:22|ERROR   |root                            |Video file "/downloads/The Witcher/Season 1/The.Witcher.S01E06.720p.NF.WEBRip.x264-GalaxyTV.mkv" cannot be found for analysis|
2025-08-31 05:54:22|ERROR   |root                            |Video file "/downloads/The Witcher/Season 1/The.Witcher.S01E07.720p.NF.WEBRip.x264-GalaxyTV.mkv" cannot be found for analysis|
2025-08-31 05:54:22|ERROR   |root                            |Video file "/downloads/The Witcher/Season 1/The.Witcher.S01E08.720p.NF.WEBRip.x264-GalaxyTV.mkv" cannot be found for analysis|
2025-08-31 05:54:22|ERROR   |root                            |Video file "/downloads/The Witcher/Season 2/The.Witcher.S02E01.720p.NF.WEBRip.x264-GalaxyTV.mkv" cannot be found for analysis|
2025-08-31 05:54:22|ERROR   |root                            |Video file "/downloads/The Witcher/Season 2/The.Witcher.S02E02.720p.NF.WEBRip.x264-GalaxyTV.mkv" cannot be found for analysis|
2025-08-31 05:54:22|ERROR   |root                            |Video file "/downloads/The Witcher/Season 2/The.Witcher.S02E03.720p.NF.WEBRip.x264-GalaxyTV.mkv" cannot be found for analysis|
2025-08-31 05:54:22|ERROR   |root                            |Video file "/downloads/The Witcher/Season 2/The.Witcher.S02E04.720p.NF.WEBRip.x264-GalaxyTV.mkv" cannot be found for analysis|
2025-08-31 05:54:22|ERROR   |root                            |Video file "/downloads/The Witcher/Season 2/The.Witcher.S02E05.720p.NF.WEBRip.x264-GalaxyTV.mkv" cannot be found for analysis|
2025-08-31 05:54:22|ERROR   |root                            |Video file "/downloads/The Witcher/Season 2/The.Witcher.S02E06.720p.NF.WEBRip.x264-GalaxyTV.mkv" cannot be found for analysis|
2025-08-31 05:54:22|ERROR   |root                            |Video file "/downloads/The Witcher/Season 2/The.Witcher.S02E07.720p.NF.WEBRip.x264-GalaxyTV.mkv" cannot be found for analysis|
2025-08-31 05:54:22|ERROR   |root                            |Video file "/downloads/The Witcher/Season 2/The.Witcher.S02E08.720p.NF.WEBRip.x264-GalaxyTV.mkv" cannot be found for analysis|
2025-08-31 05:54:22|ERROR   |root                            |Video file "/downloads/The Witcher/Season 3/The Witcher - S03E01 - Shaerrawedd.mkv" cannot be found for analysis|
2025-08-31 05:54:22|ERROR   |root                            |Video file "/downloads/The Witcher/Season 3/The Witcher - S03E02 - Unbound.mkv" cannot be found for analysis|
2025-08-31 05:54:22|ERROR   |root                            |Video file "/downloads/The Witcher/Season 3/The Witcher - S03E03 - Reunion.mkv" cannot be found for analysis|
2025-08-31 05:54:22|ERROR   |root                            |Video file "/downloads/The Witcher/Season 3/The Witcher - S03E04 - The Invitation.mkv" cannot be found for analysis|
2025-08-31 05:54:22|ERROR   |root                            |Video file "/downloads/The Witcher/Season 3/The Witcher - S03E05 - The Art of the Illusion.mkv" cannot be found for analysis|
2025-08-31 05:54:22|ERROR   |root                            |Video file "/downloads/The Witcher/Season 3/The Witcher - S03E06 - Everybody Has a Plan 'til They Get Punched in the Face.mkv" cannot be found for analysis|
2025-08-31 05:54:22|ERROR   |root                            |Video file "/downloads/The Witcher/Season 3/The Witcher - S03E07 - Out of the Fire, Into the Frying Pan.mkv" cannot be found for analysis|
2025-08-31 05:54:22|ERROR   |root                            |Video file "/downloads/The Witcher/Season 3/The Witcher - S03E08 - The Cost of Chaos.mkv" cannot be found for analysis|
2025-08-31 05:54:22|ERROR   |root                            |Video file "/downloads/A shop for killers/Season 1/A.Shop.for.Killers.KOREAN.S01E01.2024.1080p.WEBRip.x265.HEVC-kkolev33.mkv" cannot be found for analysis|
2025-08-31 05:54:22|ERROR   |root                            |Video file "/downloads/A shop for killers/Season 1/A.Shop.for.Killers.KOREAN.S01E02.2024.1080p.WEBRip.x265.HEVC-kkolev33.mkv" cannot be found for analysis|
2025-08-31 05:54:22|ERROR   |root                            |Video file "/downloads/A shop for killers/Season 1/A.Shop.for.Killers.KOREAN.S01E03.2024.1080p.WEBRip.x265.HEVC-kkolev33.mkv" cannot be found for analysis|
2025-08-31 05:54:22|ERROR   |root                            |Video file "/downloads/A shop for killers/Season 1/A.Shop.for.Killers.KOREAN.S01E04.2024.1080p.WEBRip.x265.HEVC-kkolev33.mkv" cannot be found for analysis|
2025-08-31 05:54:22|ERROR   |root                            |Video file "/downloads/A shop for killers/Season 1/A.Shop.for.Killers.KOREAN.S01E05.2024.1080p.WEBRip.x265.HEVC-kkolev33.mkv" cannot be found for analysis|
2025-08-31 05:54:22|ERROR   |root                            |Video file "/downloads/A shop for killers/Season 1/A.Shop.for.Killers.KOREAN.S01E06.2024.1080p.WEBRip.x265.HEVC-kkolev33.mkv" cannot be found for analysis|
2025-08-31 05:54:22|ERROR   |root                            |Video file "/downloads/A shop for killers/Season 1/A.Shop.for.Killers.KOREAN.S01E07.2024.1080p.WEBRip.x265.HEVC-kkolev33.mkv" cannot be found for analysis|
2025-08-31 05:54:22|ERROR   |root                            |Video file "/downloads/A shop for killers/Season 1/A.Shop.for.Killers.KOREAN.S01E08.2024.1080p.WEBRip.x265.HEVC-kkolev33.mkv" cannot be found for analysis|
2025-08-31 05:54:22|ERROR   |root                            |Video file "/downloads/Tulsa King/Season 1/Tulsa.King.S01E01.720p.AMZN.WEBRip.x264-GalaxyTV.mkv" cannot be found for analysis|
2025-08-31 05:54:22|ERROR   |root                            |Video file "/downloads/Tulsa King/Season 1/Tulsa.King.S01E02.720p.AMZN.WEBRip.x264-GalaxyTV.mkv" cannot be found for analysis|
2025-08-31 05:54:22|ERROR   |root                            |Video file "/downloads/Tulsa King/Season 1/Tulsa.King.S01E03.720p.AMZN.WEBRip.x264-GalaxyTV.mkv" cannot be found for analysis|
2025-08-31 05:54:22|ERROR   |root                            |Video file "/downloads/Tulsa King/Season 1/Tulsa.King.S01E04.720p.AMZN.WEBRip.x264-GalaxyTV.mkv" cannot be found for analysis|
2025-08-31 05:54:22|ERROR   |root                            |Video file "/downloads/Tulsa King/Season 1/Tulsa.King.S01E05.720p.AMZN.WEBRip.x264-GalaxyTV.mkv" cannot be found for analysis|
2025-08-31 05:54:22|ERROR   |root                            |Video file "/downloads/Tulsa King/Season 1/Tulsa.King.S01E06.720p.AMZN.WEBRip.x264-GalaxyTV.mkv" cannot be found for analysis|
2025-08-31 05:54:22|ERROR   |root                            |Video file "/downloads/Tulsa King/Season 1/Tulsa.King.S01E07.720p.AMZN.WEBRip.x264-GalaxyTV.mkv" cannot be found for analysis|
2025-08-31 05:54:22|ERROR   |root                            |Video file "/downloads/Tulsa King/Season 1/Tulsa.King.S01E08.720p.AMZN.WEBRip.x264-GalaxyTV.mkv" cannot be found for analysis|
2025-08-31 05:54:22|ERROR   |root                            |Video file "/downloads/Tulsa King/Season 1/Tulsa.King.S01E09.720p.AMZN.WEBRip.x264-GalaxyTV.mkv" cannot be found for analysis|
2025-08-31 05:54:22|ERROR   |root                            |Video file "/downloads/Tulsa King/Season 2/Tulsa.King.S02E01.480p.x264-RUBiK.mkv" cannot be found for analysis|
2025-08-31 05:54:22|ERROR   |root                            |Video file "/downloads/Tulsa King/Season 2/Tulsa.King.S02E02.480p.x264-RUBiK.mkv" cannot be found for analysis|
2025-08-31 05:54:22|ERROR   |root                            |Video file "/downloads/Tulsa King/Season 2/Tulsa.King.S02E03.480p.x264-RUBiK.mkv" cannot be found for analysis|
2025-08-31 05:54:22|ERROR   |root                            |Video file "/downloads/Tulsa King/Season 2/Tulsa.King.S02E04.480p.x264-RUBiK.mkv" cannot be found for analysis|
2025-08-31 05:54:22|ERROR   |root                            |Video file "/downloads/Tulsa King/Season 2/Tulsa.King.S02E05.480p.x264-RUBiK.mkv" cannot be found for analysis|
2025-08-31 05:54:22|ERROR   |root                            |Video file "/downloads/Tulsa King/Season 2/Tulsa.King.S02E06.480p.x264-RUBiK.mkv" cannot be found for analysis|
2025-08-31 05:54:22|ERROR   |root                            |Video file "/downloads/Tulsa King/Season 2/Tulsa.King.S02E07.480p.x264-RUBiK.mkv" cannot be found for analysis|
2025-08-31 05:54:22|ERROR   |root                            |Video file "/downloads/Tulsa King/Season 2/Tulsa.King.S02E08.480p.x264-RUBiK.mkv" cannot be found for analysis|
2025-08-31 05:54:22|ERROR   |root                            |Video file "/downloads/Tulsa King/Season 2/Tulsa.King.S02E09.480p.x264-RUBiK.mkv" cannot be found for analysis|
2025-08-31 05:54:22|ERROR   |root                            |Video file "/downloads/Tulsa King/Season 2/Tulsa.King.S02E10.480p.x264-RUBiK.mkv" cannot be found for analysis|
2025-08-31 06:04:47|ERROR   |root                            |Error trying to get announcements from Github. Connection Error.|'Traceback (most recent call last):\n  File "/app/bazarr/bin/bazarr/../libs/urllib3/connection.py", line 199, in _new_conn\n    sock = connection.create_connection(\n           ^^^^^^^^^^^^^^^^^^^^^^^^^^^^^\n  File "/app/bazarr/bin/bazarr/../custom_libs/subliminal_patch/http.py", line 325, in patched_create_connection\n    return _orig_create_connection(address, *args, **kwargs)\n           ^^^^^^^^^^^^^^^^^^^^^^^^^^^^^^^^^^^^^^^^^^^^^^^^^\n  File "/app/bazarr/bin/bazarr/../libs/urllib3/util/connection.py", line 60, in create_connection\n    for res in socket.getaddrinfo(host, port, family, socket.SOCK_STREAM):\n               ^^^^^^^^^^^^^^^^^^^^^^^^^^^^^^^^^^^^^^^^^^^^^^^^^^^^^^^^^^\n  File "/usr/lib/python3.12/socket.py", line 978, in getaddrinfo\n    for res in _socket.getaddrinfo(host, port, family, type, proto, flags):\n               ^^^^^^^^^^^^^^^^^^^^^^^^^^^^^^^^^^^^^^^^^^^^^^^^^^^^^^^^^^^\nsocket.gaierror: [Errno -3] Try again\n\nThe above exception was the direct cause of the following exception:\n\nTraceback (most recent call last):\n  File "/app/bazarr/bin/bazarr/../libs/urllib3/connectionpool.py", line 789, in urlopen\n    response = self._make_request(\n               ^^^^^^^^^^^^^^^^^^^\n  File "/app/bazarr/bin/bazarr/../libs/urllib3/connectionpool.py", line 490, in _make_request\n    raise new_e\n  File "/app/bazarr/bin/bazarr/../libs/urllib3/connectionpool.py", line 466, in _make_request\n    self._validate_conn(conn)\n  File "/app/bazarr/bin/bazarr/../libs/urllib3/connectionpool.py", line 1095, in _validate_conn\n    conn.connect()\n  File "/app/bazarr/bin/bazarr/../libs/urllib3/connection.py", line 693, in connect\n    self.sock = sock = self._new_conn()\n                       ^^^^^^^^^^^^^^^^\n  File "/app/bazarr/bin/bazarr/../libs/urllib3/connection.py", line 206, in _new_conn\n    raise NameResolutionError(self.host, self, e) from e\nurllib3.exceptions.NameResolutionError: <urllib3.connection.HTTPSConnection object at 0x7fb912c0ce90>: Failed to resolve \'raw.githubusercontent.com\' ([Errno -3] Try again)\n\nThe above exception was the direct cause of the following exception:\n\nTraceback (most recent call last):\n  File "/app/bazarr/bin/bazarr/../libs/requests/adapters.py", line 667, in send\n    resp = conn.urlopen(\n           ^^^^^^^^^^^^^\n  File "/app/bazarr/bin/bazarr/../libs/urllib3/connectionpool.py", line 843, in urlopen\n    retries = retries.increment(\n              ^^^^^^^^^^^^^^^^^^\n  File "/app/bazarr/bin/bazarr/../libs/urllib3/util/retry.py", line 519, in increment\n    raise MaxRetryError(_pool, url, reason) from reason  # type: ignore[arg-type]\n    ^^^^^^^^^^^^^^^^^^^^^^^^^^^^^^^^^^^^^^^^^^^^^^^^^^^\nurllib3.exceptions.MaxRetryError: HTTPSConnectionPool(host=\'raw.githubusercontent.com\', port=443): Max retries exceeded with url: /morpheus65535/bazarr-binaries/master/announcements.json (Caused by NameResolutionError("<urllib3.connection.HTTPSConnection object at 0x7fb912c0ce90>: Failed to resolve \'raw.githubusercontent.com\' ([Errno -3] Try again)"))\n\nDuring handling of the above exception, another exception occurred:\n\nTraceback (most recent call last):\n  File "/app/bazarr/bin/bazarr/app/announcements.py", line 53, in get_announcements_to_file\n    r = requests.get("https://raw.githubusercontent.com/morpheus65535/bazarr-binaries/master/announcements.json",\n        ^^^^^^^^^^^^^^^^^^^^^^^^^^^^^^^^^^^^^^^^^^^^^^^^^^^^^^^^^^^^^^^^^^^^^^^^^^^^^^^^^^^^^^^^^^^^^^^^^^^^^^^^^\n  File "/app/bazarr/bin/bazarr/../libs/requests/api.py", line 73, in get\n    return request("get", url, params=params, **kwargs)\n           ^^^^^^^^^^^^^^^^^^^^^^^^^^^^^^^^^^^^^^^^^^^^\n  File "/app/bazarr/bin/bazarr/../libs/requests/api.py", line 59, in request\n    return session.request(method=method, url=url, **kwargs)\n           ^^^^^^^^^^^^^^^^^^^^^^^^^^^^^^^^^^^^^^^^^^^^^^^^^\n  File "/app/bazarr/bin/bazarr/../libs/requests/sessions.py", line 589, in request\n    resp = self.send(prep, **send_kwargs)\n           ^^^^^^^^^^^^^^^^^^^^^^^^^^^^^^\n  File "/app/bazarr/bin/bazarr/../libs/requests/sessions.py", line 703, in send\n    r = adapter.send(request, **kwargs)\n        ^^^^^^^^^^^^^^^^^^^^^^^^^^^^^^^\n  File "/app/bazarr/bin/bazarr/../libs/requests/adapters.py", line 700, in send\n    raise ConnectionError(e, request=request)\nrequests.exceptions.ConnectionError: HTTPSConnectionPool(host=\'raw.githubusercontent.com\', port=443): Max retries exceeded with url: /morpheus65535/bazarr-binaries/master/announcements.json (Caused by NameResolutionError("<urllib3.connection.HTTPSConnection object at 0x7fb912c0ce90>: Failed to resolve \'raw.githubusercontent.com\' ([Errno -3] Try again)"))'|
2025-08-31 06:04:52|ERROR   |root                            |Error trying to get releases from Github. Connection Error.|'Traceback (most recent call last):\n  File "/app/bazarr/bin/bazarr/../libs/urllib3/connection.py", line 199, in _new_conn\n    sock = connection.create_connection(\n           ^^^^^^^^^^^^^^^^^^^^^^^^^^^^^\n  File "/app/bazarr/bin/bazarr/../custom_libs/subliminal_patch/http.py", line 325, in patched_create_connection\n    return _orig_create_connection(address, *args, **kwargs)\n           ^^^^^^^^^^^^^^^^^^^^^^^^^^^^^^^^^^^^^^^^^^^^^^^^^\n  File "/app/bazarr/bin/bazarr/../libs/urllib3/util/connection.py", line 60, in create_connection\n    for res in socket.getaddrinfo(host, port, family, socket.SOCK_STREAM):\n               ^^^^^^^^^^^^^^^^^^^^^^^^^^^^^^^^^^^^^^^^^^^^^^^^^^^^^^^^^^\n  File "/usr/lib/python3.12/socket.py", line 978, in getaddrinfo\n    for res in _socket.getaddrinfo(host, port, family, type, proto, flags):\n               ^^^^^^^^^^^^^^^^^^^^^^^^^^^^^^^^^^^^^^^^^^^^^^^^^^^^^^^^^^^\nsocket.gaierror: [Errno -3] Try again\n\nThe above exception was the direct cause of the following exception:\n\nTraceback (most recent call last):\n  File "/app/bazarr/bin/bazarr/../libs/urllib3/connectionpool.py", line 789, in urlopen\n    response = self._make_request(\n               ^^^^^^^^^^^^^^^^^^^\n  File "/app/bazarr/bin/bazarr/../libs/urllib3/connectionpool.py", line 490, in _make_request\n    raise new_e\n  File "/app/bazarr/bin/bazarr/../libs/urllib3/connectionpool.py", line 466, in _make_request\n    self._validate_conn(conn)\n  File "/app/bazarr/bin/bazarr/../libs/urllib3/connectionpool.py", line 1095, in _validate_conn\n    conn.connect()\n  File "/app/bazarr/bin/bazarr/../libs/urllib3/connection.py", line 693, in connect\n    self.sock = sock = self._new_conn()\n                       ^^^^^^^^^^^^^^^^\n  File "/app/bazarr/bin/bazarr/../libs/urllib3/connection.py", line 206, in _new_conn\n    raise NameResolutionError(self.host, self, e) from e\nurllib3.exceptions.NameResolutionError: <urllib3.connection.HTTPSConnection object at 0x7fb912c1d430>: Failed to resolve \'api.github.com\' ([Errno -3] Try again)\n\nThe above exception was the direct cause of the following exception:\n\nTraceback (most recent call last):\n  File "/app/bazarr/bin/bazarr/../libs/requests/adapters.py", line 667, in send\n    resp = conn.urlopen(\n           ^^^^^^^^^^^^^\n  File "/app/bazarr/bin/bazarr/../libs/urllib3/connectionpool.py", line 843, in urlopen\n    retries = retries.increment(\n              ^^^^^^^^^^^^^^^^^^\n  File "/app/bazarr/bin/bazarr/../libs/urllib3/util/retry.py", line 519, in increment\n    raise MaxRetryError(_pool, url, reason) from reason  # type: ignore[arg-type]\n    ^^^^^^^^^^^^^^^^^^^^^^^^^^^^^^^^^^^^^^^^^^^^^^^^^^^\nurllib3.exceptions.MaxRetryError: HTTPSConnectionPool(host=\'api.github.com\', port=443): Max retries exceeded with url: /repos/morpheus65535/Bazarr/releases?per_page=100 (Caused by NameResolutionError("<urllib3.connection.HTTPSConnection object at 0x7fb912c1d430>: Failed to resolve \'api.github.com\' ([Errno -3] Try again)"))\n\nDuring handling of the above exception, another exception occurred:\n\nTraceback (most recent call last):\n  File "/app/bazarr/bin/bazarr/app/check_update.py", line 28, in check_releases\n    r = requests.get(url_releases, allow_redirects=True, timeout=15)\n        ^^^^^^^^^^^^^^^^^^^^^^^^^^^^^^^^^^^^^^^^^^^^^^^^^^^^^^^^^^^^\n  File "/app/bazarr/bin/bazarr/../libs/requests/api.py", line 73, in get\n    return request("get", url, params=params, **kwargs)\n           ^^^^^^^^^^^^^^^^^^^^^^^^^^^^^^^^^^^^^^^^^^^^\n  File "/app/bazarr/bin/bazarr/../libs/requests/api.py", line 59, in request\n    return session.request(method=method, url=url, **kwargs)\n           ^^^^^^^^^^^^^^^^^^^^^^^^^^^^^^^^^^^^^^^^^^^^^^^^^\n  File "/app/bazarr/bin/bazarr/../libs/requests/sessions.py", line 589, in request\n    resp = self.send(prep, **send_kwargs)\n           ^^^^^^^^^^^^^^^^^^^^^^^^^^^^^^\n  File "/app/bazarr/bin/bazarr/../libs/requests/sessions.py", line 703, in send\n    r = adapter.send(request, **kwargs)\n        ^^^^^^^^^^^^^^^^^^^^^^^^^^^^^^^\n  File "/app/bazarr/bin/bazarr/../libs/requests/adapters.py", line 700, in send\n    raise ConnectionError(e, request=request)\nrequests.exceptions.ConnectionError: HTTPSConnectionPool(host=\'api.github.com\', port=443): Max retries exceeded with url: /repos/morpheus65535/Bazarr/releases?per_page=100 (Caused by NameResolutionError("<urllib3.connection.HTTPSConnection object at 0x7fb912c1d430>: Failed to resolve \'api.github.com\' ([Errno -3] Try again)"))'|
2025-08-31 06:04:53|INFO    |root                            |Scheduler will use this timezone: Asia/Jakarta|
2025-08-31 06:04:59|ERROR   |root                            |Error trying to get announcements from Github. Connection Error.|'Traceback (most recent call last):\n  File "/app/bazarr/bin/bazarr/../libs/urllib3/connection.py", line 199, in _new_conn\n    sock = connection.create_connection(\n           ^^^^^^^^^^^^^^^^^^^^^^^^^^^^^\n  File "/app/bazarr/bin/bazarr/../custom_libs/subliminal_patch/http.py", line 325, in patched_create_connection\n    return _orig_create_connection(address, *args, **kwargs)\n           ^^^^^^^^^^^^^^^^^^^^^^^^^^^^^^^^^^^^^^^^^^^^^^^^^\n  File "/app/bazarr/bin/bazarr/../libs/urllib3/util/connection.py", line 60, in create_connection\n    for res in socket.getaddrinfo(host, port, family, socket.SOCK_STREAM):\n               ^^^^^^^^^^^^^^^^^^^^^^^^^^^^^^^^^^^^^^^^^^^^^^^^^^^^^^^^^^\n  File "/usr/lib/python3.12/socket.py", line 978, in getaddrinfo\n    for res in _socket.getaddrinfo(host, port, family, type, proto, flags):\n               ^^^^^^^^^^^^^^^^^^^^^^^^^^^^^^^^^^^^^^^^^^^^^^^^^^^^^^^^^^^\nsocket.gaierror: [Errno -3] Try again\n\nThe above exception was the direct cause of the following exception:\n\nTraceback (most recent call last):\n  File "/app/bazarr/bin/bazarr/../libs/urllib3/connectionpool.py", line 789, in urlopen\n    response = self._make_request(\n               ^^^^^^^^^^^^^^^^^^^\n  File "/app/bazarr/bin/bazarr/../libs/urllib3/connectionpool.py", line 490, in _make_request\n    raise new_e\n  File "/app/bazarr/bin/bazarr/../libs/urllib3/connectionpool.py", line 466, in _make_request\n    self._validate_conn(conn)\n  File "/app/bazarr/bin/bazarr/../libs/urllib3/connectionpool.py", line 1095, in _validate_conn\n    conn.connect()\n  File "/app/bazarr/bin/bazarr/../libs/urllib3/connection.py", line 693, in connect\n    self.sock = sock = self._new_conn()\n                       ^^^^^^^^^^^^^^^^\n  File "/app/bazarr/bin/bazarr/../libs/urllib3/connection.py", line 206, in _new_conn\n    raise NameResolutionError(self.host, self, e) from e\nurllib3.exceptions.NameResolutionError: <urllib3.connection.HTTPSConnection object at 0x7fb911287680>: Failed to resolve \'raw.githubusercontent.com\' ([Errno -3] Try again)\n\nThe above exception was the direct cause of the following exception:\n\nTraceback (most recent call last):\n  File "/app/bazarr/bin/bazarr/../libs/requests/adapters.py", line 667, in send\n    resp = conn.urlopen(\n           ^^^^^^^^^^^^^\n  File "/app/bazarr/bin/bazarr/../libs/urllib3/connectionpool.py", line 843, in urlopen\n    retries = retries.increment(\n              ^^^^^^^^^^^^^^^^^^\n  File "/app/bazarr/bin/bazarr/../libs/urllib3/util/retry.py", line 519, in increment\n    raise MaxRetryError(_pool, url, reason) from reason  # type: ignore[arg-type]\n    ^^^^^^^^^^^^^^^^^^^^^^^^^^^^^^^^^^^^^^^^^^^^^^^^^^^\nurllib3.exceptions.MaxRetryError: HTTPSConnectionPool(host=\'raw.githubusercontent.com\', port=443): Max retries exceeded with url: /morpheus65535/bazarr-binaries/master/announcements.json (Caused by NameResolutionError("<urllib3.connection.HTTPSConnection object at 0x7fb911287680>: Failed to resolve \'raw.githubusercontent.com\' ([Errno -3] Try again)"))\n\nDuring handling of the above exception, another exception occurred:\n\nTraceback (most recent call last):\n  File "/app/bazarr/bin/bazarr/app/announcements.py", line 53, in get_announcements_to_file\n    r = requests.get("https://raw.githubusercontent.com/morpheus65535/bazarr-binaries/master/announcements.json",\n        ^^^^^^^^^^^^^^^^^^^^^^^^^^^^^^^^^^^^^^^^^^^^^^^^^^^^^^^^^^^^^^^^^^^^^^^^^^^^^^^^^^^^^^^^^^^^^^^^^^^^^^^^^\n  File "/app/bazarr/bin/bazarr/../libs/requests/api.py", line 73, in get\n    return request("get", url, params=params, **kwargs)\n           ^^^^^^^^^^^^^^^^^^^^^^^^^^^^^^^^^^^^^^^^^^^^\n  File "/app/bazarr/bin/bazarr/../libs/requests/api.py", line 59, in request\n    return session.request(method=method, url=url, **kwargs)\n           ^^^^^^^^^^^^^^^^^^^^^^^^^^^^^^^^^^^^^^^^^^^^^^^^^\n  File "/app/bazarr/bin/bazarr/../libs/requests/sessions.py", line 589, in request\n    resp = self.send(prep, **send_kwargs)\n           ^^^^^^^^^^^^^^^^^^^^^^^^^^^^^^\n  File "/app/bazarr/bin/bazarr/../libs/requests/sessions.py", line 703, in send\n    r = adapter.send(request, **kwargs)\n        ^^^^^^^^^^^^^^^^^^^^^^^^^^^^^^^\n  File "/app/bazarr/bin/bazarr/../libs/requests/adapters.py", line 700, in send\n    raise ConnectionError(e, request=request)\nrequests.exceptions.ConnectionError: HTTPSConnectionPool(host=\'raw.githubusercontent.com\', port=443): Max retries exceeded with url: /morpheus65535/bazarr-binaries/master/announcements.json (Caused by NameResolutionError("<urllib3.connection.HTTPSConnection object at 0x7fb911287680>: Failed to resolve \'raw.githubusercontent.com\' ([Errno -3] Try again)"))'|
2025-08-31 06:04:59|INFO    |waitress                        |BAZARR is started and waiting for requests on: http://***.***.***.***:6767|
2025-08-31 06:04:59|INFO    |root                            |BAZARR trying to connect to Radarr SignalR feed...|
2025-08-31 06:04:59|INFO    |root                            |BAZARR trying to connect to Sonarr SignalR feed...|
2025-08-31 06:04:59|INFO    |waitress                        |BAZARR is started and waiting for requests on: http://[::]:6767|
2025-08-31 06:05:00|INFO    |root                            |BAZARR SignalR client for Sonarr is connected and waiting for events.|
2025-08-31 06:05:00|INFO    |root                            |BAZARR SignalR client for Radarr is connected and waiting for events.|
2025-08-31 06:05:00|ERROR   |root                            |Video file "/downloads/Wednesday/season 01/Wednesday.S01E01.WEBRip.x264-ION10[eztv.re].mp4" cannot be found for analysis|
2025-08-31 06:05:00|ERROR   |root                            |Video file "/downloads/Wednesday/season 01/Wednesday.S01E02.WEBRip.x264-ION10[eztv.re].mp4" cannot be found for analysis|
2025-08-31 06:05:00|ERROR   |root                            |Video file "/downloads/Wednesday/season 01/Wednesday.S01E03.WEBRip.x264-ION10[eztv.re].mp4" cannot be found for analysis|
2025-08-31 06:05:00|ERROR   |root                            |Video file "/downloads/Wednesday/season 01/Wednesday.S01E04.WEBRip.x264-ION10[eztv.re].mp4" cannot be found for analysis|
2025-08-31 06:05:00|ERROR   |root                            |Video file "/downloads/Wednesday/season 01/Wednesday.S01E05.WEBRip.x264-ION10[eztv.re].mp4" cannot be found for analysis|
2025-08-31 06:05:00|ERROR   |root                            |Video file "/downloads/Wednesday/season 01/Wednesday.S01E06.WEBRip.x264-ION10[eztv.re].mp4" cannot be found for analysis|
2025-08-31 06:05:00|ERROR   |root                            |Video file "/downloads/Wednesday/season 01/Wednesday.S01E07.WEBRip.x264-ION10[eztv.re].mp4" cannot be found for analysis|
2025-08-31 06:05:00|ERROR   |root                            |Video file "/downloads/Wednesday/season 01/Wednesday.S01E08.WEBRip.x264-ION10[eztv.re].mp4" cannot be found for analysis|
2025-08-31 06:05:00|ERROR   |root                            |Video file "/downloads/Wednesday/season 2/Wednesday S02E01 720p x264-FENiX[EZTVx.to].mkv" cannot be found for analysis|
2025-08-31 06:05:00|ERROR   |root                            |Video file "/downloads/Wednesday/season 2/Wednesday S02E02 720p x264-FENiX.mkv" cannot be found for analysis|
2025-08-31 06:05:00|ERROR   |root                            |Video file "/downloads/Wednesday/season 2/Wednesday S02E03 720p x264-FENiX.mkv" cannot be found for analysis|
2025-08-31 06:05:00|ERROR   |root                            |Video file "/downloads/Wednesday/season 2/Wednesday S02E04 720p x264-FENiX.mkv" cannot be found for analysis|
2025-08-31 06:05:00|ERROR   |root                            |Video file "/downloads/Squid Game/Season 2/Squid.Game.S02E01.480p.x264-mSD[EZTVx.to].mkv" cannot be found for analysis|
2025-08-31 06:05:00|ERROR   |root                            |Video file "/downloads/Squid Game/Season 2/Squid.Game.S02E02.MULTI.480p.x264-mSD[EZTVx.to].mkv" cannot be found for analysis|
2025-08-31 06:05:00|ERROR   |root                            |Video file "/downloads/Squid Game/Season 2/Squid.Game.S02E03.MULTI.480p.x264-mSD[EZTVx.to].mkv" cannot be found for analysis|
2025-08-31 06:05:00|ERROR   |root                            |Video file "/downloads/Squid Game/Season 2/Squid.Game.S02E04.MULTI.480p.x264-mSD[EZTVx.to].mkv" cannot be found for analysis|
2025-08-31 06:05:00|ERROR   |root                            |Video file "/downloads/Squid Game/Season 2/squid.game.s02e05.720p.web.h264-sylix.mkv" cannot be found for analysis|
2025-08-31 06:05:00|ERROR   |root                            |Video file "/downloads/Squid Game/Season 2/Squid.Game.S02E06.MULTI.1080p.WEB.X264-HiggsBoson[EZTVx.to].mkv" cannot be found for analysis|
2025-08-31 06:05:00|ERROR   |root                            |Video file "/downloads/Squid Game/Season 2/Squid.Game.S02E07.FINAL.MULTI.480p.x264-mSD[EZTVx.to].mkv" cannot be found for analysis|
2025-08-31 06:05:00|ERROR   |root                            |Video file "/downloads/Squid Game/Squid Game - Season 3 [Dual Audio]/Season 3/Squid Game - S03E01 - Keys and Knives.mkv" cannot be found for analysis|
2025-08-31 06:05:00|ERROR   |root                            |Video file "/downloads/Squid Game/Squid Game - Season 3 [Dual Audio]/Season 3/Squid Game - S03E02 - The Starry Night.mkv" cannot be found for analysis|
2025-08-31 06:05:00|ERROR   |root                            |Video file "/downloads/Squid Game/Squid Game - Season 3 [Dual Audio]/Season 3/Squid Game - S03E03 - It's Not Your Fault.mkv" cannot be found for analysis|
2025-08-31 06:05:00|ERROR   |root                            |Video file "/downloads/Squid Game/Squid Game - Season 3 [Dual Audio]/Season 3/Squid Game - S03E04 - 222.mkv" cannot be found for analysis|
2025-08-31 06:05:00|ERROR   |root                            |Video file "/downloads/Squid Game/Squid Game - Season 3 [Dual Audio]/Season 3/Squid Game - S03E05 - ○△□.mkv" cannot be found for analysis|
2025-08-31 06:05:00|ERROR   |root                            |Video file "/downloads/Squid Game/Squid Game - Season 3 [Dual Audio]/Season 3/Squid Game - S03E06 - Humans Are....mkv" cannot be found for analysis|
2025-08-31 06:05:00|ERROR   |root                            |Video file "/downloads/Hierarchy.S01/Hierarchy.S01E01.DUAL-AUDIO.KOR-ENG.1080p.10bit.WEBRip.6CH.x265.HEVC-PSA.mkv" cannot be found for analysis|
2025-08-31 06:05:00|ERROR   |root                            |Video file "/downloads/Hierarchy.S01/Hierarchy.S01E02.DUAL-AUDIO.KOR-ENG.1080p.10bit.WEBRip.6CH.x265.HEVC-PSA.mkv" cannot be found for analysis|
2025-08-31 06:05:00|ERROR   |root                            |Video file "/downloads/Hierarchy.S01/Hierarchy.S01E03.DUAL-AUDIO.KOR-ENG.1080p.10bit.WEBRip.6CH.x265.HEVC-PSA.mkv" cannot be found for analysis|
2025-08-31 06:05:00|ERROR   |root                            |Video file "/downloads/Hierarchy.S01/Hierarchy.S01E04.DUAL-AUDIO.KOR-ENG.1080p.10bit.WEBRip.6CH.x265.HEVC-PSA.mkv" cannot be found for analysis|
2025-08-31 06:05:00|ERROR   |root                            |Video file "/downloads/Hierarchy.S01/Hierarchy.S01E05.DUAL-AUDIO.KOR-ENG.1080p.10bit.WEBRip.6CH.x265.HEVC-PSA.mkv" cannot be found for analysis|
2025-08-31 06:05:00|ERROR   |root                            |Video file "/downloads/Hierarchy.S01/Hierarchy.S01E06.DUAL-AUDIO.KOR-ENG.1080p.10bit.WEBRip.6CH.x265.HEVC-PSA.mkv" cannot be found for analysis|
2025-08-31 06:05:00|ERROR   |root                            |Video file "/downloads/Hierarchy.S01/Hierarchy.S01E07.DUAL-AUDIO.KOR-ENG.1080p.10bit.WEBRip.6CH.x265.HEVC-PSA.mkv" cannot be found for analysis|
2025-08-31 06:05:00|ERROR   |root                            |Video file "/downloads/Vigilante 2023/Season 1/Vigilante.S01E01.1080p.DNSP.WEBRip.x264.mkv" cannot be found for analysis|
2025-08-31 06:05:00|ERROR   |root                            |Video file "/downloads/Vigilante 2023/Season 1/Vigilante.S01E02.1080p.DNSP.WEBRip.x264.mkv" cannot be found for analysis|
2025-08-31 06:05:00|ERROR   |root                            |Video file "/downloads/Vigilante 2023/Season 1/Vigilante.S01E03.1080p.DNSP.WEBRip.x264.mkv" cannot be found for analysis|
2025-08-31 06:05:00|ERROR   |root                            |Video file "/downloads/Vigilante 2023/Season 1/Vigilante.S01E04.1080p.DNSP.WEBRip.x264.mkv" cannot be found for analysis|
2025-08-31 06:05:00|ERROR   |root                            |Video file "/downloads/Vigilante 2023/Season 1/Vigilante.S01E05.1080p.DNSP.WEBRip.x264.mkv" cannot be found for analysis|
2025-08-31 06:05:00|ERROR   |root                            |Video file "/downloads/Vigilante 2023/Season 1/Vigilante.S01E06.1080p.DNSP.WEBRip.x264.mkv" cannot be found for analysis|
2025-08-31 06:05:00|ERROR   |root                            |Video file "/downloads/Vigilante 2023/Season 1/Vigilante.S01E07.1080p.DNSP.WEBRip.x264.mkv" cannot be found for analysis|
2025-08-31 06:05:00|ERROR   |root                            |Video file "/downloads/Vigilante 2023/Season 1/Vigilante.S01E08.1080p.DNSP.WEBRip.x264.mkv" cannot be found for analysis|
2025-08-31 06:05:00|ERROR   |root                            |Video file "/downloads/The Witcher/Season 1/The.Witcher.S01E01.720p.NF.WEBRip.x264-GalaxyTV.mkv" cannot be found for analysis|
2025-08-31 06:05:00|ERROR   |root                            |Video file "/downloads/The Witcher/Season 1/The.Witcher.S01E02.720p.NF.WEBRip.x264-GalaxyTV.mkv" cannot be found for analysis|
2025-08-31 06:05:00|ERROR   |root                            |Video file "/downloads/The Witcher/Season 1/The.Witcher.S01E03.720p.NF.WEBRip.x264-GalaxyTV.mkv" cannot be found for analysis|
2025-08-31 06:05:00|ERROR   |root                            |Video file "/downloads/The Witcher/Season 1/The.Witcher.S01E04.720p.NF.WEBRip.x264-GalaxyTV.mkv" cannot be found for analysis|
2025-08-31 06:05:00|ERROR   |root                            |Video file "/downloads/The Witcher/Season 1/The.Witcher.S01E05.720p.NF.WEBRip.x264-GalaxyTV.mkv" cannot be found for analysis|
2025-08-31 06:05:00|ERROR   |root                            |Video file "/downloads/The Witcher/Season 1/The.Witcher.S01E06.720p.NF.WEBRip.x264-GalaxyTV.mkv" cannot be found for analysis|
2025-08-31 06:05:00|ERROR   |root                            |Video file "/downloads/The Witcher/Season 1/The.Witcher.S01E07.720p.NF.WEBRip.x264-GalaxyTV.mkv" cannot be found for analysis|
2025-08-31 06:05:00|ERROR   |root                            |Video file "/downloads/The Witcher/Season 1/The.Witcher.S01E08.720p.NF.WEBRip.x264-GalaxyTV.mkv" cannot be found for analysis|
2025-08-31 06:05:00|ERROR   |root                            |Video file "/downloads/The Witcher/Season 2/The.Witcher.S02E01.720p.NF.WEBRip.x264-GalaxyTV.mkv" cannot be found for analysis|
2025-08-31 06:05:00|ERROR   |root                            |Video file "/downloads/The Witcher/Season 2/The.Witcher.S02E02.720p.NF.WEBRip.x264-GalaxyTV.mkv" cannot be found for analysis|
2025-08-31 06:05:00|ERROR   |root                            |Video file "/downloads/The Witcher/Season 2/The.Witcher.S02E03.720p.NF.WEBRip.x264-GalaxyTV.mkv" cannot be found for analysis|
2025-08-31 06:05:00|ERROR   |root                            |Video file "/downloads/The Witcher/Season 2/The.Witcher.S02E04.720p.NF.WEBRip.x264-GalaxyTV.mkv" cannot be found for analysis|
2025-08-31 06:05:00|ERROR   |root                            |Video file "/downloads/The Witcher/Season 2/The.Witcher.S02E05.720p.NF.WEBRip.x264-GalaxyTV.mkv" cannot be found for analysis|
2025-08-31 06:05:00|ERROR   |root                            |Video file "/downloads/The Witcher/Season 2/The.Witcher.S02E06.720p.NF.WEBRip.x264-GalaxyTV.mkv" cannot be found for analysis|
2025-08-31 06:05:00|ERROR   |root                            |Video file "/downloads/The Witcher/Season 2/The.Witcher.S02E07.720p.NF.WEBRip.x264-GalaxyTV.mkv" cannot be found for analysis|
2025-08-31 06:05:00|ERROR   |root                            |Video file "/downloads/The Witcher/Season 2/The.Witcher.S02E08.720p.NF.WEBRip.x264-GalaxyTV.mkv" cannot be found for analysis|
2025-08-31 06:05:00|ERROR   |root                            |Video file "/downloads/The Witcher/Season 3/The Witcher - S03E01 - Shaerrawedd.mkv" cannot be found for analysis|
2025-08-31 06:05:00|ERROR   |root                            |Video file "/downloads/The Witcher/Season 3/The Witcher - S03E02 - Unbound.mkv" cannot be found for analysis|
2025-08-31 06:05:00|ERROR   |root                            |Video file "/downloads/The Witcher/Season 3/The Witcher - S03E03 - Reunion.mkv" cannot be found for analysis|
2025-08-31 06:05:00|ERROR   |root                            |Video file "/downloads/The Witcher/Season 3/The Witcher - S03E04 - The Invitation.mkv" cannot be found for analysis|
2025-08-31 06:05:00|ERROR   |root                            |Video file "/downloads/The Witcher/Season 3/The Witcher - S03E05 - The Art of the Illusion.mkv" cannot be found for analysis|
2025-08-31 06:05:00|ERROR   |root                            |Video file "/downloads/The Witcher/Season 3/The Witcher - S03E06 - Everybody Has a Plan 'til They Get Punched in the Face.mkv" cannot be found for analysis|
2025-08-31 06:05:00|ERROR   |root                            |Video file "/downloads/The Witcher/Season 3/The Witcher - S03E07 - Out of the Fire, Into the Frying Pan.mkv" cannot be found for analysis|
2025-08-31 06:05:00|ERROR   |root                            |Video file "/downloads/The Witcher/Season 3/The Witcher - S03E08 - The Cost of Chaos.mkv" cannot be found for analysis|
2025-08-31 06:05:00|ERROR   |root                            |Video file "/downloads/A shop for killers/Season 1/A.Shop.for.Killers.KOREAN.S01E01.2024.1080p.WEBRip.x265.HEVC-kkolev33.mkv" cannot be found for analysis|
2025-08-31 06:05:00|ERROR   |root                            |Video file "/downloads/A shop for killers/Season 1/A.Shop.for.Killers.KOREAN.S01E02.2024.1080p.WEBRip.x265.HEVC-kkolev33.mkv" cannot be found for analysis|
2025-08-31 06:05:00|ERROR   |root                            |Video file "/downloads/A shop for killers/Season 1/A.Shop.for.Killers.KOREAN.S01E03.2024.1080p.WEBRip.x265.HEVC-kkolev33.mkv" cannot be found for analysis|
2025-08-31 06:05:00|ERROR   |root                            |Video file "/downloads/A shop for killers/Season 1/A.Shop.for.Killers.KOREAN.S01E04.2024.1080p.WEBRip.x265.HEVC-kkolev33.mkv" cannot be found for analysis|
2025-08-31 06:05:00|ERROR   |root                            |Video file "/downloads/A shop for killers/Season 1/A.Shop.for.Killers.KOREAN.S01E05.2024.1080p.WEBRip.x265.HEVC-kkolev33.mkv" cannot be found for analysis|
2025-08-31 06:05:00|ERROR   |root                            |Video file "/downloads/A shop for killers/Season 1/A.Shop.for.Killers.KOREAN.S01E06.2024.1080p.WEBRip.x265.HEVC-kkolev33.mkv" cannot be found for analysis|
2025-08-31 06:05:00|ERROR   |root                            |Video file "/downloads/A shop for killers/Season 1/A.Shop.for.Killers.KOREAN.S01E07.2024.1080p.WEBRip.x265.HEVC-kkolev33.mkv" cannot be found for analysis|
2025-08-31 06:05:00|ERROR   |root                            |Video file "/downloads/A shop for killers/Season 1/A.Shop.for.Killers.KOREAN.S01E08.2024.1080p.WEBRip.x265.HEVC-kkolev33.mkv" cannot be found for analysis|
2025-08-31 06:05:00|ERROR   |root                            |Video file "/downloads/Tulsa King/Season 1/Tulsa.King.S01E01.720p.AMZN.WEBRip.x264-GalaxyTV.mkv" cannot be found for analysis|
2025-08-31 06:05:00|ERROR   |root                            |Video file "/downloads/Tulsa King/Season 1/Tulsa.King.S01E02.720p.AMZN.WEBRip.x264-GalaxyTV.mkv" cannot be found for analysis|
2025-08-31 06:05:00|ERROR   |root                            |Video file "/downloads/Tulsa King/Season 1/Tulsa.King.S01E03.720p.AMZN.WEBRip.x264-GalaxyTV.mkv" cannot be found for analysis|
2025-08-31 06:05:00|ERROR   |root                            |Video file "/downloads/Tulsa King/Season 1/Tulsa.King.S01E04.720p.AMZN.WEBRip.x264-GalaxyTV.mkv" cannot be found for analysis|
2025-08-31 06:05:00|ERROR   |root                            |Video file "/downloads/Tulsa King/Season 1/Tulsa.King.S01E05.720p.AMZN.WEBRip.x264-GalaxyTV.mkv" cannot be found for analysis|
2025-08-31 06:05:00|ERROR   |root                            |Video file "/downloads/Tulsa King/Season 1/Tulsa.King.S01E06.720p.AMZN.WEBRip.x264-GalaxyTV.mkv" cannot be found for analysis|
2025-08-31 06:05:00|ERROR   |root                            |Video file "/downloads/Tulsa King/Season 1/Tulsa.King.S01E07.720p.AMZN.WEBRip.x264-GalaxyTV.mkv" cannot be found for analysis|
2025-08-31 06:05:00|ERROR   |root                            |Video file "/downloads/Tulsa King/Season 1/Tulsa.King.S01E08.720p.AMZN.WEBRip.x264-GalaxyTV.mkv" cannot be found for analysis|
2025-08-31 06:05:00|ERROR   |root                            |Video file "/downloads/Tulsa King/Season 1/Tulsa.King.S01E09.720p.AMZN.WEBRip.x264-GalaxyTV.mkv" cannot be found for analysis|
2025-08-31 06:05:00|ERROR   |root                            |Video file "/downloads/Tulsa King/Season 2/Tulsa.King.S02E01.480p.x264-RUBiK.mkv" cannot be found for analysis|
2025-08-31 06:05:00|ERROR   |root                            |Video file "/downloads/Tulsa King/Season 2/Tulsa.King.S02E02.480p.x264-RUBiK.mkv" cannot be found for analysis|
2025-08-31 06:05:00|ERROR   |root                            |Video file "/downloads/Tulsa King/Season 2/Tulsa.King.S02E03.480p.x264-RUBiK.mkv" cannot be found for analysis|
2025-08-31 06:05:00|ERROR   |root                            |Video file "/downloads/Tulsa King/Season 2/Tulsa.King.S02E04.480p.x264-RUBiK.mkv" cannot be found for analysis|
2025-08-31 06:05:00|ERROR   |root                            |Video file "/downloads/Tulsa King/Season 2/Tulsa.King.S02E05.480p.x264-RUBiK.mkv" cannot be found for analysis|
2025-08-31 06:05:00|ERROR   |root                            |Video file "/downloads/Tulsa King/Season 2/Tulsa.King.S02E06.480p.x264-RUBiK.mkv" cannot be found for analysis|
2025-08-31 06:05:00|ERROR   |root                            |Video file "/downloads/Tulsa King/Season 2/Tulsa.King.S02E07.480p.x264-RUBiK.mkv" cannot be found for analysis|
2025-08-31 06:05:00|ERROR   |root                            |Video file "/downloads/Tulsa King/Season 2/Tulsa.King.S02E08.480p.x264-RUBiK.mkv" cannot be found for analysis|
2025-08-31 06:05:00|ERROR   |root                            |Video file "/downloads/Tulsa King/Season 2/Tulsa.King.S02E09.480p.x264-RUBiK.mkv" cannot be found for analysis|
2025-08-31 06:05:00|ERROR   |root                            |Video file "/downloads/Tulsa King/Season 2/Tulsa.King.S02E10.480p.x264-RUBiK.mkv" cannot be found for analysis|
2025-08-31 06:50:09|ERROR   |root                            |Video file "/downloads/A shop for killers/Season 1/A.Shop.for.Killers.KOREAN.S01E01.2024.1080p.WEBRip.x265.HEVC-kkolev33.mkv" cannot be found for analysis|
2025-08-31 06:50:09|ERROR   |root                            |Video file "/downloads/A shop for killers/Season 1/A.Shop.for.Killers.KOREAN.S01E02.2024.1080p.WEBRip.x265.HEVC-kkolev33.mkv" cannot be found for analysis|
2025-08-31 06:50:09|ERROR   |root                            |Video file "/downloads/A shop for killers/Season 1/A.Shop.for.Killers.KOREAN.S01E03.2024.1080p.WEBRip.x265.HEVC-kkolev33.mkv" cannot be found for analysis|
2025-08-31 06:50:09|ERROR   |root                            |Video file "/downloads/A shop for killers/Season 1/A.Shop.for.Killers.KOREAN.S01E04.2024.1080p.WEBRip.x265.HEVC-kkolev33.mkv" cannot be found for analysis|
2025-08-31 06:50:09|ERROR   |root                            |Video file "/downloads/A shop for killers/Season 1/A.Shop.for.Killers.KOREAN.S01E05.2024.1080p.WEBRip.x265.HEVC-kkolev33.mkv" cannot be found for analysis|
2025-08-31 06:50:09|ERROR   |root                            |Video file "/downloads/A shop for killers/Season 1/A.Shop.for.Killers.KOREAN.S01E06.2024.1080p.WEBRip.x265.HEVC-kkolev33.mkv" cannot be found for analysis|
2025-08-31 06:50:09|ERROR   |root                            |Video file "/downloads/A shop for killers/Season 1/A.Shop.for.Killers.KOREAN.S01E07.2024.1080p.WEBRip.x265.HEVC-kkolev33.mkv" cannot be found for analysis|
2025-08-31 06:50:09|ERROR   |root                            |Video file "/downloads/A shop for killers/Season 1/A.Shop.for.Killers.KOREAN.S01E08.2024.1080p.WEBRip.x265.HEVC-kkolev33.mkv" cannot be found for analysis|
2025-08-31 06:50:11|ERROR   |root                            |Video file "/downloads/Tulsa King/Season 1/Tulsa.King.S01E01.720p.AMZN.WEBRip.x264-GalaxyTV.mkv" cannot be found for analysis|
2025-08-31 06:50:11|ERROR   |root                            |Video file "/downloads/Tulsa King/Season 1/Tulsa.King.S01E02.720p.AMZN.WEBRip.x264-GalaxyTV.mkv" cannot be found for analysis|
2025-08-31 06:50:11|ERROR   |root                            |Video file "/downloads/Tulsa King/Season 1/Tulsa.King.S01E03.720p.AMZN.WEBRip.x264-GalaxyTV.mkv" cannot be found for analysis|
2025-08-31 06:50:11|ERROR   |root                            |Video file "/downloads/Tulsa King/Season 1/Tulsa.King.S01E04.720p.AMZN.WEBRip.x264-GalaxyTV.mkv" cannot be found for analysis|
2025-08-31 06:50:11|ERROR   |root                            |Video file "/downloads/Tulsa King/Season 1/Tulsa.King.S01E05.720p.AMZN.WEBRip.x264-GalaxyTV.mkv" cannot be found for analysis|
2025-08-31 06:50:11|ERROR   |root                            |Video file "/downloads/Tulsa King/Season 1/Tulsa.King.S01E06.720p.AMZN.WEBRip.x264-GalaxyTV.mkv" cannot be found for analysis|
2025-08-31 06:50:11|ERROR   |root                            |Video file "/downloads/Tulsa King/Season 1/Tulsa.King.S01E07.720p.AMZN.WEBRip.x264-GalaxyTV.mkv" cannot be found for analysis|
2025-08-31 06:50:11|ERROR   |root                            |Video file "/downloads/Tulsa King/Season 1/Tulsa.King.S01E08.720p.AMZN.WEBRip.x264-GalaxyTV.mkv" cannot be found for analysis|
2025-08-31 06:50:11|ERROR   |root                            |Video file "/downloads/Tulsa King/Season 1/Tulsa.King.S01E09.720p.AMZN.WEBRip.x264-GalaxyTV.mkv" cannot be found for analysis|
2025-08-31 06:50:11|ERROR   |root                            |Video file "/downloads/Tulsa King/Season 2/Tulsa.King.S02E01.480p.x264-RUBiK.mkv" cannot be found for analysis|
2025-08-31 06:50:11|ERROR   |root                            |Video file "/downloads/Tulsa King/Season 2/Tulsa.King.S02E02.480p.x264-RUBiK.mkv" cannot be found for analysis|
2025-08-31 06:50:11|ERROR   |root                            |Video file "/downloads/Tulsa King/Season 2/Tulsa.King.S02E03.480p.x264-RUBiK.mkv" cannot be found for analysis|
2025-08-31 06:50:11|ERROR   |root                            |Video file "/downloads/Tulsa King/Season 2/Tulsa.King.S02E04.480p.x264-RUBiK.mkv" cannot be found for analysis|
2025-08-31 06:50:11|ERROR   |root                            |Video file "/downloads/Tulsa King/Season 2/Tulsa.King.S02E05.480p.x264-RUBiK.mkv" cannot be found for analysis|
2025-08-31 06:50:11|ERROR   |root                            |Video file "/downloads/Tulsa King/Season 2/Tulsa.King.S02E06.480p.x264-RUBiK.mkv" cannot be found for analysis|
2025-08-31 06:50:11|ERROR   |root                            |Video file "/downloads/Tulsa King/Season 2/Tulsa.King.S02E07.480p.x264-RUBiK.mkv" cannot be found for analysis|
2025-08-31 06:50:11|ERROR   |root                            |Video file "/downloads/Tulsa King/Season 2/Tulsa.King.S02E08.480p.x264-RUBiK.mkv" cannot be found for analysis|
2025-08-31 06:50:11|ERROR   |root                            |Video file "/downloads/Tulsa King/Season 2/Tulsa.King.S02E09.480p.x264-RUBiK.mkv" cannot be found for analysis|
2025-08-31 06:50:11|ERROR   |root                            |Video file "/downloads/Tulsa King/Season 2/Tulsa.King.S02E10.480p.x264-RUBiK.mkv" cannot be found for analysis|
2025-08-31 06:50:11|ERROR   |root                            |Video file "/downloads/Wednesday/season 01/Wednesday.S01E01.WEBRip.x264-ION10[eztv.re].mp4" cannot be found for analysis|
2025-08-31 06:50:11|ERROR   |root                            |Video file "/downloads/Wednesday/season 01/Wednesday.S01E02.WEBRip.x264-ION10[eztv.re].mp4" cannot be found for analysis|
2025-08-31 06:50:11|ERROR   |root                            |Video file "/downloads/Wednesday/season 01/Wednesday.S01E03.WEBRip.x264-ION10[eztv.re].mp4" cannot be found for analysis|
2025-08-31 06:50:11|ERROR   |root                            |Video file "/downloads/Wednesday/season 01/Wednesday.S01E04.WEBRip.x264-ION10[eztv.re].mp4" cannot be found for analysis|
2025-08-31 06:50:11|ERROR   |root                            |Video file "/downloads/Wednesday/season 01/Wednesday.S01E05.WEBRip.x264-ION10[eztv.re].mp4" cannot be found for analysis|
2025-08-31 06:50:11|ERROR   |root                            |Video file "/downloads/Wednesday/season 01/Wednesday.S01E06.WEBRip.x264-ION10[eztv.re].mp4" cannot be found for analysis|
2025-08-31 06:50:11|ERROR   |root                            |Video file "/downloads/Wednesday/season 01/Wednesday.S01E07.WEBRip.x264-ION10[eztv.re].mp4" cannot be found for analysis|
2025-08-31 06:50:11|ERROR   |root                            |Video file "/downloads/Wednesday/season 01/Wednesday.S01E08.WEBRip.x264-ION10[eztv.re].mp4" cannot be found for analysis|
2025-08-31 06:50:11|ERROR   |root                            |Video file "/downloads/Wednesday/season 2/Wednesday S02E01 720p x264-FENiX[EZTVx.to].mkv" cannot be found for analysis|
2025-08-31 06:50:11|ERROR   |root                            |Video file "/downloads/Wednesday/season 2/Wednesday S02E02 720p x264-FENiX.mkv" cannot be found for analysis|
2025-08-31 06:50:11|ERROR   |root                            |Video file "/downloads/Wednesday/season 2/Wednesday S02E03 720p x264-FENiX.mkv" cannot be found for analysis|
2025-08-31 06:50:11|ERROR   |root                            |Video file "/downloads/Wednesday/season 2/Wednesday S02E04 720p x264-FENiX.mkv" cannot be found for analysis|
2025-08-31 06:50:12|ERROR   |root                            |Video file "/downloads/The Witcher/Season 1/The.Witcher.S01E01.720p.NF.WEBRip.x264-GalaxyTV.mkv" cannot be found for analysis|
2025-08-31 06:50:12|ERROR   |root                            |Video file "/downloads/The Witcher/Season 1/The.Witcher.S01E02.720p.NF.WEBRip.x264-GalaxyTV.mkv" cannot be found for analysis|
2025-08-31 06:50:12|ERROR   |root                            |Video file "/downloads/The Witcher/Season 1/The.Witcher.S01E03.720p.NF.WEBRip.x264-GalaxyTV.mkv" cannot be found for analysis|
2025-08-31 06:50:12|ERROR   |root                            |Video file "/downloads/The Witcher/Season 1/The.Witcher.S01E04.720p.NF.WEBRip.x264-GalaxyTV.mkv" cannot be found for analysis|
2025-08-31 06:50:12|ERROR   |root                            |Video file "/downloads/The Witcher/Season 1/The.Witcher.S01E05.720p.NF.WEBRip.x264-GalaxyTV.mkv" cannot be found for analysis|
2025-08-31 06:50:12|ERROR   |root                            |Video file "/downloads/The Witcher/Season 1/The.Witcher.S01E06.720p.NF.WEBRip.x264-GalaxyTV.mkv" cannot be found for analysis|
2025-08-31 06:50:12|ERROR   |root                            |Video file "/downloads/The Witcher/Season 1/The.Witcher.S01E07.720p.NF.WEBRip.x264-GalaxyTV.mkv" cannot be found for analysis|
2025-08-31 06:50:12|ERROR   |root                            |Video file "/downloads/The Witcher/Season 1/The.Witcher.S01E08.720p.NF.WEBRip.x264-GalaxyTV.mkv" cannot be found for analysis|
2025-08-31 06:50:12|ERROR   |root                            |Video file "/downloads/The Witcher/Season 2/The.Witcher.S02E01.720p.NF.WEBRip.x264-GalaxyTV.mkv" cannot be found for analysis|
2025-08-31 06:50:12|ERROR   |root                            |Video file "/downloads/The Witcher/Season 2/The.Witcher.S02E02.720p.NF.WEBRip.x264-GalaxyTV.mkv" cannot be found for analysis|
2025-08-31 06:50:12|ERROR   |root                            |Video file "/downloads/The Witcher/Season 2/The.Witcher.S02E03.720p.NF.WEBRip.x264-GalaxyTV.mkv" cannot be found for analysis|
2025-08-31 06:50:12|ERROR   |root                            |Video file "/downloads/The Witcher/Season 2/The.Witcher.S02E04.720p.NF.WEBRip.x264-GalaxyTV.mkv" cannot be found for analysis|
2025-08-31 06:50:12|ERROR   |root                            |Video file "/downloads/The Witcher/Season 2/The.Witcher.S02E05.720p.NF.WEBRip.x264-GalaxyTV.mkv" cannot be found for analysis|
2025-08-31 06:50:12|ERROR   |root                            |Video file "/downloads/The Witcher/Season 2/The.Witcher.S02E06.720p.NF.WEBRip.x264-GalaxyTV.mkv" cannot be found for analysis|
2025-08-31 06:50:12|ERROR   |root                            |Video file "/downloads/The Witcher/Season 2/The.Witcher.S02E07.720p.NF.WEBRip.x264-GalaxyTV.mkv" cannot be found for analysis|
2025-08-31 06:50:12|ERROR   |root                            |Video file "/downloads/The Witcher/Season 2/The.Witcher.S02E08.720p.NF.WEBRip.x264-GalaxyTV.mkv" cannot be found for analysis|
2025-08-31 06:50:12|ERROR   |root                            |Video file "/downloads/The Witcher/Season 3/The Witcher - S03E01 - Shaerrawedd.mkv" cannot be found for analysis|
2025-08-31 06:50:12|ERROR   |root                            |Video file "/downloads/The Witcher/Season 3/The Witcher - S03E02 - Unbound.mkv" cannot be found for analysis|
2025-08-31 06:50:12|ERROR   |root                            |Video file "/downloads/The Witcher/Season 3/The Witcher - S03E03 - Reunion.mkv" cannot be found for analysis|
2025-08-31 06:50:12|ERROR   |root                            |Video file "/downloads/The Witcher/Season 3/The Witcher - S03E04 - The Invitation.mkv" cannot be found for analysis|
2025-08-31 06:50:12|ERROR   |root                            |Video file "/downloads/The Witcher/Season 3/The Witcher - S03E05 - The Art of the Illusion.mkv" cannot be found for analysis|
2025-08-31 06:50:12|ERROR   |root                            |Video file "/downloads/The Witcher/Season 3/The Witcher - S03E06 - Everybody Has a Plan 'til They Get Punched in the Face.mkv" cannot be found for analysis|
2025-08-31 06:50:12|ERROR   |root                            |Video file "/downloads/The Witcher/Season 3/The Witcher - S03E07 - Out of the Fire, Into the Frying Pan.mkv" cannot be found for analysis|
2025-08-31 06:50:12|ERROR   |root                            |Video file "/downloads/The Witcher/Season 3/The Witcher - S03E08 - The Cost of Chaos.mkv" cannot be found for analysis|
2025-08-31 06:59:00|ERROR   |root                            |Video file "/downloads/Wednesday/season 01/Wednesday.S01E01.WEBRip.x264-ION10[eztv.re].mp4" cannot be found for analysis|
2025-08-31 06:59:00|ERROR   |root                            |Video file "/downloads/Wednesday/season 01/Wednesday.S01E02.WEBRip.x264-ION10[eztv.re].mp4" cannot be found for analysis|
2025-08-31 06:59:00|ERROR   |root                            |Video file "/downloads/Wednesday/season 01/Wednesday.S01E03.WEBRip.x264-ION10[eztv.re].mp4" cannot be found for analysis|
2025-08-31 06:59:00|ERROR   |root                            |Video file "/downloads/Wednesday/season 01/Wednesday.S01E04.WEBRip.x264-ION10[eztv.re].mp4" cannot be found for analysis|
2025-08-31 06:59:00|ERROR   |root                            |Video file "/downloads/Wednesday/season 01/Wednesday.S01E05.WEBRip.x264-ION10[eztv.re].mp4" cannot be found for analysis|
2025-08-31 06:59:00|ERROR   |root                            |Video file "/downloads/Wednesday/season 01/Wednesday.S01E06.WEBRip.x264-ION10[eztv.re].mp4" cannot be found for analysis|
2025-08-31 06:59:00|ERROR   |root                            |Video file "/downloads/Wednesday/season 01/Wednesday.S01E07.WEBRip.x264-ION10[eztv.re].mp4" cannot be found for analysis|
2025-08-31 06:59:00|ERROR   |root                            |Video file "/downloads/Wednesday/season 01/Wednesday.S01E08.WEBRip.x264-ION10[eztv.re].mp4" cannot be found for analysis|
2025-08-31 06:59:00|ERROR   |root                            |Video file "/downloads/Wednesday/season 2/Wednesday S02E01 720p x264-FENiX[EZTVx.to].mkv" cannot be found for analysis|
2025-08-31 06:59:00|ERROR   |root                            |Video file "/downloads/Wednesday/season 2/Wednesday S02E02 720p x264-FENiX.mkv" cannot be found for analysis|
2025-08-31 06:59:00|ERROR   |root                            |Video file "/downloads/Wednesday/season 2/Wednesday S02E03 720p x264-FENiX.mkv" cannot be found for analysis|
2025-08-31 06:59:00|ERROR   |root                            |Video file "/downloads/Wednesday/season 2/Wednesday S02E04 720p x264-FENiX.mkv" cannot be found for analysis|
2025-08-31 06:59:00|ERROR   |root                            |Video file "/downloads/Squid Game/Season 2/Squid.Game.S02E01.480p.x264-mSD[EZTVx.to].mkv" cannot be found for analysis|
2025-08-31 06:59:00|ERROR   |root                            |Video file "/downloads/Squid Game/Season 2/Squid.Game.S02E02.MULTI.480p.x264-mSD[EZTVx.to].mkv" cannot be found for analysis|
2025-08-31 06:59:00|ERROR   |root                            |Video file "/downloads/Squid Game/Season 2/Squid.Game.S02E03.MULTI.480p.x264-mSD[EZTVx.to].mkv" cannot be found for analysis|
2025-08-31 06:59:00|ERROR   |root                            |Video file "/downloads/Squid Game/Season 2/Squid.Game.S02E04.MULTI.480p.x264-mSD[EZTVx.to].mkv" cannot be found for analysis|
2025-08-31 06:59:00|ERROR   |root                            |Video file "/downloads/Squid Game/Season 2/squid.game.s02e05.720p.web.h264-sylix.mkv" cannot be found for analysis|
2025-08-31 06:59:00|ERROR   |root                            |Video file "/downloads/Squid Game/Season 2/Squid.Game.S02E06.MULTI.1080p.WEB.X264-HiggsBoson[EZTVx.to].mkv" cannot be found for analysis|
2025-08-31 06:59:00|ERROR   |root                            |Video file "/downloads/Squid Game/Season 2/Squid.Game.S02E07.FINAL.MULTI.480p.x264-mSD[EZTVx.to].mkv" cannot be found for analysis|
2025-08-31 06:59:00|ERROR   |root                            |Video file "/downloads/Squid Game/Squid Game - Season 3 [Dual Audio]/Season 3/Squid Game - S03E01 - Keys and Knives.mkv" cannot be found for analysis|
2025-08-31 06:59:00|ERROR   |root                            |Video file "/downloads/Squid Game/Squid Game - Season 3 [Dual Audio]/Season 3/Squid Game - S03E02 - The Starry Night.mkv" cannot be found for analysis|
2025-08-31 06:59:00|ERROR   |root                            |Video file "/downloads/Squid Game/Squid Game - Season 3 [Dual Audio]/Season 3/Squid Game - S03E03 - It's Not Your Fault.mkv" cannot be found for analysis|
2025-08-31 06:59:00|ERROR   |root                            |Video file "/downloads/Squid Game/Squid Game - Season 3 [Dual Audio]/Season 3/Squid Game - S03E04 - 222.mkv" cannot be found for analysis|
2025-08-31 06:59:00|ERROR   |root                            |Video file "/downloads/Squid Game/Squid Game - Season 3 [Dual Audio]/Season 3/Squid Game - S03E05 - ○△□.mkv" cannot be found for analysis|
2025-08-31 06:59:00|ERROR   |root                            |Video file "/downloads/Squid Game/Squid Game - Season 3 [Dual Audio]/Season 3/Squid Game - S03E06 - Humans Are....mkv" cannot be found for analysis|
2025-08-31 06:59:00|ERROR   |root                            |Video file "/downloads/Hierarchy.S01/Hierarchy.S01E01.DUAL-AUDIO.KOR-ENG.1080p.10bit.WEBRip.6CH.x265.HEVC-PSA.mkv" cannot be found for analysis|
2025-08-31 06:59:00|ERROR   |root                            |Video file "/downloads/Hierarchy.S01/Hierarchy.S01E02.DUAL-AUDIO.KOR-ENG.1080p.10bit.WEBRip.6CH.x265.HEVC-PSA.mkv" cannot be found for analysis|
2025-08-31 06:59:00|ERROR   |root                            |Video file "/downloads/Hierarchy.S01/Hierarchy.S01E03.DUAL-AUDIO.KOR-ENG.1080p.10bit.WEBRip.6CH.x265.HEVC-PSA.mkv" cannot be found for analysis|
2025-08-31 06:59:00|ERROR   |root                            |Video file "/downloads/Hierarchy.S01/Hierarchy.S01E04.DUAL-AUDIO.KOR-ENG.1080p.10bit.WEBRip.6CH.x265.HEVC-PSA.mkv" cannot be found for analysis|
2025-08-31 06:59:00|ERROR   |root                            |Video file "/downloads/Hierarchy.S01/Hierarchy.S01E05.DUAL-AUDIO.KOR-ENG.1080p.10bit.WEBRip.6CH.x265.HEVC-PSA.mkv" cannot be found for analysis|
2025-08-31 06:59:00|ERROR   |root                            |Video file "/downloads/Hierarchy.S01/Hierarchy.S01E06.DUAL-AUDIO.KOR-ENG.1080p.10bit.WEBRip.6CH.x265.HEVC-PSA.mkv" cannot be found for analysis|
2025-08-31 06:59:00|ERROR   |root                            |Video file "/downloads/Hierarchy.S01/Hierarchy.S01E07.DUAL-AUDIO.KOR-ENG.1080p.10bit.WEBRip.6CH.x265.HEVC-PSA.mkv" cannot be found for analysis|
2025-08-31 06:59:00|ERROR   |root                            |Video file "/downloads/Vigilante 2023/Season 1/Vigilante.S01E01.1080p.DNSP.WEBRip.x264.mkv" cannot be found for analysis|
2025-08-31 06:59:00|ERROR   |root                            |Video file "/downloads/Vigilante 2023/Season 1/Vigilante.S01E02.1080p.DNSP.WEBRip.x264.mkv" cannot be found for analysis|
2025-08-31 06:59:00|ERROR   |root                            |Video file "/downloads/Vigilante 2023/Season 1/Vigilante.S01E03.1080p.DNSP.WEBRip.x264.mkv" cannot be found for analysis|
2025-08-31 06:59:00|ERROR   |root                            |Video file "/downloads/Vigilante 2023/Season 1/Vigilante.S01E04.1080p.DNSP.WEBRip.x264.mkv" cannot be found for analysis|
2025-08-31 06:59:00|ERROR   |root                            |Video file "/downloads/Vigilante 2023/Season 1/Vigilante.S01E05.1080p.DNSP.WEBRip.x264.mkv" cannot be found for analysis|
2025-08-31 06:59:00|ERROR   |root                            |Video file "/downloads/Vigilante 2023/Season 1/Vigilante.S01E06.1080p.DNSP.WEBRip.x264.mkv" cannot be found for analysis|
2025-08-31 06:59:00|ERROR   |root                            |Video file "/downloads/Vigilante 2023/Season 1/Vigilante.S01E07.1080p.DNSP.WEBRip.x264.mkv" cannot be found for analysis|
2025-08-31 06:59:00|ERROR   |root                            |Video file "/downloads/Vigilante 2023/Season 1/Vigilante.S01E08.1080p.DNSP.WEBRip.x264.mkv" cannot be found for analysis|
2025-08-31 06:59:00|ERROR   |root                            |Video file "/downloads/The Witcher/Season 1/The.Witcher.S01E01.720p.NF.WEBRip.x264-GalaxyTV.mkv" cannot be found for analysis|
2025-08-31 06:59:00|ERROR   |root                            |Video file "/downloads/The Witcher/Season 1/The.Witcher.S01E02.720p.NF.WEBRip.x264-GalaxyTV.mkv" cannot be found for analysis|
2025-08-31 06:59:00|ERROR   |root                            |Video file "/downloads/The Witcher/Season 1/The.Witcher.S01E03.720p.NF.WEBRip.x264-GalaxyTV.mkv" cannot be found for analysis|
2025-08-31 06:59:00|ERROR   |root                            |Video file "/downloads/The Witcher/Season 1/The.Witcher.S01E04.720p.NF.WEBRip.x264-GalaxyTV.mkv" cannot be found for analysis|
2025-08-31 06:59:00|ERROR   |root                            |Video file "/downloads/The Witcher/Season 1/The.Witcher.S01E05.720p.NF.WEBRip.x264-GalaxyTV.mkv" cannot be found for analysis|
2025-08-31 06:59:00|ERROR   |root                            |Video file "/downloads/The Witcher/Season 1/The.Witcher.S01E06.720p.NF.WEBRip.x264-GalaxyTV.mkv" cannot be found for analysis|
2025-08-31 06:59:00|ERROR   |root                            |Video file "/downloads/The Witcher/Season 1/The.Witcher.S01E07.720p.NF.WEBRip.x264-GalaxyTV.mkv" cannot be found for analysis|
2025-08-31 06:59:00|ERROR   |root                            |Video file "/downloads/The Witcher/Season 1/The.Witcher.S01E08.720p.NF.WEBRip.x264-GalaxyTV.mkv" cannot be found for analysis|
2025-08-31 06:59:00|ERROR   |root                            |Video file "/downloads/The Witcher/Season 2/The.Witcher.S02E01.720p.NF.WEBRip.x264-GalaxyTV.mkv" cannot be found for analysis|
2025-08-31 06:59:00|ERROR   |root                            |Video file "/downloads/The Witcher/Season 2/The.Witcher.S02E02.720p.NF.WEBRip.x264-GalaxyTV.mkv" cannot be found for analysis|
2025-08-31 06:59:00|ERROR   |root                            |Video file "/downloads/The Witcher/Season 2/The.Witcher.S02E03.720p.NF.WEBRip.x264-GalaxyTV.mkv" cannot be found for analysis|
2025-08-31 06:59:00|ERROR   |root                            |Video file "/downloads/The Witcher/Season 2/The.Witcher.S02E04.720p.NF.WEBRip.x264-GalaxyTV.mkv" cannot be found for analysis|
2025-08-31 06:59:00|ERROR   |root                            |Video file "/downloads/The Witcher/Season 2/The.Witcher.S02E05.720p.NF.WEBRip.x264-GalaxyTV.mkv" cannot be found for analysis|
2025-08-31 06:59:00|ERROR   |root                            |Video file "/downloads/The Witcher/Season 2/The.Witcher.S02E06.720p.NF.WEBRip.x264-GalaxyTV.mkv" cannot be found for analysis|
2025-08-31 06:59:00|ERROR   |root                            |Video file "/downloads/The Witcher/Season 2/The.Witcher.S02E07.720p.NF.WEBRip.x264-GalaxyTV.mkv" cannot be found for analysis|
2025-08-31 06:59:00|ERROR   |root                            |Video file "/downloads/The Witcher/Season 2/The.Witcher.S02E08.720p.NF.WEBRip.x264-GalaxyTV.mkv" cannot be found for analysis|
2025-08-31 06:59:00|ERROR   |root                            |Video file "/downloads/The Witcher/Season 3/The Witcher - S03E01 - Shaerrawedd.mkv" cannot be found for analysis|
2025-08-31 06:59:00|ERROR   |root                            |Video file "/downloads/The Witcher/Season 3/The Witcher - S03E02 - Unbound.mkv" cannot be found for analysis|
2025-08-31 06:59:00|ERROR   |root                            |Video file "/downloads/The Witcher/Season 3/The Witcher - S03E03 - Reunion.mkv" cannot be found for analysis|
2025-08-31 06:59:00|ERROR   |root                            |Video file "/downloads/The Witcher/Season 3/The Witcher - S03E04 - The Invitation.mkv" cannot be found for analysis|
2025-08-31 06:59:00|ERROR   |root                            |Video file "/downloads/The Witcher/Season 3/The Witcher - S03E05 - The Art of the Illusion.mkv" cannot be found for analysis|
2025-08-31 06:59:00|ERROR   |root                            |Video file "/downloads/The Witcher/Season 3/The Witcher - S03E06 - Everybody Has a Plan 'til They Get Punched in the Face.mkv" cannot be found for analysis|
2025-08-31 06:59:00|ERROR   |root                            |Video file "/downloads/The Witcher/Season 3/The Witcher - S03E07 - Out of the Fire, Into the Frying Pan.mkv" cannot be found for analysis|
2025-08-31 06:59:00|ERROR   |root                            |Video file "/downloads/The Witcher/Season 3/The Witcher - S03E08 - The Cost of Chaos.mkv" cannot be found for analysis|
2025-08-31 06:59:00|ERROR   |root                            |Video file "/downloads/A shop for killers/Season 1/A.Shop.for.Killers.KOREAN.S01E01.2024.1080p.WEBRip.x265.HEVC-kkolev33.mkv" cannot be found for analysis|
2025-08-31 06:59:00|ERROR   |root                            |Video file "/downloads/A shop for killers/Season 1/A.Shop.for.Killers.KOREAN.S01E02.2024.1080p.WEBRip.x265.HEVC-kkolev33.mkv" cannot be found for analysis|
2025-08-31 06:59:00|ERROR   |root                            |Video file "/downloads/A shop for killers/Season 1/A.Shop.for.Killers.KOREAN.S01E03.2024.1080p.WEBRip.x265.HEVC-kkolev33.mkv" cannot be found for analysis|
2025-08-31 06:59:00|ERROR   |root                            |Video file "/downloads/A shop for killers/Season 1/A.Shop.for.Killers.KOREAN.S01E04.2024.1080p.WEBRip.x265.HEVC-kkolev33.mkv" cannot be found for analysis|
2025-08-31 06:59:00|ERROR   |root                            |Video file "/downloads/A shop for killers/Season 1/A.Shop.for.Killers.KOREAN.S01E05.2024.1080p.WEBRip.x265.HEVC-kkolev33.mkv" cannot be found for analysis|
2025-08-31 06:59:00|ERROR   |root                            |Video file "/downloads/A shop for killers/Season 1/A.Shop.for.Killers.KOREAN.S01E06.2024.1080p.WEBRip.x265.HEVC-kkolev33.mkv" cannot be found for analysis|
2025-08-31 06:59:00|ERROR   |root                            |Video file "/downloads/A shop for killers/Season 1/A.Shop.for.Killers.KOREAN.S01E07.2024.1080p.WEBRip.x265.HEVC-kkolev33.mkv" cannot be found for analysis|
2025-08-31 06:59:00|ERROR   |root                            |Video file "/downloads/A shop for killers/Season 1/A.Shop.for.Killers.KOREAN.S01E08.2024.1080p.WEBRip.x265.HEVC-kkolev33.mkv" cannot be found for analysis|
2025-08-31 06:59:00|ERROR   |root                            |Video file "/downloads/Tulsa King/Season 1/Tulsa.King.S01E01.720p.AMZN.WEBRip.x264-GalaxyTV.mkv" cannot be found for analysis|
2025-08-31 06:59:00|ERROR   |root                            |Video file "/downloads/Tulsa King/Season 1/Tulsa.King.S01E02.720p.AMZN.WEBRip.x264-GalaxyTV.mkv" cannot be found for analysis|
2025-08-31 06:59:00|ERROR   |root                            |Video file "/downloads/Tulsa King/Season 1/Tulsa.King.S01E03.720p.AMZN.WEBRip.x264-GalaxyTV.mkv" cannot be found for analysis|
2025-08-31 06:59:00|ERROR   |root                            |Video file "/downloads/Tulsa King/Season 1/Tulsa.King.S01E04.720p.AMZN.WEBRip.x264-GalaxyTV.mkv" cannot be found for analysis|
2025-08-31 06:59:00|ERROR   |root                            |Video file "/downloads/Tulsa King/Season 1/Tulsa.King.S01E05.720p.AMZN.WEBRip.x264-GalaxyTV.mkv" cannot be found for analysis|
2025-08-31 06:59:00|ERROR   |root                            |Video file "/downloads/Tulsa King/Season 1/Tulsa.King.S01E06.720p.AMZN.WEBRip.x264-GalaxyTV.mkv" cannot be found for analysis|
2025-08-31 06:59:00|ERROR   |root                            |Video file "/downloads/Tulsa King/Season 1/Tulsa.King.S01E07.720p.AMZN.WEBRip.x264-GalaxyTV.mkv" cannot be found for analysis|
2025-08-31 06:59:00|ERROR   |root                            |Video file "/downloads/Tulsa King/Season 1/Tulsa.King.S01E08.720p.AMZN.WEBRip.x264-GalaxyTV.mkv" cannot be found for analysis|
2025-08-31 06:59:00|ERROR   |root                            |Video file "/downloads/Tulsa King/Season 1/Tulsa.King.S01E09.720p.AMZN.WEBRip.x264-GalaxyTV.mkv" cannot be found for analysis|
2025-08-31 06:59:00|ERROR   |root                            |Video file "/downloads/Tulsa King/Season 2/Tulsa.King.S02E01.480p.x264-RUBiK.mkv" cannot be found for analysis|
2025-08-31 06:59:00|ERROR   |root                            |Video file "/downloads/Tulsa King/Season 2/Tulsa.King.S02E02.480p.x264-RUBiK.mkv" cannot be found for analysis|
2025-08-31 06:59:00|ERROR   |root                            |Video file "/downloads/Tulsa King/Season 2/Tulsa.King.S02E03.480p.x264-RUBiK.mkv" cannot be found for analysis|
2025-08-31 06:59:00|ERROR   |root                            |Video file "/downloads/Tulsa King/Season 2/Tulsa.King.S02E04.480p.x264-RUBiK.mkv" cannot be found for analysis|
2025-08-31 06:59:00|ERROR   |root                            |Video file "/downloads/Tulsa King/Season 2/Tulsa.King.S02E05.480p.x264-RUBiK.mkv" cannot be found for analysis|
2025-08-31 06:59:00|ERROR   |root                            |Video file "/downloads/Tulsa King/Season 2/Tulsa.King.S02E06.480p.x264-RUBiK.mkv" cannot be found for analysis|
2025-08-31 06:59:00|ERROR   |root                            |Video file "/downloads/Tulsa King/Season 2/Tulsa.King.S02E07.480p.x264-RUBiK.mkv" cannot be found for analysis|
2025-08-31 06:59:00|ERROR   |root                            |Video file "/downloads/Tulsa King/Season 2/Tulsa.King.S02E08.480p.x264-RUBiK.mkv" cannot be found for analysis|
2025-08-31 06:59:00|ERROR   |root                            |Video file "/downloads/Tulsa King/Season 2/Tulsa.King.S02E09.480p.x264-RUBiK.mkv" cannot be found for analysis|
2025-08-31 06:59:00|ERROR   |root                            |Video file "/downloads/Tulsa King/Season 2/Tulsa.King.S02E10.480p.x264-RUBiK.mkv" cannot be found for analysis|
2025-08-31 07:59:00|ERROR   |root                            |Video file "/downloads/Wednesday/season 01/Wednesday.S01E01.WEBRip.x264-ION10[eztv.re].mp4" cannot be found for analysis|
2025-08-31 07:59:00|ERROR   |root                            |Video file "/downloads/Wednesday/season 01/Wednesday.S01E02.WEBRip.x264-ION10[eztv.re].mp4" cannot be found for analysis|
2025-08-31 07:59:00|ERROR   |root                            |Video file "/downloads/Wednesday/season 01/Wednesday.S01E03.WEBRip.x264-ION10[eztv.re].mp4" cannot be found for analysis|
2025-08-31 07:59:00|ERROR   |root                            |Video file "/downloads/Wednesday/season 01/Wednesday.S01E04.WEBRip.x264-ION10[eztv.re].mp4" cannot be found for analysis|
2025-08-31 07:59:00|ERROR   |root                            |Video file "/downloads/Wednesday/season 01/Wednesday.S01E05.WEBRip.x264-ION10[eztv.re].mp4" cannot be found for analysis|
2025-08-31 07:59:00|ERROR   |root                            |Video file "/downloads/Wednesday/season 01/Wednesday.S01E06.WEBRip.x264-ION10[eztv.re].mp4" cannot be found for analysis|
2025-08-31 07:59:00|ERROR   |root                            |Video file "/downloads/Wednesday/season 01/Wednesday.S01E07.WEBRip.x264-ION10[eztv.re].mp4" cannot be found for analysis|
2025-08-31 07:59:00|ERROR   |root                            |Video file "/downloads/Wednesday/season 01/Wednesday.S01E08.WEBRip.x264-ION10[eztv.re].mp4" cannot be found for analysis|
2025-08-31 07:59:00|ERROR   |root                            |Video file "/downloads/Wednesday/season 2/Wednesday S02E01 720p x264-FENiX[EZTVx.to].mkv" cannot be found for analysis|
2025-08-31 07:59:00|ERROR   |root                            |Video file "/downloads/Wednesday/season 2/Wednesday S02E02 720p x264-FENiX.mkv" cannot be found for analysis|
2025-08-31 07:59:00|ERROR   |root                            |Video file "/downloads/Wednesday/season 2/Wednesday S02E03 720p x264-FENiX.mkv" cannot be found for analysis|
2025-08-31 07:59:00|ERROR   |root                            |Video file "/downloads/Wednesday/season 2/Wednesday S02E04 720p x264-FENiX.mkv" cannot be found for analysis|
2025-08-31 07:59:00|ERROR   |root                            |Video file "/downloads/Squid Game/Season 2/Squid.Game.S02E01.480p.x264-mSD[EZTVx.to].mkv" cannot be found for analysis|
2025-08-31 07:59:00|ERROR   |root                            |Video file "/downloads/Squid Game/Season 2/Squid.Game.S02E02.MULTI.480p.x264-mSD[EZTVx.to].mkv" cannot be found for analysis|
2025-08-31 07:59:00|ERROR   |root                            |Video file "/downloads/Squid Game/Season 2/Squid.Game.S02E03.MULTI.480p.x264-mSD[EZTVx.to].mkv" cannot be found for analysis|
2025-08-31 07:59:00|ERROR   |root                            |Video file "/downloads/Squid Game/Season 2/Squid.Game.S02E04.MULTI.480p.x264-mSD[EZTVx.to].mkv" cannot be found for analysis|
2025-08-31 07:59:00|ERROR   |root                            |Video file "/downloads/Squid Game/Season 2/squid.game.s02e05.720p.web.h264-sylix.mkv" cannot be found for analysis|
2025-08-31 07:59:00|ERROR   |root                            |Video file "/downloads/Squid Game/Season 2/Squid.Game.S02E06.MULTI.1080p.WEB.X264-HiggsBoson[EZTVx.to].mkv" cannot be found for analysis|
2025-08-31 07:59:00|ERROR   |root                            |Video file "/downloads/Squid Game/Season 2/Squid.Game.S02E07.FINAL.MULTI.480p.x264-mSD[EZTVx.to].mkv" cannot be found for analysis|
2025-08-31 07:59:00|ERROR   |root                            |Video file "/downloads/Squid Game/Squid Game - Season 3 [Dual Audio]/Season 3/Squid Game - S03E01 - Keys and Knives.mkv" cannot be found for analysis|
2025-08-31 07:59:00|ERROR   |root                            |Video file "/downloads/Squid Game/Squid Game - Season 3 [Dual Audio]/Season 3/Squid Game - S03E02 - The Starry Night.mkv" cannot be found for analysis|
2025-08-31 07:59:00|ERROR   |root                            |Video file "/downloads/Squid Game/Squid Game - Season 3 [Dual Audio]/Season 3/Squid Game - S03E03 - It's Not Your Fault.mkv" cannot be found for analysis|
2025-08-31 07:59:00|ERROR   |root                            |Video file "/downloads/Squid Game/Squid Game - Season 3 [Dual Audio]/Season 3/Squid Game - S03E04 - 222.mkv" cannot be found for analysis|
2025-08-31 07:59:00|ERROR   |root                            |Video file "/downloads/Squid Game/Squid Game - Season 3 [Dual Audio]/Season 3/Squid Game - S03E05 - ○△□.mkv" cannot be found for analysis|
2025-08-31 07:59:00|ERROR   |root                            |Video file "/downloads/Squid Game/Squid Game - Season 3 [Dual Audio]/Season 3/Squid Game - S03E06 - Humans Are....mkv" cannot be found for analysis|
2025-08-31 07:59:00|ERROR   |root                            |Video file "/downloads/Hierarchy.S01/Hierarchy.S01E01.DUAL-AUDIO.KOR-ENG.1080p.10bit.WEBRip.6CH.x265.HEVC-PSA.mkv" cannot be found for analysis|
2025-08-31 07:59:00|ERROR   |root                            |Video file "/downloads/Hierarchy.S01/Hierarchy.S01E02.DUAL-AUDIO.KOR-ENG.1080p.10bit.WEBRip.6CH.x265.HEVC-PSA.mkv" cannot be found for analysis|
2025-08-31 07:59:00|ERROR   |root                            |Video file "/downloads/Hierarchy.S01/Hierarchy.S01E03.DUAL-AUDIO.KOR-ENG.1080p.10bit.WEBRip.6CH.x265.HEVC-PSA.mkv" cannot be found for analysis|
2025-08-31 07:59:00|ERROR   |root                            |Video file "/downloads/Hierarchy.S01/Hierarchy.S01E04.DUAL-AUDIO.KOR-ENG.1080p.10bit.WEBRip.6CH.x265.HEVC-PSA.mkv" cannot be found for analysis|
2025-08-31 07:59:00|ERROR   |root                            |Video file "/downloads/Hierarchy.S01/Hierarchy.S01E05.DUAL-AUDIO.KOR-ENG.1080p.10bit.WEBRip.6CH.x265.HEVC-PSA.mkv" cannot be found for analysis|
2025-08-31 07:59:00|ERROR   |root                            |Video file "/downloads/Hierarchy.S01/Hierarchy.S01E06.DUAL-AUDIO.KOR-ENG.1080p.10bit.WEBRip.6CH.x265.HEVC-PSA.mkv" cannot be found for analysis|
2025-08-31 07:59:00|ERROR   |root                            |Video file "/downloads/Hierarchy.S01/Hierarchy.S01E07.DUAL-AUDIO.KOR-ENG.1080p.10bit.WEBRip.6CH.x265.HEVC-PSA.mkv" cannot be found for analysis|
2025-08-31 07:59:00|ERROR   |root                            |Video file "/downloads/Vigilante 2023/Season 1/Vigilante.S01E01.1080p.DNSP.WEBRip.x264.mkv" cannot be found for analysis|
2025-08-31 07:59:00|ERROR   |root                            |Video file "/downloads/Vigilante 2023/Season 1/Vigilante.S01E02.1080p.DNSP.WEBRip.x264.mkv" cannot be found for analysis|
2025-08-31 07:59:00|ERROR   |root                            |Video file "/downloads/Vigilante 2023/Season 1/Vigilante.S01E03.1080p.DNSP.WEBRip.x264.mkv" cannot be found for analysis|
2025-08-31 07:59:00|ERROR   |root                            |Video file "/downloads/Vigilante 2023/Season 1/Vigilante.S01E04.1080p.DNSP.WEBRip.x264.mkv" cannot be found for analysis|
2025-08-31 07:59:00|ERROR   |root                            |Video file "/downloads/Vigilante 2023/Season 1/Vigilante.S01E05.1080p.DNSP.WEBRip.x264.mkv" cannot be found for analysis|
2025-08-31 07:59:00|ERROR   |root                            |Video file "/downloads/Vigilante 2023/Season 1/Vigilante.S01E06.1080p.DNSP.WEBRip.x264.mkv" cannot be found for analysis|
2025-08-31 07:59:00|ERROR   |root                            |Video file "/downloads/Vigilante 2023/Season 1/Vigilante.S01E07.1080p.DNSP.WEBRip.x264.mkv" cannot be found for analysis|
2025-08-31 07:59:00|ERROR   |root                            |Video file "/downloads/Vigilante 2023/Season 1/Vigilante.S01E08.1080p.DNSP.WEBRip.x264.mkv" cannot be found for analysis|
2025-08-31 07:59:00|ERROR   |root                            |Video file "/downloads/The Witcher/Season 1/The.Witcher.S01E01.720p.NF.WEBRip.x264-GalaxyTV.mkv" cannot be found for analysis|
2025-08-31 07:59:00|ERROR   |root                            |Video file "/downloads/The Witcher/Season 1/The.Witcher.S01E02.720p.NF.WEBRip.x264-GalaxyTV.mkv" cannot be found for analysis|
2025-08-31 07:59:00|ERROR   |root                            |Video file "/downloads/The Witcher/Season 1/The.Witcher.S01E03.720p.NF.WEBRip.x264-GalaxyTV.mkv" cannot be found for analysis|
2025-08-31 07:59:00|ERROR   |root                            |Video file "/downloads/The Witcher/Season 1/The.Witcher.S01E04.720p.NF.WEBRip.x264-GalaxyTV.mkv" cannot be found for analysis|
2025-08-31 07:59:00|ERROR   |root                            |Video file "/downloads/The Witcher/Season 1/The.Witcher.S01E05.720p.NF.WEBRip.x264-GalaxyTV.mkv" cannot be found for analysis|
2025-08-31 07:59:00|ERROR   |root                            |Video file "/downloads/The Witcher/Season 1/The.Witcher.S01E06.720p.NF.WEBRip.x264-GalaxyTV.mkv" cannot be found for analysis|
2025-08-31 07:59:00|ERROR   |root                            |Video file "/downloads/The Witcher/Season 1/The.Witcher.S01E07.720p.NF.WEBRip.x264-GalaxyTV.mkv" cannot be found for analysis|
2025-08-31 07:59:00|ERROR   |root                            |Video file "/downloads/The Witcher/Season 1/The.Witcher.S01E08.720p.NF.WEBRip.x264-GalaxyTV.mkv" cannot be found for analysis|
2025-08-31 07:59:00|ERROR   |root                            |Video file "/downloads/The Witcher/Season 2/The.Witcher.S02E01.720p.NF.WEBRip.x264-GalaxyTV.mkv" cannot be found for analysis|
2025-08-31 07:59:00|ERROR   |root                            |Video file "/downloads/The Witcher/Season 2/The.Witcher.S02E02.720p.NF.WEBRip.x264-GalaxyTV.mkv" cannot be found for analysis|
2025-08-31 07:59:00|ERROR   |root                            |Video file "/downloads/The Witcher/Season 2/The.Witcher.S02E03.720p.NF.WEBRip.x264-GalaxyTV.mkv" cannot be found for analysis|
2025-08-31 07:59:00|ERROR   |root                            |Video file "/downloads/The Witcher/Season 2/The.Witcher.S02E04.720p.NF.WEBRip.x264-GalaxyTV.mkv" cannot be found for analysis|
2025-08-31 07:59:00|ERROR   |root                            |Video file "/downloads/The Witcher/Season 2/The.Witcher.S02E05.720p.NF.WEBRip.x264-GalaxyTV.mkv" cannot be found for analysis|
2025-08-31 07:59:00|ERROR   |root                            |Video file "/downloads/The Witcher/Season 2/The.Witcher.S02E06.720p.NF.WEBRip.x264-GalaxyTV.mkv" cannot be found for analysis|
2025-08-31 07:59:00|ERROR   |root                            |Video file "/downloads/The Witcher/Season 2/The.Witcher.S02E07.720p.NF.WEBRip.x264-GalaxyTV.mkv" cannot be found for analysis|
2025-08-31 07:59:00|ERROR   |root                            |Video file "/downloads/The Witcher/Season 2/The.Witcher.S02E08.720p.NF.WEBRip.x264-GalaxyTV.mkv" cannot be found for analysis|
2025-08-31 07:59:00|ERROR   |root                            |Video file "/downloads/The Witcher/Season 3/The Witcher - S03E01 - Shaerrawedd.mkv" cannot be found for analysis|
2025-08-31 07:59:00|ERROR   |root                            |Video file "/downloads/The Witcher/Season 3/The Witcher - S03E02 - Unbound.mkv" cannot be found for analysis|
2025-08-31 07:59:00|ERROR   |root                            |Video file "/downloads/The Witcher/Season 3/The Witcher - S03E03 - Reunion.mkv" cannot be found for analysis|
2025-08-31 07:59:00|ERROR   |root                            |Video file "/downloads/The Witcher/Season 3/The Witcher - S03E04 - The Invitation.mkv" cannot be found for analysis|
2025-08-31 07:59:00|ERROR   |root                            |Video file "/downloads/The Witcher/Season 3/The Witcher - S03E05 - The Art of the Illusion.mkv" cannot be found for analysis|
2025-08-31 07:59:00|ERROR   |root                            |Video file "/downloads/The Witcher/Season 3/The Witcher - S03E06 - Everybody Has a Plan 'til They Get Punched in the Face.mkv" cannot be found for analysis|
2025-08-31 07:59:00|ERROR   |root                            |Video file "/downloads/The Witcher/Season 3/The Witcher - S03E07 - Out of the Fire, Into the Frying Pan.mkv" cannot be found for analysis|
2025-08-31 07:59:00|ERROR   |root                            |Video file "/downloads/The Witcher/Season 3/The Witcher - S03E08 - The Cost of Chaos.mkv" cannot be found for analysis|
2025-08-31 07:59:00|ERROR   |root                            |Video file "/downloads/A shop for killers/Season 1/A.Shop.for.Killers.KOREAN.S01E01.2024.1080p.WEBRip.x265.HEVC-kkolev33.mkv" cannot be found for analysis|
2025-08-31 07:59:00|ERROR   |root                            |Video file "/downloads/A shop for killers/Season 1/A.Shop.for.Killers.KOREAN.S01E02.2024.1080p.WEBRip.x265.HEVC-kkolev33.mkv" cannot be found for analysis|
2025-08-31 07:59:00|ERROR   |root                            |Video file "/downloads/A shop for killers/Season 1/A.Shop.for.Killers.KOREAN.S01E03.2024.1080p.WEBRip.x265.HEVC-kkolev33.mkv" cannot be found for analysis|
2025-08-31 07:59:00|ERROR   |root                            |Video file "/downloads/A shop for killers/Season 1/A.Shop.for.Killers.KOREAN.S01E04.2024.1080p.WEBRip.x265.HEVC-kkolev33.mkv" cannot be found for analysis|
2025-08-31 07:59:00|ERROR   |root                            |Video file "/downloads/A shop for killers/Season 1/A.Shop.for.Killers.KOREAN.S01E05.2024.1080p.WEBRip.x265.HEVC-kkolev33.mkv" cannot be found for analysis|
2025-08-31 07:59:00|ERROR   |root                            |Video file "/downloads/A shop for killers/Season 1/A.Shop.for.Killers.KOREAN.S01E06.2024.1080p.WEBRip.x265.HEVC-kkolev33.mkv" cannot be found for analysis|
2025-08-31 07:59:00|ERROR   |root                            |Video file "/downloads/A shop for killers/Season 1/A.Shop.for.Killers.KOREAN.S01E07.2024.1080p.WEBRip.x265.HEVC-kkolev33.mkv" cannot be found for analysis|
2025-08-31 07:59:00|ERROR   |root                            |Video file "/downloads/A shop for killers/Season 1/A.Shop.for.Killers.KOREAN.S01E08.2024.1080p.WEBRip.x265.HEVC-kkolev33.mkv" cannot be found for analysis|
2025-08-31 07:59:00|ERROR   |root                            |Video file "/downloads/Tulsa King/Season 1/Tulsa.King.S01E01.720p.AMZN.WEBRip.x264-GalaxyTV.mkv" cannot be found for analysis|
2025-08-31 07:59:00|ERROR   |root                            |Video file "/downloads/Tulsa King/Season 1/Tulsa.King.S01E02.720p.AMZN.WEBRip.x264-GalaxyTV.mkv" cannot be found for analysis|
2025-08-31 07:59:00|ERROR   |root                            |Video file "/downloads/Tulsa King/Season 1/Tulsa.King.S01E03.720p.AMZN.WEBRip.x264-GalaxyTV.mkv" cannot be found for analysis|
2025-08-31 07:59:00|ERROR   |root                            |Video file "/downloads/Tulsa King/Season 1/Tulsa.King.S01E04.720p.AMZN.WEBRip.x264-GalaxyTV.mkv" cannot be found for analysis|
2025-08-31 07:59:00|ERROR   |root                            |Video file "/downloads/Tulsa King/Season 1/Tulsa.King.S01E05.720p.AMZN.WEBRip.x264-GalaxyTV.mkv" cannot be found for analysis|
2025-08-31 07:59:00|ERROR   |root                            |Video file "/downloads/Tulsa King/Season 1/Tulsa.King.S01E06.720p.AMZN.WEBRip.x264-GalaxyTV.mkv" cannot be found for analysis|
2025-08-31 07:59:00|ERROR   |root                            |Video file "/downloads/Tulsa King/Season 1/Tulsa.King.S01E07.720p.AMZN.WEBRip.x264-GalaxyTV.mkv" cannot be found for analysis|
2025-08-31 07:59:00|ERROR   |root                            |Video file "/downloads/Tulsa King/Season 1/Tulsa.King.S01E08.720p.AMZN.WEBRip.x264-GalaxyTV.mkv" cannot be found for analysis|
2025-08-31 07:59:00|ERROR   |root                            |Video file "/downloads/Tulsa King/Season 1/Tulsa.King.S01E09.720p.AMZN.WEBRip.x264-GalaxyTV.mkv" cannot be found for analysis|
2025-08-31 07:59:00|ERROR   |root                            |Video file "/downloads/Tulsa King/Season 2/Tulsa.King.S02E01.480p.x264-RUBiK.mkv" cannot be found for analysis|
2025-08-31 07:59:00|ERROR   |root                            |Video file "/downloads/Tulsa King/Season 2/Tulsa.King.S02E02.480p.x264-RUBiK.mkv" cannot be found for analysis|
2025-08-31 07:59:00|ERROR   |root                            |Video file "/downloads/Tulsa King/Season 2/Tulsa.King.S02E03.480p.x264-RUBiK.mkv" cannot be found for analysis|
2025-08-31 07:59:00|ERROR   |root                            |Video file "/downloads/Tulsa King/Season 2/Tulsa.King.S02E04.480p.x264-RUBiK.mkv" cannot be found for analysis|
2025-08-31 07:59:00|ERROR   |root                            |Video file "/downloads/Tulsa King/Season 2/Tulsa.King.S02E05.480p.x264-RUBiK.mkv" cannot be found for analysis|
2025-08-31 07:59:00|ERROR   |root                            |Video file "/downloads/Tulsa King/Season 2/Tulsa.King.S02E06.480p.x264-RUBiK.mkv" cannot be found for analysis|
2025-08-31 07:59:00|ERROR   |root                            |Video file "/downloads/Tulsa King/Season 2/Tulsa.King.S02E07.480p.x264-RUBiK.mkv" cannot be found for analysis|
2025-08-31 07:59:00|ERROR   |root                            |Video file "/downloads/Tulsa King/Season 2/Tulsa.King.S02E08.480p.x264-RUBiK.mkv" cannot be found for analysis|
2025-08-31 07:59:00|ERROR   |root                            |Video file "/downloads/Tulsa King/Season 2/Tulsa.King.S02E09.480p.x264-RUBiK.mkv" cannot be found for analysis|
2025-08-31 07:59:00|ERROR   |root                            |Video file "/downloads/Tulsa King/Season 2/Tulsa.King.S02E10.480p.x264-RUBiK.mkv" cannot be found for analysis|
2025-08-31 08:59:00|ERROR   |root                            |Video file "/downloads/Wednesday/season 01/Wednesday.S01E01.WEBRip.x264-ION10[eztv.re].mp4" cannot be found for analysis|
2025-08-31 08:59:00|ERROR   |root                            |Video file "/downloads/Wednesday/season 01/Wednesday.S01E02.WEBRip.x264-ION10[eztv.re].mp4" cannot be found for analysis|
2025-08-31 08:59:00|ERROR   |root                            |Video file "/downloads/Wednesday/season 01/Wednesday.S01E03.WEBRip.x264-ION10[eztv.re].mp4" cannot be found for analysis|
2025-08-31 08:59:00|ERROR   |root                            |Video file "/downloads/Wednesday/season 01/Wednesday.S01E04.WEBRip.x264-ION10[eztv.re].mp4" cannot be found for analysis|
2025-08-31 08:59:00|ERROR   |root                            |Video file "/downloads/Wednesday/season 01/Wednesday.S01E05.WEBRip.x264-ION10[eztv.re].mp4" cannot be found for analysis|
2025-08-31 08:59:00|ERROR   |root                            |Video file "/downloads/Wednesday/season 01/Wednesday.S01E06.WEBRip.x264-ION10[eztv.re].mp4" cannot be found for analysis|
2025-08-31 08:59:00|ERROR   |root                            |Video file "/downloads/Wednesday/season 01/Wednesday.S01E07.WEBRip.x264-ION10[eztv.re].mp4" cannot be found for analysis|
2025-08-31 08:59:00|ERROR   |root                            |Video file "/downloads/Wednesday/season 01/Wednesday.S01E08.WEBRip.x264-ION10[eztv.re].mp4" cannot be found for analysis|
2025-08-31 08:59:00|ERROR   |root                            |Video file "/downloads/Wednesday/season 2/Wednesday S02E01 720p x264-FENiX[EZTVx.to].mkv" cannot be found for analysis|
2025-08-31 08:59:00|ERROR   |root                            |Video file "/downloads/Wednesday/season 2/Wednesday S02E02 720p x264-FENiX.mkv" cannot be found for analysis|
2025-08-31 08:59:00|ERROR   |root                            |Video file "/downloads/Wednesday/season 2/Wednesday S02E03 720p x264-FENiX.mkv" cannot be found for analysis|
2025-08-31 08:59:00|ERROR   |root                            |Video file "/downloads/Wednesday/season 2/Wednesday S02E04 720p x264-FENiX.mkv" cannot be found for analysis|
2025-08-31 08:59:00|ERROR   |root                            |Video file "/downloads/Squid Game/Season 2/Squid.Game.S02E01.480p.x264-mSD[EZTVx.to].mkv" cannot be found for analysis|
2025-08-31 08:59:00|ERROR   |root                            |Video file "/downloads/Squid Game/Season 2/Squid.Game.S02E02.MULTI.480p.x264-mSD[EZTVx.to].mkv" cannot be found for analysis|
2025-08-31 08:59:00|ERROR   |root                            |Video file "/downloads/Squid Game/Season 2/Squid.Game.S02E03.MULTI.480p.x264-mSD[EZTVx.to].mkv" cannot be found for analysis|
2025-08-31 08:59:00|ERROR   |root                            |Video file "/downloads/Squid Game/Season 2/Squid.Game.S02E04.MULTI.480p.x264-mSD[EZTVx.to].mkv" cannot be found for analysis|
2025-08-31 08:59:00|ERROR   |root                            |Video file "/downloads/Squid Game/Season 2/squid.game.s02e05.720p.web.h264-sylix.mkv" cannot be found for analysis|
2025-08-31 08:59:00|ERROR   |root                            |Video file "/downloads/Squid Game/Season 2/Squid.Game.S02E06.MULTI.1080p.WEB.X264-HiggsBoson[EZTVx.to].mkv" cannot be found for analysis|
2025-08-31 08:59:00|ERROR   |root                            |Video file "/downloads/Squid Game/Season 2/Squid.Game.S02E07.FINAL.MULTI.480p.x264-mSD[EZTVx.to].mkv" cannot be found for analysis|
2025-08-31 08:59:00|ERROR   |root                            |Video file "/downloads/Squid Game/Squid Game - Season 3 [Dual Audio]/Season 3/Squid Game - S03E01 - Keys and Knives.mkv" cannot be found for analysis|
2025-08-31 08:59:00|ERROR   |root                            |Video file "/downloads/Squid Game/Squid Game - Season 3 [Dual Audio]/Season 3/Squid Game - S03E02 - The Starry Night.mkv" cannot be found for analysis|
2025-08-31 08:59:00|ERROR   |root                            |Video file "/downloads/Squid Game/Squid Game - Season 3 [Dual Audio]/Season 3/Squid Game - S03E03 - It's Not Your Fault.mkv" cannot be found for analysis|
2025-08-31 08:59:00|ERROR   |root                            |Video file "/downloads/Squid Game/Squid Game - Season 3 [Dual Audio]/Season 3/Squid Game - S03E04 - 222.mkv" cannot be found for analysis|
2025-08-31 08:59:00|ERROR   |root                            |Video file "/downloads/Squid Game/Squid Game - Season 3 [Dual Audio]/Season 3/Squid Game - S03E05 - ○△□.mkv" cannot be found for analysis|
2025-08-31 08:59:00|ERROR   |root                            |Video file "/downloads/Squid Game/Squid Game - Season 3 [Dual Audio]/Season 3/Squid Game - S03E06 - Humans Are....mkv" cannot be found for analysis|
2025-08-31 08:59:00|ERROR   |root                            |Video file "/downloads/Hierarchy.S01/Hierarchy.S01E01.DUAL-AUDIO.KOR-ENG.1080p.10bit.WEBRip.6CH.x265.HEVC-PSA.mkv" cannot be found for analysis|
2025-08-31 08:59:00|ERROR   |root                            |Video file "/downloads/Hierarchy.S01/Hierarchy.S01E02.DUAL-AUDIO.KOR-ENG.1080p.10bit.WEBRip.6CH.x265.HEVC-PSA.mkv" cannot be found for analysis|
2025-08-31 08:59:00|ERROR   |root                            |Video file "/downloads/Hierarchy.S01/Hierarchy.S01E03.DUAL-AUDIO.KOR-ENG.1080p.10bit.WEBRip.6CH.x265.HEVC-PSA.mkv" cannot be found for analysis|
2025-08-31 08:59:00|ERROR   |root                            |Video file "/downloads/Hierarchy.S01/Hierarchy.S01E04.DUAL-AUDIO.KOR-ENG.1080p.10bit.WEBRip.6CH.x265.HEVC-PSA.mkv" cannot be found for analysis|
2025-08-31 08:59:00|ERROR   |root                            |Video file "/downloads/Hierarchy.S01/Hierarchy.S01E05.DUAL-AUDIO.KOR-ENG.1080p.10bit.WEBRip.6CH.x265.HEVC-PSA.mkv" cannot be found for analysis|
2025-08-31 08:59:00|ERROR   |root                            |Video file "/downloads/Hierarchy.S01/Hierarchy.S01E06.DUAL-AUDIO.KOR-ENG.1080p.10bit.WEBRip.6CH.x265.HEVC-PSA.mkv" cannot be found for analysis|
2025-08-31 08:59:00|ERROR   |root                            |Video file "/downloads/Hierarchy.S01/Hierarchy.S01E07.DUAL-AUDIO.KOR-ENG.1080p.10bit.WEBRip.6CH.x265.HEVC-PSA.mkv" cannot be found for analysis|
2025-08-31 08:59:00|ERROR   |root                            |Video file "/downloads/Vigilante 2023/Season 1/Vigilante.S01E01.1080p.DNSP.WEBRip.x264.mkv" cannot be found for analysis|
2025-08-31 08:59:00|ERROR   |root                            |Video file "/downloads/Vigilante 2023/Season 1/Vigilante.S01E02.1080p.DNSP.WEBRip.x264.mkv" cannot be found for analysis|
2025-08-31 08:59:00|ERROR   |root                            |Video file "/downloads/Vigilante 2023/Season 1/Vigilante.S01E03.1080p.DNSP.WEBRip.x264.mkv" cannot be found for analysis|
2025-08-31 08:59:00|ERROR   |root                            |Video file "/downloads/Vigilante 2023/Season 1/Vigilante.S01E04.1080p.DNSP.WEBRip.x264.mkv" cannot be found for analysis|
2025-08-31 08:59:00|ERROR   |root                            |Video file "/downloads/Vigilante 2023/Season 1/Vigilante.S01E05.1080p.DNSP.WEBRip.x264.mkv" cannot be found for analysis|
2025-08-31 08:59:00|ERROR   |root                            |Video file "/downloads/Vigilante 2023/Season 1/Vigilante.S01E06.1080p.DNSP.WEBRip.x264.mkv" cannot be found for analysis|
2025-08-31 08:59:00|ERROR   |root                            |Video file "/downloads/Vigilante 2023/Season 1/Vigilante.S01E07.1080p.DNSP.WEBRip.x264.mkv" cannot be found for analysis|
2025-08-31 08:59:00|ERROR   |root                            |Video file "/downloads/Vigilante 2023/Season 1/Vigilante.S01E08.1080p.DNSP.WEBRip.x264.mkv" cannot be found for analysis|
2025-08-31 08:59:00|ERROR   |root                            |Video file "/downloads/The Witcher/Season 1/The.Witcher.S01E01.720p.NF.WEBRip.x264-GalaxyTV.mkv" cannot be found for analysis|
2025-08-31 08:59:00|ERROR   |root                            |Video file "/downloads/The Witcher/Season 1/The.Witcher.S01E02.720p.NF.WEBRip.x264-GalaxyTV.mkv" cannot be found for analysis|
2025-08-31 08:59:00|ERROR   |root                            |Video file "/downloads/The Witcher/Season 1/The.Witcher.S01E03.720p.NF.WEBRip.x264-GalaxyTV.mkv" cannot be found for analysis|
2025-08-31 08:59:00|ERROR   |root                            |Video file "/downloads/The Witcher/Season 1/The.Witcher.S01E04.720p.NF.WEBRip.x264-GalaxyTV.mkv" cannot be found for analysis|
2025-08-31 08:59:00|ERROR   |root                            |Video file "/downloads/The Witcher/Season 1/The.Witcher.S01E05.720p.NF.WEBRip.x264-GalaxyTV.mkv" cannot be found for analysis|
2025-08-31 08:59:00|ERROR   |root                            |Video file "/downloads/The Witcher/Season 1/The.Witcher.S01E06.720p.NF.WEBRip.x264-GalaxyTV.mkv" cannot be found for analysis|
2025-08-31 08:59:00|ERROR   |root                            |Video file "/downloads/The Witcher/Season 1/The.Witcher.S01E07.720p.NF.WEBRip.x264-GalaxyTV.mkv" cannot be found for analysis|
2025-08-31 08:59:00|ERROR   |root                            |Video file "/downloads/The Witcher/Season 1/The.Witcher.S01E08.720p.NF.WEBRip.x264-GalaxyTV.mkv" cannot be found for analysis|
2025-08-31 08:59:00|ERROR   |root                            |Video file "/downloads/The Witcher/Season 2/The.Witcher.S02E01.720p.NF.WEBRip.x264-GalaxyTV.mkv" cannot be found for analysis|
2025-08-31 08:59:00|ERROR   |root                            |Video file "/downloads/The Witcher/Season 2/The.Witcher.S02E02.720p.NF.WEBRip.x264-GalaxyTV.mkv" cannot be found for analysis|
2025-08-31 08:59:00|ERROR   |root                            |Video file "/downloads/The Witcher/Season 2/The.Witcher.S02E03.720p.NF.WEBRip.x264-GalaxyTV.mkv" cannot be found for analysis|
2025-08-31 08:59:00|ERROR   |root                            |Video file "/downloads/The Witcher/Season 2/The.Witcher.S02E04.720p.NF.WEBRip.x264-GalaxyTV.mkv" cannot be found for analysis|
2025-08-31 08:59:00|ERROR   |root                            |Video file "/downloads/The Witcher/Season 2/The.Witcher.S02E05.720p.NF.WEBRip.x264-GalaxyTV.mkv" cannot be found for analysis|
2025-08-31 08:59:00|ERROR   |root                            |Video file "/downloads/The Witcher/Season 2/The.Witcher.S02E06.720p.NF.WEBRip.x264-GalaxyTV.mkv" cannot be found for analysis|
2025-08-31 08:59:00|ERROR   |root                            |Video file "/downloads/The Witcher/Season 2/The.Witcher.S02E07.720p.NF.WEBRip.x264-GalaxyTV.mkv" cannot be found for analysis|
2025-08-31 08:59:00|ERROR   |root                            |Video file "/downloads/The Witcher/Season 2/The.Witcher.S02E08.720p.NF.WEBRip.x264-GalaxyTV.mkv" cannot be found for analysis|
2025-08-31 08:59:00|ERROR   |root                            |Video file "/downloads/The Witcher/Season 3/The Witcher - S03E01 - Shaerrawedd.mkv" cannot be found for analysis|
2025-08-31 08:59:00|ERROR   |root                            |Video file "/downloads/The Witcher/Season 3/The Witcher - S03E02 - Unbound.mkv" cannot be found for analysis|
2025-08-31 08:59:00|ERROR   |root                            |Video file "/downloads/The Witcher/Season 3/The Witcher - S03E03 - Reunion.mkv" cannot be found for analysis|
2025-08-31 08:59:00|ERROR   |root                            |Video file "/downloads/The Witcher/Season 3/The Witcher - S03E04 - The Invitation.mkv" cannot be found for analysis|
2025-08-31 08:59:00|ERROR   |root                            |Video file "/downloads/The Witcher/Season 3/The Witcher - S03E05 - The Art of the Illusion.mkv" cannot be found for analysis|
2025-08-31 08:59:00|ERROR   |root                            |Video file "/downloads/The Witcher/Season 3/The Witcher - S03E06 - Everybody Has a Plan 'til They Get Punched in the Face.mkv" cannot be found for analysis|
2025-08-31 08:59:00|ERROR   |root                            |Video file "/downloads/The Witcher/Season 3/The Witcher - S03E07 - Out of the Fire, Into the Frying Pan.mkv" cannot be found for analysis|
2025-08-31 08:59:00|ERROR   |root                            |Video file "/downloads/The Witcher/Season 3/The Witcher - S03E08 - The Cost of Chaos.mkv" cannot be found for analysis|
2025-08-31 08:59:00|ERROR   |root                            |Video file "/downloads/A shop for killers/Season 1/A.Shop.for.Killers.KOREAN.S01E01.2024.1080p.WEBRip.x265.HEVC-kkolev33.mkv" cannot be found for analysis|
2025-08-31 08:59:00|ERROR   |root                            |Video file "/downloads/A shop for killers/Season 1/A.Shop.for.Killers.KOREAN.S01E02.2024.1080p.WEBRip.x265.HEVC-kkolev33.mkv" cannot be found for analysis|
2025-08-31 08:59:00|ERROR   |root                            |Video file "/downloads/A shop for killers/Season 1/A.Shop.for.Killers.KOREAN.S01E03.2024.1080p.WEBRip.x265.HEVC-kkolev33.mkv" cannot be found for analysis|
2025-08-31 08:59:00|ERROR   |root                            |Video file "/downloads/A shop for killers/Season 1/A.Shop.for.Killers.KOREAN.S01E04.2024.1080p.WEBRip.x265.HEVC-kkolev33.mkv" cannot be found for analysis|
2025-08-31 08:59:00|ERROR   |root                            |Video file "/downloads/A shop for killers/Season 1/A.Shop.for.Killers.KOREAN.S01E05.2024.1080p.WEBRip.x265.HEVC-kkolev33.mkv" cannot be found for analysis|
2025-08-31 08:59:00|ERROR   |root                            |Video file "/downloads/A shop for killers/Season 1/A.Shop.for.Killers.KOREAN.S01E06.2024.1080p.WEBRip.x265.HEVC-kkolev33.mkv" cannot be found for analysis|
2025-08-31 08:59:00|ERROR   |root                            |Video file "/downloads/A shop for killers/Season 1/A.Shop.for.Killers.KOREAN.S01E07.2024.1080p.WEBRip.x265.HEVC-kkolev33.mkv" cannot be found for analysis|
2025-08-31 08:59:00|ERROR   |root                            |Video file "/downloads/A shop for killers/Season 1/A.Shop.for.Killers.KOREAN.S01E08.2024.1080p.WEBRip.x265.HEVC-kkolev33.mkv" cannot be found for analysis|
2025-08-31 08:59:00|ERROR   |root                            |Video file "/downloads/Tulsa King/Season 1/Tulsa.King.S01E01.720p.AMZN.WEBRip.x264-GalaxyTV.mkv" cannot be found for analysis|
2025-08-31 08:59:00|ERROR   |root                            |Video file "/downloads/Tulsa King/Season 1/Tulsa.King.S01E02.720p.AMZN.WEBRip.x264-GalaxyTV.mkv" cannot be found for analysis|
2025-08-31 08:59:00|ERROR   |root                            |Video file "/downloads/Tulsa King/Season 1/Tulsa.King.S01E03.720p.AMZN.WEBRip.x264-GalaxyTV.mkv" cannot be found for analysis|
2025-08-31 08:59:00|ERROR   |root                            |Video file "/downloads/Tulsa King/Season 1/Tulsa.King.S01E04.720p.AMZN.WEBRip.x264-GalaxyTV.mkv" cannot be found for analysis|
2025-08-31 08:59:00|ERROR   |root                            |Video file "/downloads/Tulsa King/Season 1/Tulsa.King.S01E05.720p.AMZN.WEBRip.x264-GalaxyTV.mkv" cannot be found for analysis|
2025-08-31 08:59:00|ERROR   |root                            |Video file "/downloads/Tulsa King/Season 1/Tulsa.King.S01E06.720p.AMZN.WEBRip.x264-GalaxyTV.mkv" cannot be found for analysis|
2025-08-31 08:59:00|ERROR   |root                            |Video file "/downloads/Tulsa King/Season 1/Tulsa.King.S01E07.720p.AMZN.WEBRip.x264-GalaxyTV.mkv" cannot be found for analysis|
2025-08-31 08:59:00|ERROR   |root                            |Video file "/downloads/Tulsa King/Season 1/Tulsa.King.S01E08.720p.AMZN.WEBRip.x264-GalaxyTV.mkv" cannot be found for analysis|
2025-08-31 08:59:00|ERROR   |root                            |Video file "/downloads/Tulsa King/Season 1/Tulsa.King.S01E09.720p.AMZN.WEBRip.x264-GalaxyTV.mkv" cannot be found for analysis|
2025-08-31 08:59:00|ERROR   |root                            |Video file "/downloads/Tulsa King/Season 2/Tulsa.King.S02E01.480p.x264-RUBiK.mkv" cannot be found for analysis|
2025-08-31 08:59:00|ERROR   |root                            |Video file "/downloads/Tulsa King/Season 2/Tulsa.King.S02E02.480p.x264-RUBiK.mkv" cannot be found for analysis|
2025-08-31 08:59:00|ERROR   |root                            |Video file "/downloads/Tulsa King/Season 2/Tulsa.King.S02E03.480p.x264-RUBiK.mkv" cannot be found for analysis|
2025-08-31 08:59:00|ERROR   |root                            |Video file "/downloads/Tulsa King/Season 2/Tulsa.King.S02E04.480p.x264-RUBiK.mkv" cannot be found for analysis|
2025-08-31 08:59:00|ERROR   |root                            |Video file "/downloads/Tulsa King/Season 2/Tulsa.King.S02E05.480p.x264-RUBiK.mkv" cannot be found for analysis|
2025-08-31 08:59:00|ERROR   |root                            |Video file "/downloads/Tulsa King/Season 2/Tulsa.King.S02E06.480p.x264-RUBiK.mkv" cannot be found for analysis|
2025-08-31 08:59:00|ERROR   |root                            |Video file "/downloads/Tulsa King/Season 2/Tulsa.King.S02E07.480p.x264-RUBiK.mkv" cannot be found for analysis|
2025-08-31 08:59:00|ERROR   |root                            |Video file "/downloads/Tulsa King/Season 2/Tulsa.King.S02E08.480p.x264-RUBiK.mkv" cannot be found for analysis|
2025-08-31 08:59:00|ERROR   |root                            |Video file "/downloads/Tulsa King/Season 2/Tulsa.King.S02E09.480p.x264-RUBiK.mkv" cannot be found for analysis|
2025-08-31 08:59:00|ERROR   |root                            |Video file "/downloads/Tulsa King/Season 2/Tulsa.King.S02E10.480p.x264-RUBiK.mkv" cannot be found for analysis|
2025-08-31 09:59:00|ERROR   |root                            |Video file "/downloads/Wednesday/season 01/Wednesday.S01E01.WEBRip.x264-ION10[eztv.re].mp4" cannot be found for analysis|
2025-08-31 09:59:00|ERROR   |root                            |Video file "/downloads/Wednesday/season 01/Wednesday.S01E02.WEBRip.x264-ION10[eztv.re].mp4" cannot be found for analysis|
2025-08-31 09:59:00|ERROR   |root                            |Video file "/downloads/Wednesday/season 01/Wednesday.S01E03.WEBRip.x264-ION10[eztv.re].mp4" cannot be found for analysis|
2025-08-31 09:59:00|ERROR   |root                            |Video file "/downloads/Wednesday/season 01/Wednesday.S01E04.WEBRip.x264-ION10[eztv.re].mp4" cannot be found for analysis|
2025-08-31 09:59:00|ERROR   |root                            |Video file "/downloads/Wednesday/season 01/Wednesday.S01E05.WEBRip.x264-ION10[eztv.re].mp4" cannot be found for analysis|
2025-08-31 09:59:00|ERROR   |root                            |Video file "/downloads/Wednesday/season 01/Wednesday.S01E06.WEBRip.x264-ION10[eztv.re].mp4" cannot be found for analysis|
2025-08-31 09:59:00|ERROR   |root                            |Video file "/downloads/Wednesday/season 01/Wednesday.S01E07.WEBRip.x264-ION10[eztv.re].mp4" cannot be found for analysis|
2025-08-31 09:59:00|ERROR   |root                            |Video file "/downloads/Wednesday/season 01/Wednesday.S01E08.WEBRip.x264-ION10[eztv.re].mp4" cannot be found for analysis|
2025-08-31 09:59:00|ERROR   |root                            |Video file "/downloads/Wednesday/season 2/Wednesday S02E01 720p x264-FENiX[EZTVx.to].mkv" cannot be found for analysis|
2025-08-31 09:59:00|ERROR   |root                            |Video file "/downloads/Wednesday/season 2/Wednesday S02E02 720p x264-FENiX.mkv" cannot be found for analysis|
2025-08-31 09:59:00|ERROR   |root                            |Video file "/downloads/Wednesday/season 2/Wednesday S02E03 720p x264-FENiX.mkv" cannot be found for analysis|
2025-08-31 09:59:00|ERROR   |root                            |Video file "/downloads/Wednesday/season 2/Wednesday S02E04 720p x264-FENiX.mkv" cannot be found for analysis|
2025-08-31 09:59:00|ERROR   |root                            |Video file "/downloads/Squid Game/Season 2/Squid.Game.S02E01.480p.x264-mSD[EZTVx.to].mkv" cannot be found for analysis|
2025-08-31 09:59:00|ERROR   |root                            |Video file "/downloads/Squid Game/Season 2/Squid.Game.S02E02.MULTI.480p.x264-mSD[EZTVx.to].mkv" cannot be found for analysis|
2025-08-31 09:59:00|ERROR   |root                            |Video file "/downloads/Squid Game/Season 2/Squid.Game.S02E03.MULTI.480p.x264-mSD[EZTVx.to].mkv" cannot be found for analysis|
2025-08-31 09:59:00|ERROR   |root                            |Video file "/downloads/Squid Game/Season 2/Squid.Game.S02E04.MULTI.480p.x264-mSD[EZTVx.to].mkv" cannot be found for analysis|
2025-08-31 09:59:00|ERROR   |root                            |Video file "/downloads/Squid Game/Season 2/squid.game.s02e05.720p.web.h264-sylix.mkv" cannot be found for analysis|
2025-08-31 09:59:00|ERROR   |root                            |Video file "/downloads/Squid Game/Season 2/Squid.Game.S02E06.MULTI.1080p.WEB.X264-HiggsBoson[EZTVx.to].mkv" cannot be found for analysis|
2025-08-31 09:59:00|ERROR   |root                            |Video file "/downloads/Squid Game/Season 2/Squid.Game.S02E07.FINAL.MULTI.480p.x264-mSD[EZTVx.to].mkv" cannot be found for analysis|
2025-08-31 09:59:00|ERROR   |root                            |Video file "/downloads/Squid Game/Squid Game - Season 3 [Dual Audio]/Season 3/Squid Game - S03E01 - Keys and Knives.mkv" cannot be found for analysis|
2025-08-31 09:59:00|ERROR   |root                            |Video file "/downloads/Squid Game/Squid Game - Season 3 [Dual Audio]/Season 3/Squid Game - S03E02 - The Starry Night.mkv" cannot be found for analysis|
2025-08-31 09:59:00|ERROR   |root                            |Video file "/downloads/Squid Game/Squid Game - Season 3 [Dual Audio]/Season 3/Squid Game - S03E03 - It's Not Your Fault.mkv" cannot be found for analysis|
2025-08-31 09:59:00|ERROR   |root                            |Video file "/downloads/Squid Game/Squid Game - Season 3 [Dual Audio]/Season 3/Squid Game - S03E04 - 222.mkv" cannot be found for analysis|
2025-08-31 09:59:00|ERROR   |root                            |Video file "/downloads/Squid Game/Squid Game - Season 3 [Dual Audio]/Season 3/Squid Game - S03E05 - ○△□.mkv" cannot be found for analysis|
2025-08-31 09:59:00|ERROR   |root                            |Video file "/downloads/Squid Game/Squid Game - Season 3 [Dual Audio]/Season 3/Squid Game - S03E06 - Humans Are....mkv" cannot be found for analysis|
2025-08-31 09:59:00|ERROR   |root                            |Video file "/downloads/Hierarchy.S01/Hierarchy.S01E01.DUAL-AUDIO.KOR-ENG.1080p.10bit.WEBRip.6CH.x265.HEVC-PSA.mkv" cannot be found for analysis|
2025-08-31 09:59:00|ERROR   |root                            |Video file "/downloads/Hierarchy.S01/Hierarchy.S01E02.DUAL-AUDIO.KOR-ENG.1080p.10bit.WEBRip.6CH.x265.HEVC-PSA.mkv" cannot be found for analysis|
2025-08-31 09:59:00|ERROR   |root                            |Video file "/downloads/Hierarchy.S01/Hierarchy.S01E03.DUAL-AUDIO.KOR-ENG.1080p.10bit.WEBRip.6CH.x265.HEVC-PSA.mkv" cannot be found for analysis|
2025-08-31 09:59:00|ERROR   |root                            |Video file "/downloads/Hierarchy.S01/Hierarchy.S01E04.DUAL-AUDIO.KOR-ENG.1080p.10bit.WEBRip.6CH.x265.HEVC-PSA.mkv" cannot be found for analysis|
2025-08-31 09:59:00|ERROR   |root                            |Video file "/downloads/Hierarchy.S01/Hierarchy.S01E05.DUAL-AUDIO.KOR-ENG.1080p.10bit.WEBRip.6CH.x265.HEVC-PSA.mkv" cannot be found for analysis|
2025-08-31 09:59:00|ERROR   |root                            |Video file "/downloads/Hierarchy.S01/Hierarchy.S01E06.DUAL-AUDIO.KOR-ENG.1080p.10bit.WEBRip.6CH.x265.HEVC-PSA.mkv" cannot be found for analysis|
2025-08-31 09:59:00|ERROR   |root                            |Video file "/downloads/Hierarchy.S01/Hierarchy.S01E07.DUAL-AUDIO.KOR-ENG.1080p.10bit.WEBRip.6CH.x265.HEVC-PSA.mkv" cannot be found for analysis|
2025-08-31 09:59:00|ERROR   |root                            |Video file "/downloads/Vigilante 2023/Season 1/Vigilante.S01E01.1080p.DNSP.WEBRip.x264.mkv" cannot be found for analysis|
2025-08-31 09:59:00|ERROR   |root                            |Video file "/downloads/Vigilante 2023/Season 1/Vigilante.S01E02.1080p.DNSP.WEBRip.x264.mkv" cannot be found for analysis|
2025-08-31 09:59:00|ERROR   |root                            |Video file "/downloads/Vigilante 2023/Season 1/Vigilante.S01E03.1080p.DNSP.WEBRip.x264.mkv" cannot be found for analysis|
2025-08-31 09:59:00|ERROR   |root                            |Video file "/downloads/Vigilante 2023/Season 1/Vigilante.S01E04.1080p.DNSP.WEBRip.x264.mkv" cannot be found for analysis|
2025-08-31 09:59:00|ERROR   |root                            |Video file "/downloads/Vigilante 2023/Season 1/Vigilante.S01E05.1080p.DNSP.WEBRip.x264.mkv" cannot be found for analysis|
2025-08-31 09:59:00|ERROR   |root                            |Video file "/downloads/Vigilante 2023/Season 1/Vigilante.S01E06.1080p.DNSP.WEBRip.x264.mkv" cannot be found for analysis|
2025-08-31 09:59:00|ERROR   |root                            |Video file "/downloads/Vigilante 2023/Season 1/Vigilante.S01E07.1080p.DNSP.WEBRip.x264.mkv" cannot be found for analysis|
2025-08-31 09:59:00|ERROR   |root                            |Video file "/downloads/Vigilante 2023/Season 1/Vigilante.S01E08.1080p.DNSP.WEBRip.x264.mkv" cannot be found for analysis|
2025-08-31 09:59:00|ERROR   |root                            |Video file "/downloads/The Witcher/Season 1/The.Witcher.S01E01.720p.NF.WEBRip.x264-GalaxyTV.mkv" cannot be found for analysis|
2025-08-31 09:59:00|ERROR   |root                            |Video file "/downloads/The Witcher/Season 1/The.Witcher.S01E02.720p.NF.WEBRip.x264-GalaxyTV.mkv" cannot be found for analysis|
2025-08-31 09:59:00|ERROR   |root                            |Video file "/downloads/The Witcher/Season 1/The.Witcher.S01E03.720p.NF.WEBRip.x264-GalaxyTV.mkv" cannot be found for analysis|
2025-08-31 09:59:00|ERROR   |root                            |Video file "/downloads/The Witcher/Season 1/The.Witcher.S01E04.720p.NF.WEBRip.x264-GalaxyTV.mkv" cannot be found for analysis|
2025-08-31 09:59:00|ERROR   |root                            |Video file "/downloads/The Witcher/Season 1/The.Witcher.S01E05.720p.NF.WEBRip.x264-GalaxyTV.mkv" cannot be found for analysis|
2025-08-31 09:59:00|ERROR   |root                            |Video file "/downloads/The Witcher/Season 1/The.Witcher.S01E06.720p.NF.WEBRip.x264-GalaxyTV.mkv" cannot be found for analysis|
2025-08-31 09:59:00|ERROR   |root                            |Video file "/downloads/The Witcher/Season 1/The.Witcher.S01E07.720p.NF.WEBRip.x264-GalaxyTV.mkv" cannot be found for analysis|
2025-08-31 09:59:00|ERROR   |root                            |Video file "/downloads/The Witcher/Season 1/The.Witcher.S01E08.720p.NF.WEBRip.x264-GalaxyTV.mkv" cannot be found for analysis|
2025-08-31 09:59:00|ERROR   |root                            |Video file "/downloads/The Witcher/Season 2/The.Witcher.S02E01.720p.NF.WEBRip.x264-GalaxyTV.mkv" cannot be found for analysis|
2025-08-31 09:59:00|ERROR   |root                            |Video file "/downloads/The Witcher/Season 2/The.Witcher.S02E02.720p.NF.WEBRip.x264-GalaxyTV.mkv" cannot be found for analysis|
2025-08-31 09:59:00|ERROR   |root                            |Video file "/downloads/The Witcher/Season 2/The.Witcher.S02E03.720p.NF.WEBRip.x264-GalaxyTV.mkv" cannot be found for analysis|
2025-08-31 09:59:00|ERROR   |root                            |Video file "/downloads/The Witcher/Season 2/The.Witcher.S02E04.720p.NF.WEBRip.x264-GalaxyTV.mkv" cannot be found for analysis|
2025-08-31 09:59:00|ERROR   |root                            |Video file "/downloads/The Witcher/Season 2/The.Witcher.S02E05.720p.NF.WEBRip.x264-GalaxyTV.mkv" cannot be found for analysis|
2025-08-31 09:59:00|ERROR   |root                            |Video file "/downloads/The Witcher/Season 2/The.Witcher.S02E06.720p.NF.WEBRip.x264-GalaxyTV.mkv" cannot be found for analysis|
2025-08-31 09:59:00|ERROR   |root                            |Video file "/downloads/The Witcher/Season 2/The.Witcher.S02E07.720p.NF.WEBRip.x264-GalaxyTV.mkv" cannot be found for analysis|
2025-08-31 09:59:00|ERROR   |root                            |Video file "/downloads/The Witcher/Season 2/The.Witcher.S02E08.720p.NF.WEBRip.x264-GalaxyTV.mkv" cannot be found for analysis|
2025-08-31 09:59:00|ERROR   |root                            |Video file "/downloads/The Witcher/Season 3/The Witcher - S03E01 - Shaerrawedd.mkv" cannot be found for analysis|
2025-08-31 09:59:00|ERROR   |root                            |Video file "/downloads/The Witcher/Season 3/The Witcher - S03E02 - Unbound.mkv" cannot be found for analysis|
2025-08-31 09:59:00|ERROR   |root                            |Video file "/downloads/The Witcher/Season 3/The Witcher - S03E03 - Reunion.mkv" cannot be found for analysis|
2025-08-31 09:59:00|ERROR   |root                            |Video file "/downloads/The Witcher/Season 3/The Witcher - S03E04 - The Invitation.mkv" cannot be found for analysis|
2025-08-31 09:59:00|ERROR   |root                            |Video file "/downloads/The Witcher/Season 3/The Witcher - S03E05 - The Art of the Illusion.mkv" cannot be found for analysis|
2025-08-31 09:59:00|ERROR   |root                            |Video file "/downloads/The Witcher/Season 3/The Witcher - S03E06 - Everybody Has a Plan 'til They Get Punched in the Face.mkv" cannot be found for analysis|
2025-08-31 09:59:00|ERROR   |root                            |Video file "/downloads/The Witcher/Season 3/The Witcher - S03E07 - Out of the Fire, Into the Frying Pan.mkv" cannot be found for analysis|
2025-08-31 09:59:00|ERROR   |root                            |Video file "/downloads/The Witcher/Season 3/The Witcher - S03E08 - The Cost of Chaos.mkv" cannot be found for analysis|
2025-08-31 09:59:00|ERROR   |root                            |Video file "/downloads/A shop for killers/Season 1/A.Shop.for.Killers.KOREAN.S01E01.2024.1080p.WEBRip.x265.HEVC-kkolev33.mkv" cannot be found for analysis|
2025-08-31 09:59:00|ERROR   |root                            |Video file "/downloads/A shop for killers/Season 1/A.Shop.for.Killers.KOREAN.S01E02.2024.1080p.WEBRip.x265.HEVC-kkolev33.mkv" cannot be found for analysis|
2025-08-31 09:59:00|ERROR   |root                            |Video file "/downloads/A shop for killers/Season 1/A.Shop.for.Killers.KOREAN.S01E03.2024.1080p.WEBRip.x265.HEVC-kkolev33.mkv" cannot be found for analysis|
2025-08-31 09:59:00|ERROR   |root                            |Video file "/downloads/A shop for killers/Season 1/A.Shop.for.Killers.KOREAN.S01E04.2024.1080p.WEBRip.x265.HEVC-kkolev33.mkv" cannot be found for analysis|
2025-08-31 09:59:00|ERROR   |root                            |Video file "/downloads/A shop for killers/Season 1/A.Shop.for.Killers.KOREAN.S01E05.2024.1080p.WEBRip.x265.HEVC-kkolev33.mkv" cannot be found for analysis|
2025-08-31 09:59:00|ERROR   |root                            |Video file "/downloads/A shop for killers/Season 1/A.Shop.for.Killers.KOREAN.S01E06.2024.1080p.WEBRip.x265.HEVC-kkolev33.mkv" cannot be found for analysis|
2025-08-31 09:59:00|ERROR   |root                            |Video file "/downloads/A shop for killers/Season 1/A.Shop.for.Killers.KOREAN.S01E07.2024.1080p.WEBRip.x265.HEVC-kkolev33.mkv" cannot be found for analysis|
2025-08-31 09:59:00|ERROR   |root                            |Video file "/downloads/A shop for killers/Season 1/A.Shop.for.Killers.KOREAN.S01E08.2024.1080p.WEBRip.x265.HEVC-kkolev33.mkv" cannot be found for analysis|
2025-08-31 09:59:00|ERROR   |root                            |Video file "/downloads/Tulsa King/Season 1/Tulsa.King.S01E01.720p.AMZN.WEBRip.x264-GalaxyTV.mkv" cannot be found for analysis|
2025-08-31 09:59:00|ERROR   |root                            |Video file "/downloads/Tulsa King/Season 1/Tulsa.King.S01E02.720p.AMZN.WEBRip.x264-GalaxyTV.mkv" cannot be found for analysis|
2025-08-31 09:59:00|ERROR   |root                            |Video file "/downloads/Tulsa King/Season 1/Tulsa.King.S01E03.720p.AMZN.WEBRip.x264-GalaxyTV.mkv" cannot be found for analysis|
2025-08-31 09:59:00|ERROR   |root                            |Video file "/downloads/Tulsa King/Season 1/Tulsa.King.S01E04.720p.AMZN.WEBRip.x264-GalaxyTV.mkv" cannot be found for analysis|
2025-08-31 09:59:00|ERROR   |root                            |Video file "/downloads/Tulsa King/Season 1/Tulsa.King.S01E05.720p.AMZN.WEBRip.x264-GalaxyTV.mkv" cannot be found for analysis|
2025-08-31 09:59:00|ERROR   |root                            |Video file "/downloads/Tulsa King/Season 1/Tulsa.King.S01E06.720p.AMZN.WEBRip.x264-GalaxyTV.mkv" cannot be found for analysis|
2025-08-31 09:59:00|ERROR   |root                            |Video file "/downloads/Tulsa King/Season 1/Tulsa.King.S01E07.720p.AMZN.WEBRip.x264-GalaxyTV.mkv" cannot be found for analysis|
2025-08-31 09:59:00|ERROR   |root                            |Video file "/downloads/Tulsa King/Season 1/Tulsa.King.S01E08.720p.AMZN.WEBRip.x264-GalaxyTV.mkv" cannot be found for analysis|
2025-08-31 09:59:00|ERROR   |root                            |Video file "/downloads/Tulsa King/Season 1/Tulsa.King.S01E09.720p.AMZN.WEBRip.x264-GalaxyTV.mkv" cannot be found for analysis|
2025-08-31 09:59:00|ERROR   |root                            |Video file "/downloads/Tulsa King/Season 2/Tulsa.King.S02E01.480p.x264-RUBiK.mkv" cannot be found for analysis|
2025-08-31 09:59:00|ERROR   |root                            |Video file "/downloads/Tulsa King/Season 2/Tulsa.King.S02E02.480p.x264-RUBiK.mkv" cannot be found for analysis|
2025-08-31 09:59:00|ERROR   |root                            |Video file "/downloads/Tulsa King/Season 2/Tulsa.King.S02E03.480p.x264-RUBiK.mkv" cannot be found for analysis|
2025-08-31 09:59:00|ERROR   |root                            |Video file "/downloads/Tulsa King/Season 2/Tulsa.King.S02E04.480p.x264-RUBiK.mkv" cannot be found for analysis|
2025-08-31 09:59:00|ERROR   |root                            |Video file "/downloads/Tulsa King/Season 2/Tulsa.King.S02E05.480p.x264-RUBiK.mkv" cannot be found for analysis|
2025-08-31 09:59:00|ERROR   |root                            |Video file "/downloads/Tulsa King/Season 2/Tulsa.King.S02E06.480p.x264-RUBiK.mkv" cannot be found for analysis|
2025-08-31 09:59:00|ERROR   |root                            |Video file "/downloads/Tulsa King/Season 2/Tulsa.King.S02E07.480p.x264-RUBiK.mkv" cannot be found for analysis|
2025-08-31 09:59:00|ERROR   |root                            |Video file "/downloads/Tulsa King/Season 2/Tulsa.King.S02E08.480p.x264-RUBiK.mkv" cannot be found for analysis|
2025-08-31 09:59:00|ERROR   |root                            |Video file "/downloads/Tulsa King/Season 2/Tulsa.King.S02E09.480p.x264-RUBiK.mkv" cannot be found for analysis|
2025-08-31 09:59:00|ERROR   |root                            |Video file "/downloads/Tulsa King/Season 2/Tulsa.King.S02E10.480p.x264-RUBiK.mkv" cannot be found for analysis|
2025-08-31 10:49:09|ERROR   |root                            |BAZARR Error (Path does not exist) trying to get video information for this file: /downloads/Vigilante 2023/Season 1/Vigilante.S01E01.1080p.DNSP.WEBRip.x264.mkv|'Traceback (most recent call last):\n  File "/app/bazarr/bin/bazarr/subtitles/utils.py", line 35, in get_video\n    video = parse_video(path, hints=hints, skip_hashing=skip_hashing, dry_run=False, providers=providers)\n            ^^^^^^^^^^^^^^^^^^^^^^^^^^^^^^^^^^^^^^^^^^^^^^^^^^^^^^^^^^^^^^^^^^^^^^^^^^^^^^^^^^^^^^^^^^^^^\n  File "/app/bazarr/bin/bazarr/../custom_libs/subzero/video.py", line 61, in parse_video\n    return scan_video(fn, hints=hints, dont_use_actual_file=dry_run, providers=providers,\n           ^^^^^^^^^^^^^^^^^^^^^^^^^^^^^^^^^^^^^^^^^^^^^^^^^^^^^^^^^^^^^^^^^^^^^^^^^^^^^^\n  File "/app/bazarr/bin/bazarr/../custom_libs/subliminal_patch/core.py", line 839, in scan_video\n    raise ValueError(\'Path does not exist\')\nValueError: Path does not exist'|
2025-08-31 10:49:09|ERROR   |root                            |BAZARR Error (Path does not exist) trying to get video information for this file: /downloads/Vigilante 2023/Season 1/Vigilante.S01E02.1080p.DNSP.WEBRip.x264.mkv|'Traceback (most recent call last):\n  File "/app/bazarr/bin/bazarr/subtitles/utils.py", line 35, in get_video\n    video = parse_video(path, hints=hints, skip_hashing=skip_hashing, dry_run=False, providers=providers)\n            ^^^^^^^^^^^^^^^^^^^^^^^^^^^^^^^^^^^^^^^^^^^^^^^^^^^^^^^^^^^^^^^^^^^^^^^^^^^^^^^^^^^^^^^^^^^^^\n  File "/app/bazarr/bin/bazarr/../custom_libs/subzero/video.py", line 61, in parse_video\n    return scan_video(fn, hints=hints, dont_use_actual_file=dry_run, providers=providers,\n           ^^^^^^^^^^^^^^^^^^^^^^^^^^^^^^^^^^^^^^^^^^^^^^^^^^^^^^^^^^^^^^^^^^^^^^^^^^^^^^\n  File "/app/bazarr/bin/bazarr/../custom_libs/subliminal_patch/core.py", line 839, in scan_video\n    raise ValueError(\'Path does not exist\')\nValueError: Path does not exist'|
2025-08-31 10:49:09|ERROR   |root                            |BAZARR Error (Path does not exist) trying to get video information for this file: /downloads/Vigilante 2023/Season 1/Vigilante.S01E03.1080p.DNSP.WEBRip.x264.mkv|'Traceback (most recent call last):\n  File "/app/bazarr/bin/bazarr/subtitles/utils.py", line 35, in get_video\n    video = parse_video(path, hints=hints, skip_hashing=skip_hashing, dry_run=False, providers=providers)\n            ^^^^^^^^^^^^^^^^^^^^^^^^^^^^^^^^^^^^^^^^^^^^^^^^^^^^^^^^^^^^^^^^^^^^^^^^^^^^^^^^^^^^^^^^^^^^^\n  File "/app/bazarr/bin/bazarr/../custom_libs/subzero/video.py", line 61, in parse_video\n    return scan_video(fn, hints=hints, dont_use_actual_file=dry_run, providers=providers,\n           ^^^^^^^^^^^^^^^^^^^^^^^^^^^^^^^^^^^^^^^^^^^^^^^^^^^^^^^^^^^^^^^^^^^^^^^^^^^^^^\n  File "/app/bazarr/bin/bazarr/../custom_libs/subliminal_patch/core.py", line 839, in scan_video\n    raise ValueError(\'Path does not exist\')\nValueError: Path does not exist'|
2025-08-31 10:49:09|ERROR   |root                            |BAZARR Error (Path does not exist) trying to get video information for this file: /downloads/Vigilante 2023/Season 1/Vigilante.S01E04.1080p.DNSP.WEBRip.x264.mkv|'Traceback (most recent call last):\n  File "/app/bazarr/bin/bazarr/subtitles/utils.py", line 35, in get_video\n    video = parse_video(path, hints=hints, skip_hashing=skip_hashing, dry_run=False, providers=providers)\n            ^^^^^^^^^^^^^^^^^^^^^^^^^^^^^^^^^^^^^^^^^^^^^^^^^^^^^^^^^^^^^^^^^^^^^^^^^^^^^^^^^^^^^^^^^^^^^\n  File "/app/bazarr/bin/bazarr/../custom_libs/subzero/video.py", line 61, in parse_video\n    return scan_video(fn, hints=hints, dont_use_actual_file=dry_run, providers=providers,\n           ^^^^^^^^^^^^^^^^^^^^^^^^^^^^^^^^^^^^^^^^^^^^^^^^^^^^^^^^^^^^^^^^^^^^^^^^^^^^^^\n  File "/app/bazarr/bin/bazarr/../custom_libs/subliminal_patch/core.py", line 839, in scan_video\n    raise ValueError(\'Path does not exist\')\nValueError: Path does not exist'|
2025-08-31 10:49:09|ERROR   |root                            |BAZARR Error (Path does not exist) trying to get video information for this file: /downloads/Vigilante 2023/Season 1/Vigilante.S01E05.1080p.DNSP.WEBRip.x264.mkv|'Traceback (most recent call last):\n  File "/app/bazarr/bin/bazarr/subtitles/utils.py", line 35, in get_video\n    video = parse_video(path, hints=hints, skip_hashing=skip_hashing, dry_run=False, providers=providers)\n            ^^^^^^^^^^^^^^^^^^^^^^^^^^^^^^^^^^^^^^^^^^^^^^^^^^^^^^^^^^^^^^^^^^^^^^^^^^^^^^^^^^^^^^^^^^^^^\n  File "/app/bazarr/bin/bazarr/../custom_libs/subzero/video.py", line 61, in parse_video\n    return scan_video(fn, hints=hints, dont_use_actual_file=dry_run, providers=providers,\n           ^^^^^^^^^^^^^^^^^^^^^^^^^^^^^^^^^^^^^^^^^^^^^^^^^^^^^^^^^^^^^^^^^^^^^^^^^^^^^^\n  File "/app/bazarr/bin/bazarr/../custom_libs/subliminal_patch/core.py", line 839, in scan_video\n    raise ValueError(\'Path does not exist\')\nValueError: Path does not exist'|
2025-08-31 10:49:09|ERROR   |root                            |BAZARR Error (Path does not exist) trying to get video information for this file: /downloads/Vigilante 2023/Season 1/Vigilante.S01E06.1080p.DNSP.WEBRip.x264.mkv|'Traceback (most recent call last):\n  File "/app/bazarr/bin/bazarr/subtitles/utils.py", line 35, in get_video\n    video = parse_video(path, hints=hints, skip_hashing=skip_hashing, dry_run=False, providers=providers)\n            ^^^^^^^^^^^^^^^^^^^^^^^^^^^^^^^^^^^^^^^^^^^^^^^^^^^^^^^^^^^^^^^^^^^^^^^^^^^^^^^^^^^^^^^^^^^^^\n  File "/app/bazarr/bin/bazarr/../custom_libs/subzero/video.py", line 61, in parse_video\n    return scan_video(fn, hints=hints, dont_use_actual_file=dry_run, providers=providers,\n           ^^^^^^^^^^^^^^^^^^^^^^^^^^^^^^^^^^^^^^^^^^^^^^^^^^^^^^^^^^^^^^^^^^^^^^^^^^^^^^\n  File "/app/bazarr/bin/bazarr/../custom_libs/subliminal_patch/core.py", line 839, in scan_video\n    raise ValueError(\'Path does not exist\')\nValueError: Path does not exist'|
2025-08-31 10:49:09|ERROR   |root                            |BAZARR Error (Path does not exist) trying to get video information for this file: /downloads/Vigilante 2023/Season 1/Vigilante.S01E07.1080p.DNSP.WEBRip.x264.mkv|'Traceback (most recent call last):\n  File "/app/bazarr/bin/bazarr/subtitles/utils.py", line 35, in get_video\n    video = parse_video(path, hints=hints, skip_hashing=skip_hashing, dry_run=False, providers=providers)\n            ^^^^^^^^^^^^^^^^^^^^^^^^^^^^^^^^^^^^^^^^^^^^^^^^^^^^^^^^^^^^^^^^^^^^^^^^^^^^^^^^^^^^^^^^^^^^^\n  File "/app/bazarr/bin/bazarr/../custom_libs/subzero/video.py", line 61, in parse_video\n    return scan_video(fn, hints=hints, dont_use_actual_file=dry_run, providers=providers,\n           ^^^^^^^^^^^^^^^^^^^^^^^^^^^^^^^^^^^^^^^^^^^^^^^^^^^^^^^^^^^^^^^^^^^^^^^^^^^^^^\n  File "/app/bazarr/bin/bazarr/../custom_libs/subliminal_patch/core.py", line 839, in scan_video\n    raise ValueError(\'Path does not exist\')\nValueError: Path does not exist'|
2025-08-31 10:49:09|ERROR   |root                            |BAZARR Error (Path does not exist) trying to get video information for this file: /downloads/Vigilante 2023/Season 1/Vigilante.S01E08.1080p.DNSP.WEBRip.x264.mkv|'Traceback (most recent call last):\n  File "/app/bazarr/bin/bazarr/subtitles/utils.py", line 35, in get_video\n    video = parse_video(path, hints=hints, skip_hashing=skip_hashing, dry_run=False, providers=providers)\n            ^^^^^^^^^^^^^^^^^^^^^^^^^^^^^^^^^^^^^^^^^^^^^^^^^^^^^^^^^^^^^^^^^^^^^^^^^^^^^^^^^^^^^^^^^^^^^\n  File "/app/bazarr/bin/bazarr/../custom_libs/subzero/video.py", line 61, in parse_video\n    return scan_video(fn, hints=hints, dont_use_actual_file=dry_run, providers=providers,\n           ^^^^^^^^^^^^^^^^^^^^^^^^^^^^^^^^^^^^^^^^^^^^^^^^^^^^^^^^^^^^^^^^^^^^^^^^^^^^^^\n  File "/app/bazarr/bin/bazarr/../custom_libs/subliminal_patch/core.py", line 839, in scan_video\n    raise ValueError(\'Path does not exist\')\nValueError: Path does not exist'|
2025-08-31 10:49:09|ERROR   |root                            |BAZARR Error (Path does not exist) trying to get video information for this file: /downloads/The Witcher/Season 1/The.Witcher.S01E01.720p.NF.WEBRip.x264-GalaxyTV.mkv|'Traceback (most recent call last):\n  File "/app/bazarr/bin/bazarr/subtitles/utils.py", line 35, in get_video\n    video = parse_video(path, hints=hints, skip_hashing=skip_hashing, dry_run=False, providers=providers)\n            ^^^^^^^^^^^^^^^^^^^^^^^^^^^^^^^^^^^^^^^^^^^^^^^^^^^^^^^^^^^^^^^^^^^^^^^^^^^^^^^^^^^^^^^^^^^^^\n  File "/app/bazarr/bin/bazarr/../custom_libs/subzero/video.py", line 61, in parse_video\n    return scan_video(fn, hints=hints, dont_use_actual_file=dry_run, providers=providers,\n           ^^^^^^^^^^^^^^^^^^^^^^^^^^^^^^^^^^^^^^^^^^^^^^^^^^^^^^^^^^^^^^^^^^^^^^^^^^^^^^\n  File "/app/bazarr/bin/bazarr/../custom_libs/subliminal_patch/core.py", line 839, in scan_video\n    raise ValueError(\'Path does not exist\')\nValueError: Path does not exist'|
2025-08-31 10:49:09|ERROR   |root                            |BAZARR Error (Path does not exist) trying to get video information for this file: /downloads/The Witcher/Season 1/The.Witcher.S01E02.720p.NF.WEBRip.x264-GalaxyTV.mkv|'Traceback (most recent call last):\n  File "/app/bazarr/bin/bazarr/subtitles/utils.py", line 35, in get_video\n    video = parse_video(path, hints=hints, skip_hashing=skip_hashing, dry_run=False, providers=providers)\n            ^^^^^^^^^^^^^^^^^^^^^^^^^^^^^^^^^^^^^^^^^^^^^^^^^^^^^^^^^^^^^^^^^^^^^^^^^^^^^^^^^^^^^^^^^^^^^\n  File "/app/bazarr/bin/bazarr/../custom_libs/subzero/video.py", line 61, in parse_video\n    return scan_video(fn, hints=hints, dont_use_actual_file=dry_run, providers=providers,\n           ^^^^^^^^^^^^^^^^^^^^^^^^^^^^^^^^^^^^^^^^^^^^^^^^^^^^^^^^^^^^^^^^^^^^^^^^^^^^^^\n  File "/app/bazarr/bin/bazarr/../custom_libs/subliminal_patch/core.py", line 839, in scan_video\n    raise ValueError(\'Path does not exist\')\nValueError: Path does not exist'|
2025-08-31 10:49:09|ERROR   |root                            |BAZARR Error (Path does not exist) trying to get video information for this file: /downloads/The Witcher/Season 1/The.Witcher.S01E03.720p.NF.WEBRip.x264-GalaxyTV.mkv|'Traceback (most recent call last):\n  File "/app/bazarr/bin/bazarr/subtitles/utils.py", line 35, in get_video\n    video = parse_video(path, hints=hints, skip_hashing=skip_hashing, dry_run=False, providers=providers)\n            ^^^^^^^^^^^^^^^^^^^^^^^^^^^^^^^^^^^^^^^^^^^^^^^^^^^^^^^^^^^^^^^^^^^^^^^^^^^^^^^^^^^^^^^^^^^^^\n  File "/app/bazarr/bin/bazarr/../custom_libs/subzero/video.py", line 61, in parse_video\n    return scan_video(fn, hints=hints, dont_use_actual_file=dry_run, providers=providers,\n           ^^^^^^^^^^^^^^^^^^^^^^^^^^^^^^^^^^^^^^^^^^^^^^^^^^^^^^^^^^^^^^^^^^^^^^^^^^^^^^\n  File "/app/bazarr/bin/bazarr/../custom_libs/subliminal_patch/core.py", line 839, in scan_video\n    raise ValueError(\'Path does not exist\')\nValueError: Path does not exist'|
2025-08-31 10:49:09|ERROR   |root                            |BAZARR Error (Path does not exist) trying to get video information for this file: /downloads/The Witcher/Season 1/The.Witcher.S01E04.720p.NF.WEBRip.x264-GalaxyTV.mkv|'Traceback (most recent call last):\n  File "/app/bazarr/bin/bazarr/subtitles/utils.py", line 35, in get_video\n    video = parse_video(path, hints=hints, skip_hashing=skip_hashing, dry_run=False, providers=providers)\n            ^^^^^^^^^^^^^^^^^^^^^^^^^^^^^^^^^^^^^^^^^^^^^^^^^^^^^^^^^^^^^^^^^^^^^^^^^^^^^^^^^^^^^^^^^^^^^\n  File "/app/bazarr/bin/bazarr/../custom_libs/subzero/video.py", line 61, in parse_video\n    return scan_video(fn, hints=hints, dont_use_actual_file=dry_run, providers=providers,\n           ^^^^^^^^^^^^^^^^^^^^^^^^^^^^^^^^^^^^^^^^^^^^^^^^^^^^^^^^^^^^^^^^^^^^^^^^^^^^^^\n  File "/app/bazarr/bin/bazarr/../custom_libs/subliminal_patch/core.py", line 839, in scan_video\n    raise ValueError(\'Path does not exist\')\nValueError: Path does not exist'|
2025-08-31 10:49:09|ERROR   |root                            |BAZARR Error (Path does not exist) trying to get video information for this file: /downloads/The Witcher/Season 1/The.Witcher.S01E05.720p.NF.WEBRip.x264-GalaxyTV.mkv|'Traceback (most recent call last):\n  File "/app/bazarr/bin/bazarr/subtitles/utils.py", line 35, in get_video\n    video = parse_video(path, hints=hints, skip_hashing=skip_hashing, dry_run=False, providers=providers)\n            ^^^^^^^^^^^^^^^^^^^^^^^^^^^^^^^^^^^^^^^^^^^^^^^^^^^^^^^^^^^^^^^^^^^^^^^^^^^^^^^^^^^^^^^^^^^^^\n  File "/app/bazarr/bin/bazarr/../custom_libs/subzero/video.py", line 61, in parse_video\n    return scan_video(fn, hints=hints, dont_use_actual_file=dry_run, providers=providers,\n           ^^^^^^^^^^^^^^^^^^^^^^^^^^^^^^^^^^^^^^^^^^^^^^^^^^^^^^^^^^^^^^^^^^^^^^^^^^^^^^\n  File "/app/bazarr/bin/bazarr/../custom_libs/subliminal_patch/core.py", line 839, in scan_video\n    raise ValueError(\'Path does not exist\')\nValueError: Path does not exist'|
2025-08-31 10:49:09|ERROR   |root                            |BAZARR Error (Path does not exist) trying to get video information for this file: /downloads/The Witcher/Season 1/The.Witcher.S01E06.720p.NF.WEBRip.x264-GalaxyTV.mkv|'Traceback (most recent call last):\n  File "/app/bazarr/bin/bazarr/subtitles/utils.py", line 35, in get_video\n    video = parse_video(path, hints=hints, skip_hashing=skip_hashing, dry_run=False, providers=providers)\n            ^^^^^^^^^^^^^^^^^^^^^^^^^^^^^^^^^^^^^^^^^^^^^^^^^^^^^^^^^^^^^^^^^^^^^^^^^^^^^^^^^^^^^^^^^^^^^\n  File "/app/bazarr/bin/bazarr/../custom_libs/subzero/video.py", line 61, in parse_video\n    return scan_video(fn, hints=hints, dont_use_actual_file=dry_run, providers=providers,\n           ^^^^^^^^^^^^^^^^^^^^^^^^^^^^^^^^^^^^^^^^^^^^^^^^^^^^^^^^^^^^^^^^^^^^^^^^^^^^^^\n  File "/app/bazarr/bin/bazarr/../custom_libs/subliminal_patch/core.py", line 839, in scan_video\n    raise ValueError(\'Path does not exist\')\nValueError: Path does not exist'|
2025-08-31 10:49:09|ERROR   |root                            |BAZARR Error (Path does not exist) trying to get video information for this file: /downloads/The Witcher/Season 1/The.Witcher.S01E07.720p.NF.WEBRip.x264-GalaxyTV.mkv|'Traceback (most recent call last):\n  File "/app/bazarr/bin/bazarr/subtitles/utils.py", line 35, in get_video\n    video = parse_video(path, hints=hints, skip_hashing=skip_hashing, dry_run=False, providers=providers)\n            ^^^^^^^^^^^^^^^^^^^^^^^^^^^^^^^^^^^^^^^^^^^^^^^^^^^^^^^^^^^^^^^^^^^^^^^^^^^^^^^^^^^^^^^^^^^^^\n  File "/app/bazarr/bin/bazarr/../custom_libs/subzero/video.py", line 61, in parse_video\n    return scan_video(fn, hints=hints, dont_use_actual_file=dry_run, providers=providers,\n           ^^^^^^^^^^^^^^^^^^^^^^^^^^^^^^^^^^^^^^^^^^^^^^^^^^^^^^^^^^^^^^^^^^^^^^^^^^^^^^\n  File "/app/bazarr/bin/bazarr/../custom_libs/subliminal_patch/core.py", line 839, in scan_video\n    raise ValueError(\'Path does not exist\')\nValueError: Path does not exist'|
2025-08-31 10:49:10|ERROR   |root                            |BAZARR Error (Path does not exist) trying to get video information for this file: /downloads/The Witcher/Season 1/The.Witcher.S01E08.720p.NF.WEBRip.x264-GalaxyTV.mkv|'Traceback (most recent call last):\n  File "/app/bazarr/bin/bazarr/subtitles/utils.py", line 35, in get_video\n    video = parse_video(path, hints=hints, skip_hashing=skip_hashing, dry_run=False, providers=providers)\n            ^^^^^^^^^^^^^^^^^^^^^^^^^^^^^^^^^^^^^^^^^^^^^^^^^^^^^^^^^^^^^^^^^^^^^^^^^^^^^^^^^^^^^^^^^^^^^\n  File "/app/bazarr/bin/bazarr/../custom_libs/subzero/video.py", line 61, in parse_video\n    return scan_video(fn, hints=hints, dont_use_actual_file=dry_run, providers=providers,\n           ^^^^^^^^^^^^^^^^^^^^^^^^^^^^^^^^^^^^^^^^^^^^^^^^^^^^^^^^^^^^^^^^^^^^^^^^^^^^^^\n  File "/app/bazarr/bin/bazarr/../custom_libs/subliminal_patch/core.py", line 839, in scan_video\n    raise ValueError(\'Path does not exist\')\nValueError: Path does not exist'|
2025-08-31 10:49:10|ERROR   |root                            |BAZARR Error (Path does not exist) trying to get video information for this file: /downloads/The Witcher/Season 2/The.Witcher.S02E01.720p.NF.WEBRip.x264-GalaxyTV.mkv|'Traceback (most recent call last):\n  File "/app/bazarr/bin/bazarr/subtitles/utils.py", line 35, in get_video\n    video = parse_video(path, hints=hints, skip_hashing=skip_hashing, dry_run=False, providers=providers)\n            ^^^^^^^^^^^^^^^^^^^^^^^^^^^^^^^^^^^^^^^^^^^^^^^^^^^^^^^^^^^^^^^^^^^^^^^^^^^^^^^^^^^^^^^^^^^^^\n  File "/app/bazarr/bin/bazarr/../custom_libs/subzero/video.py", line 61, in parse_video\n    return scan_video(fn, hints=hints, dont_use_actual_file=dry_run, providers=providers,\n           ^^^^^^^^^^^^^^^^^^^^^^^^^^^^^^^^^^^^^^^^^^^^^^^^^^^^^^^^^^^^^^^^^^^^^^^^^^^^^^\n  File "/app/bazarr/bin/bazarr/../custom_libs/subliminal_patch/core.py", line 839, in scan_video\n    raise ValueError(\'Path does not exist\')\nValueError: Path does not exist'|
2025-08-31 10:49:10|ERROR   |root                            |BAZARR Error (Path does not exist) trying to get video information for this file: /downloads/The Witcher/Season 2/The.Witcher.S02E02.720p.NF.WEBRip.x264-GalaxyTV.mkv|'Traceback (most recent call last):\n  File "/app/bazarr/bin/bazarr/subtitles/utils.py", line 35, in get_video\n    video = parse_video(path, hints=hints, skip_hashing=skip_hashing, dry_run=False, providers=providers)\n            ^^^^^^^^^^^^^^^^^^^^^^^^^^^^^^^^^^^^^^^^^^^^^^^^^^^^^^^^^^^^^^^^^^^^^^^^^^^^^^^^^^^^^^^^^^^^^\n  File "/app/bazarr/bin/bazarr/../custom_libs/subzero/video.py", line 61, in parse_video\n    return scan_video(fn, hints=hints, dont_use_actual_file=dry_run, providers=providers,\n           ^^^^^^^^^^^^^^^^^^^^^^^^^^^^^^^^^^^^^^^^^^^^^^^^^^^^^^^^^^^^^^^^^^^^^^^^^^^^^^\n  File "/app/bazarr/bin/bazarr/../custom_libs/subliminal_patch/core.py", line 839, in scan_video\n    raise ValueError(\'Path does not exist\')\nValueError: Path does not exist'|
2025-08-31 10:49:10|ERROR   |root                            |BAZARR Error (Path does not exist) trying to get video information for this file: /downloads/The Witcher/Season 2/The.Witcher.S02E03.720p.NF.WEBRip.x264-GalaxyTV.mkv|'Traceback (most recent call last):\n  File "/app/bazarr/bin/bazarr/subtitles/utils.py", line 35, in get_video\n    video = parse_video(path, hints=hints, skip_hashing=skip_hashing, dry_run=False, providers=providers)\n            ^^^^^^^^^^^^^^^^^^^^^^^^^^^^^^^^^^^^^^^^^^^^^^^^^^^^^^^^^^^^^^^^^^^^^^^^^^^^^^^^^^^^^^^^^^^^^\n  File "/app/bazarr/bin/bazarr/../custom_libs/subzero/video.py", line 61, in parse_video\n    return scan_video(fn, hints=hints, dont_use_actual_file=dry_run, providers=providers,\n           ^^^^^^^^^^^^^^^^^^^^^^^^^^^^^^^^^^^^^^^^^^^^^^^^^^^^^^^^^^^^^^^^^^^^^^^^^^^^^^\n  File "/app/bazarr/bin/bazarr/../custom_libs/subliminal_patch/core.py", line 839, in scan_video\n    raise ValueError(\'Path does not exist\')\nValueError: Path does not exist'|
2025-08-31 10:49:10|ERROR   |root                            |BAZARR Error (Path does not exist) trying to get video information for this file: /downloads/The Witcher/Season 2/The.Witcher.S02E04.720p.NF.WEBRip.x264-GalaxyTV.mkv|'Traceback (most recent call last):\n  File "/app/bazarr/bin/bazarr/subtitles/utils.py", line 35, in get_video\n    video = parse_video(path, hints=hints, skip_hashing=skip_hashing, dry_run=False, providers=providers)\n            ^^^^^^^^^^^^^^^^^^^^^^^^^^^^^^^^^^^^^^^^^^^^^^^^^^^^^^^^^^^^^^^^^^^^^^^^^^^^^^^^^^^^^^^^^^^^^\n  File "/app/bazarr/bin/bazarr/../custom_libs/subzero/video.py", line 61, in parse_video\n    return scan_video(fn, hints=hints, dont_use_actual_file=dry_run, providers=providers,\n           ^^^^^^^^^^^^^^^^^^^^^^^^^^^^^^^^^^^^^^^^^^^^^^^^^^^^^^^^^^^^^^^^^^^^^^^^^^^^^^\n  File "/app/bazarr/bin/bazarr/../custom_libs/subliminal_patch/core.py", line 839, in scan_video\n    raise ValueError(\'Path does not exist\')\nValueError: Path does not exist'|
2025-08-31 10:49:10|ERROR   |root                            |BAZARR Error (Path does not exist) trying to get video information for this file: /downloads/The Witcher/Season 2/The.Witcher.S02E05.720p.NF.WEBRip.x264-GalaxyTV.mkv|'Traceback (most recent call last):\n  File "/app/bazarr/bin/bazarr/subtitles/utils.py", line 35, in get_video\n    video = parse_video(path, hints=hints, skip_hashing=skip_hashing, dry_run=False, providers=providers)\n            ^^^^^^^^^^^^^^^^^^^^^^^^^^^^^^^^^^^^^^^^^^^^^^^^^^^^^^^^^^^^^^^^^^^^^^^^^^^^^^^^^^^^^^^^^^^^^\n  File "/app/bazarr/bin/bazarr/../custom_libs/subzero/video.py", line 61, in parse_video\n    return scan_video(fn, hints=hints, dont_use_actual_file=dry_run, providers=providers,\n           ^^^^^^^^^^^^^^^^^^^^^^^^^^^^^^^^^^^^^^^^^^^^^^^^^^^^^^^^^^^^^^^^^^^^^^^^^^^^^^\n  File "/app/bazarr/bin/bazarr/../custom_libs/subliminal_patch/core.py", line 839, in scan_video\n    raise ValueError(\'Path does not exist\')\nValueError: Path does not exist'|
2025-08-31 10:49:10|ERROR   |root                            |BAZARR Error (Path does not exist) trying to get video information for this file: /downloads/The Witcher/Season 2/The.Witcher.S02E06.720p.NF.WEBRip.x264-GalaxyTV.mkv|'Traceback (most recent call last):\n  File "/app/bazarr/bin/bazarr/subtitles/utils.py", line 35, in get_video\n    video = parse_video(path, hints=hints, skip_hashing=skip_hashing, dry_run=False, providers=providers)\n            ^^^^^^^^^^^^^^^^^^^^^^^^^^^^^^^^^^^^^^^^^^^^^^^^^^^^^^^^^^^^^^^^^^^^^^^^^^^^^^^^^^^^^^^^^^^^^\n  File "/app/bazarr/bin/bazarr/../custom_libs/subzero/video.py", line 61, in parse_video\n    return scan_video(fn, hints=hints, dont_use_actual_file=dry_run, providers=providers,\n           ^^^^^^^^^^^^^^^^^^^^^^^^^^^^^^^^^^^^^^^^^^^^^^^^^^^^^^^^^^^^^^^^^^^^^^^^^^^^^^\n  File "/app/bazarr/bin/bazarr/../custom_libs/subliminal_patch/core.py", line 839, in scan_video\n    raise ValueError(\'Path does not exist\')\nValueError: Path does not exist'|
2025-08-31 10:49:10|ERROR   |root                            |BAZARR Error (Path does not exist) trying to get video information for this file: /downloads/The Witcher/Season 2/The.Witcher.S02E07.720p.NF.WEBRip.x264-GalaxyTV.mkv|'Traceback (most recent call last):\n  File "/app/bazarr/bin/bazarr/subtitles/utils.py", line 35, in get_video\n    video = parse_video(path, hints=hints, skip_hashing=skip_hashing, dry_run=False, providers=providers)\n            ^^^^^^^^^^^^^^^^^^^^^^^^^^^^^^^^^^^^^^^^^^^^^^^^^^^^^^^^^^^^^^^^^^^^^^^^^^^^^^^^^^^^^^^^^^^^^\n  File "/app/bazarr/bin/bazarr/../custom_libs/subzero/video.py", line 61, in parse_video\n    return scan_video(fn, hints=hints, dont_use_actual_file=dry_run, providers=providers,\n           ^^^^^^^^^^^^^^^^^^^^^^^^^^^^^^^^^^^^^^^^^^^^^^^^^^^^^^^^^^^^^^^^^^^^^^^^^^^^^^\n  File "/app/bazarr/bin/bazarr/../custom_libs/subliminal_patch/core.py", line 839, in scan_video\n    raise ValueError(\'Path does not exist\')\nValueError: Path does not exist'|
2025-08-31 10:49:10|ERROR   |root                            |BAZARR Error (Path does not exist) trying to get video information for this file: /downloads/The Witcher/Season 2/The.Witcher.S02E08.720p.NF.WEBRip.x264-GalaxyTV.mkv|'Traceback (most recent call last):\n  File "/app/bazarr/bin/bazarr/subtitles/utils.py", line 35, in get_video\n    video = parse_video(path, hints=hints, skip_hashing=skip_hashing, dry_run=False, providers=providers)\n            ^^^^^^^^^^^^^^^^^^^^^^^^^^^^^^^^^^^^^^^^^^^^^^^^^^^^^^^^^^^^^^^^^^^^^^^^^^^^^^^^^^^^^^^^^^^^^\n  File "/app/bazarr/bin/bazarr/../custom_libs/subzero/video.py", line 61, in parse_video\n    return scan_video(fn, hints=hints, dont_use_actual_file=dry_run, providers=providers,\n           ^^^^^^^^^^^^^^^^^^^^^^^^^^^^^^^^^^^^^^^^^^^^^^^^^^^^^^^^^^^^^^^^^^^^^^^^^^^^^^\n  File "/app/bazarr/bin/bazarr/../custom_libs/subliminal_patch/core.py", line 839, in scan_video\n    raise ValueError(\'Path does not exist\')\nValueError: Path does not exist'|
2025-08-31 10:49:10|ERROR   |root                            |BAZARR Error (Path does not exist) trying to get video information for this file: /downloads/The Witcher/Season 3/The Witcher - S03E01 - Shaerrawedd.mkv|'Traceback (most recent call last):\n  File "/app/bazarr/bin/bazarr/subtitles/utils.py", line 35, in get_video\n    video = parse_video(path, hints=hints, skip_hashing=skip_hashing, dry_run=False, providers=providers)\n            ^^^^^^^^^^^^^^^^^^^^^^^^^^^^^^^^^^^^^^^^^^^^^^^^^^^^^^^^^^^^^^^^^^^^^^^^^^^^^^^^^^^^^^^^^^^^^\n  File "/app/bazarr/bin/bazarr/../custom_libs/subzero/video.py", line 61, in parse_video\n    return scan_video(fn, hints=hints, dont_use_actual_file=dry_run, providers=providers,\n           ^^^^^^^^^^^^^^^^^^^^^^^^^^^^^^^^^^^^^^^^^^^^^^^^^^^^^^^^^^^^^^^^^^^^^^^^^^^^^^\n  File "/app/bazarr/bin/bazarr/../custom_libs/subliminal_patch/core.py", line 839, in scan_video\n    raise ValueError(\'Path does not exist\')\nValueError: Path does not exist'|
2025-08-31 10:49:10|ERROR   |root                            |BAZARR Error (Path does not exist) trying to get video information for this file: /downloads/The Witcher/Season 3/The Witcher - S03E02 - Unbound.mkv|'Traceback (most recent call last):\n  File "/app/bazarr/bin/bazarr/subtitles/utils.py", line 35, in get_video\n    video = parse_video(path, hints=hints, skip_hashing=skip_hashing, dry_run=False, providers=providers)\n            ^^^^^^^^^^^^^^^^^^^^^^^^^^^^^^^^^^^^^^^^^^^^^^^^^^^^^^^^^^^^^^^^^^^^^^^^^^^^^^^^^^^^^^^^^^^^^\n  File "/app/bazarr/bin/bazarr/../custom_libs/subzero/video.py", line 61, in parse_video\n    return scan_video(fn, hints=hints, dont_use_actual_file=dry_run, providers=providers,\n           ^^^^^^^^^^^^^^^^^^^^^^^^^^^^^^^^^^^^^^^^^^^^^^^^^^^^^^^^^^^^^^^^^^^^^^^^^^^^^^\n  File "/app/bazarr/bin/bazarr/../custom_libs/subliminal_patch/core.py", line 839, in scan_video\n    raise ValueError(\'Path does not exist\')\nValueError: Path does not exist'|
2025-08-31 10:49:10|ERROR   |root                            |BAZARR Error (Path does not exist) trying to get video information for this file: /downloads/The Witcher/Season 3/The Witcher - S03E03 - Reunion.mkv|'Traceback (most recent call last):\n  File "/app/bazarr/bin/bazarr/subtitles/utils.py", line 35, in get_video\n    video = parse_video(path, hints=hints, skip_hashing=skip_hashing, dry_run=False, providers=providers)\n            ^^^^^^^^^^^^^^^^^^^^^^^^^^^^^^^^^^^^^^^^^^^^^^^^^^^^^^^^^^^^^^^^^^^^^^^^^^^^^^^^^^^^^^^^^^^^^\n  File "/app/bazarr/bin/bazarr/../custom_libs/subzero/video.py", line 61, in parse_video\n    return scan_video(fn, hints=hints, dont_use_actual_file=dry_run, providers=providers,\n           ^^^^^^^^^^^^^^^^^^^^^^^^^^^^^^^^^^^^^^^^^^^^^^^^^^^^^^^^^^^^^^^^^^^^^^^^^^^^^^\n  File "/app/bazarr/bin/bazarr/../custom_libs/subliminal_patch/core.py", line 839, in scan_video\n    raise ValueError(\'Path does not exist\')\nValueError: Path does not exist'|
2025-08-31 10:49:10|ERROR   |root                            |BAZARR Error (Path does not exist) trying to get video information for this file: /downloads/The Witcher/Season 3/The Witcher - S03E04 - The Invitation.mkv|'Traceback (most recent call last):\n  File "/app/bazarr/bin/bazarr/subtitles/utils.py", line 35, in get_video\n    video = parse_video(path, hints=hints, skip_hashing=skip_hashing, dry_run=False, providers=providers)\n            ^^^^^^^^^^^^^^^^^^^^^^^^^^^^^^^^^^^^^^^^^^^^^^^^^^^^^^^^^^^^^^^^^^^^^^^^^^^^^^^^^^^^^^^^^^^^^\n  File "/app/bazarr/bin/bazarr/../custom_libs/subzero/video.py", line 61, in parse_video\n    return scan_video(fn, hints=hints, dont_use_actual_file=dry_run, providers=providers,\n           ^^^^^^^^^^^^^^^^^^^^^^^^^^^^^^^^^^^^^^^^^^^^^^^^^^^^^^^^^^^^^^^^^^^^^^^^^^^^^^\n  File "/app/bazarr/bin/bazarr/../custom_libs/subliminal_patch/core.py", line 839, in scan_video\n    raise ValueError(\'Path does not exist\')\nValueError: Path does not exist'|
2025-08-31 10:49:10|ERROR   |root                            |BAZARR Error (Path does not exist) trying to get video information for this file: /downloads/The Witcher/Season 3/The Witcher - S03E05 - The Art of the Illusion.mkv|'Traceback (most recent call last):\n  File "/app/bazarr/bin/bazarr/subtitles/utils.py", line 35, in get_video\n    video = parse_video(path, hints=hints, skip_hashing=skip_hashing, dry_run=False, providers=providers)\n            ^^^^^^^^^^^^^^^^^^^^^^^^^^^^^^^^^^^^^^^^^^^^^^^^^^^^^^^^^^^^^^^^^^^^^^^^^^^^^^^^^^^^^^^^^^^^^\n  File "/app/bazarr/bin/bazarr/../custom_libs/subzero/video.py", line 61, in parse_video\n    return scan_video(fn, hints=hints, dont_use_actual_file=dry_run, providers=providers,\n           ^^^^^^^^^^^^^^^^^^^^^^^^^^^^^^^^^^^^^^^^^^^^^^^^^^^^^^^^^^^^^^^^^^^^^^^^^^^^^^\n  File "/app/bazarr/bin/bazarr/../custom_libs/subliminal_patch/core.py", line 839, in scan_video\n    raise ValueError(\'Path does not exist\')\nValueError: Path does not exist'|
2025-08-31 10:49:10|ERROR   |root                            |BAZARR Error (Path does not exist) trying to get video information for this file: /downloads/The Witcher/Season 3/The Witcher - S03E06 - Everybody Has a Plan 'til They Get Punched in the Face.mkv|'Traceback (most recent call last):\n  File "/app/bazarr/bin/bazarr/subtitles/utils.py", line 35, in get_video\n    video = parse_video(path, hints=hints, skip_hashing=skip_hashing, dry_run=False, providers=providers)\n            ^^^^^^^^^^^^^^^^^^^^^^^^^^^^^^^^^^^^^^^^^^^^^^^^^^^^^^^^^^^^^^^^^^^^^^^^^^^^^^^^^^^^^^^^^^^^^\n  File "/app/bazarr/bin/bazarr/../custom_libs/subzero/video.py", line 61, in parse_video\n    return scan_video(fn, hints=hints, dont_use_actual_file=dry_run, providers=providers,\n           ^^^^^^^^^^^^^^^^^^^^^^^^^^^^^^^^^^^^^^^^^^^^^^^^^^^^^^^^^^^^^^^^^^^^^^^^^^^^^^\n  File "/app/bazarr/bin/bazarr/../custom_libs/subliminal_patch/core.py", line 839, in scan_video\n    raise ValueError(\'Path does not exist\')\nValueError: Path does not exist'|
2025-08-31 10:49:10|ERROR   |root                            |BAZARR Error (Path does not exist) trying to get video information for this file: /downloads/The Witcher/Season 3/The Witcher - S03E07 - Out of the Fire, Into the Frying Pan.mkv|'Traceback (most recent call last):\n  File "/app/bazarr/bin/bazarr/subtitles/utils.py", line 35, in get_video\n    video = parse_video(path, hints=hints, skip_hashing=skip_hashing, dry_run=False, providers=providers)\n            ^^^^^^^^^^^^^^^^^^^^^^^^^^^^^^^^^^^^^^^^^^^^^^^^^^^^^^^^^^^^^^^^^^^^^^^^^^^^^^^^^^^^^^^^^^^^^\n  File "/app/bazarr/bin/bazarr/../custom_libs/subzero/video.py", line 61, in parse_video\n    return scan_video(fn, hints=hints, dont_use_actual_file=dry_run, providers=providers,\n           ^^^^^^^^^^^^^^^^^^^^^^^^^^^^^^^^^^^^^^^^^^^^^^^^^^^^^^^^^^^^^^^^^^^^^^^^^^^^^^\n  File "/app/bazarr/bin/bazarr/../custom_libs/subliminal_patch/core.py", line 839, in scan_video\n    raise ValueError(\'Path does not exist\')\nValueError: Path does not exist'|
2025-08-31 10:49:10|ERROR   |root                            |BAZARR Error (Path does not exist) trying to get video information for this file: /downloads/The Witcher/Season 3/The Witcher - S03E08 - The Cost of Chaos.mkv|'Traceback (most recent call last):\n  File "/app/bazarr/bin/bazarr/subtitles/utils.py", line 35, in get_video\n    video = parse_video(path, hints=hints, skip_hashing=skip_hashing, dry_run=False, providers=providers)\n            ^^^^^^^^^^^^^^^^^^^^^^^^^^^^^^^^^^^^^^^^^^^^^^^^^^^^^^^^^^^^^^^^^^^^^^^^^^^^^^^^^^^^^^^^^^^^^\n  File "/app/bazarr/bin/bazarr/../custom_libs/subzero/video.py", line 61, in parse_video\n    return scan_video(fn, hints=hints, dont_use_actual_file=dry_run, providers=providers,\n           ^^^^^^^^^^^^^^^^^^^^^^^^^^^^^^^^^^^^^^^^^^^^^^^^^^^^^^^^^^^^^^^^^^^^^^^^^^^^^^\n  File "/app/bazarr/bin/bazarr/../custom_libs/subliminal_patch/core.py", line 839, in scan_video\n    raise ValueError(\'Path does not exist\')\nValueError: Path does not exist'|
2025-08-31 10:49:10|INFO    |root                            |BAZARR Finished searching for missing Series Subtitles. Check History for more information.|
2025-08-31 10:59:00|ERROR   |root                            |Video file "/downloads/Wednesday/season 01/Wednesday.S01E01.WEBRip.x264-ION10[eztv.re].mp4" cannot be found for analysis|
2025-08-31 10:59:00|ERROR   |root                            |Video file "/downloads/Wednesday/season 01/Wednesday.S01E02.WEBRip.x264-ION10[eztv.re].mp4" cannot be found for analysis|
2025-08-31 10:59:00|ERROR   |root                            |Video file "/downloads/Wednesday/season 01/Wednesday.S01E03.WEBRip.x264-ION10[eztv.re].mp4" cannot be found for analysis|
2025-08-31 10:59:00|ERROR   |root                            |Video file "/downloads/Wednesday/season 01/Wednesday.S01E04.WEBRip.x264-ION10[eztv.re].mp4" cannot be found for analysis|
2025-08-31 10:59:00|ERROR   |root                            |Video file "/downloads/Wednesday/season 01/Wednesday.S01E05.WEBRip.x264-ION10[eztv.re].mp4" cannot be found for analysis|
2025-08-31 10:59:00|ERROR   |root                            |Video file "/downloads/Wednesday/season 01/Wednesday.S01E06.WEBRip.x264-ION10[eztv.re].mp4" cannot be found for analysis|
2025-08-31 10:59:00|ERROR   |root                            |Video file "/downloads/Wednesday/season 01/Wednesday.S01E07.WEBRip.x264-ION10[eztv.re].mp4" cannot be found for analysis|
2025-08-31 10:59:00|ERROR   |root                            |Video file "/downloads/Wednesday/season 01/Wednesday.S01E08.WEBRip.x264-ION10[eztv.re].mp4" cannot be found for analysis|
2025-08-31 10:59:00|ERROR   |root                            |Video file "/downloads/Wednesday/season 2/Wednesday S02E01 720p x264-FENiX[EZTVx.to].mkv" cannot be found for analysis|
2025-08-31 10:59:00|ERROR   |root                            |Video file "/downloads/Wednesday/season 2/Wednesday S02E02 720p x264-FENiX.mkv" cannot be found for analysis|
2025-08-31 10:59:00|ERROR   |root                            |Video file "/downloads/Wednesday/season 2/Wednesday S02E03 720p x264-FENiX.mkv" cannot be found for analysis|
2025-08-31 10:59:00|ERROR   |root                            |Video file "/downloads/Wednesday/season 2/Wednesday S02E04 720p x264-FENiX.mkv" cannot be found for analysis|
2025-08-31 10:59:00|ERROR   |root                            |Video file "/downloads/Squid Game/Season 2/Squid.Game.S02E01.480p.x264-mSD[EZTVx.to].mkv" cannot be found for analysis|
2025-08-31 10:59:00|ERROR   |root                            |Video file "/downloads/Squid Game/Season 2/Squid.Game.S02E02.MULTI.480p.x264-mSD[EZTVx.to].mkv" cannot be found for analysis|
2025-08-31 10:59:00|ERROR   |root                            |Video file "/downloads/Squid Game/Season 2/Squid.Game.S02E03.MULTI.480p.x264-mSD[EZTVx.to].mkv" cannot be found for analysis|
2025-08-31 10:59:00|ERROR   |root                            |Video file "/downloads/Squid Game/Season 2/Squid.Game.S02E04.MULTI.480p.x264-mSD[EZTVx.to].mkv" cannot be found for analysis|
2025-08-31 10:59:00|ERROR   |root                            |Video file "/downloads/Squid Game/Season 2/squid.game.s02e05.720p.web.h264-sylix.mkv" cannot be found for analysis|
2025-08-31 10:59:00|ERROR   |root                            |Video file "/downloads/Squid Game/Season 2/Squid.Game.S02E06.MULTI.1080p.WEB.X264-HiggsBoson[EZTVx.to].mkv" cannot be found for analysis|
2025-08-31 10:59:00|ERROR   |root                            |Video file "/downloads/Squid Game/Season 2/Squid.Game.S02E07.FINAL.MULTI.480p.x264-mSD[EZTVx.to].mkv" cannot be found for analysis|
2025-08-31 10:59:00|ERROR   |root                            |Video file "/downloads/Squid Game/Squid Game - Season 3 [Dual Audio]/Season 3/Squid Game - S03E01 - Keys and Knives.mkv" cannot be found for analysis|
2025-08-31 10:59:00|ERROR   |root                            |Video file "/downloads/Squid Game/Squid Game - Season 3 [Dual Audio]/Season 3/Squid Game - S03E02 - The Starry Night.mkv" cannot be found for analysis|
2025-08-31 10:59:00|ERROR   |root                            |Video file "/downloads/Squid Game/Squid Game - Season 3 [Dual Audio]/Season 3/Squid Game - S03E03 - It's Not Your Fault.mkv" cannot be found for analysis|
2025-08-31 10:59:00|ERROR   |root                            |Video file "/downloads/Squid Game/Squid Game - Season 3 [Dual Audio]/Season 3/Squid Game - S03E04 - 222.mkv" cannot be found for analysis|
2025-08-31 10:59:00|ERROR   |root                            |Video file "/downloads/Squid Game/Squid Game - Season 3 [Dual Audio]/Season 3/Squid Game - S03E05 - ○△□.mkv" cannot be found for analysis|
2025-08-31 10:59:00|ERROR   |root                            |Video file "/downloads/Squid Game/Squid Game - Season 3 [Dual Audio]/Season 3/Squid Game - S03E06 - Humans Are....mkv" cannot be found for analysis|
2025-08-31 10:59:00|ERROR   |root                            |Video file "/downloads/Hierarchy.S01/Hierarchy.S01E01.DUAL-AUDIO.KOR-ENG.1080p.10bit.WEBRip.6CH.x265.HEVC-PSA.mkv" cannot be found for analysis|
2025-08-31 10:59:00|ERROR   |root                            |Video file "/downloads/Hierarchy.S01/Hierarchy.S01E02.DUAL-AUDIO.KOR-ENG.1080p.10bit.WEBRip.6CH.x265.HEVC-PSA.mkv" cannot be found for analysis|
2025-08-31 10:59:00|ERROR   |root                            |Video file "/downloads/Hierarchy.S01/Hierarchy.S01E03.DUAL-AUDIO.KOR-ENG.1080p.10bit.WEBRip.6CH.x265.HEVC-PSA.mkv" cannot be found for analysis|
2025-08-31 10:59:00|ERROR   |root                            |Video file "/downloads/Hierarchy.S01/Hierarchy.S01E04.DUAL-AUDIO.KOR-ENG.1080p.10bit.WEBRip.6CH.x265.HEVC-PSA.mkv" cannot be found for analysis|
2025-08-31 10:59:00|ERROR   |root                            |Video file "/downloads/Hierarchy.S01/Hierarchy.S01E05.DUAL-AUDIO.KOR-ENG.1080p.10bit.WEBRip.6CH.x265.HEVC-PSA.mkv" cannot be found for analysis|
2025-08-31 10:59:00|ERROR   |root                            |Video file "/downloads/Hierarchy.S01/Hierarchy.S01E06.DUAL-AUDIO.KOR-ENG.1080p.10bit.WEBRip.6CH.x265.HEVC-PSA.mkv" cannot be found for analysis|
2025-08-31 10:59:00|ERROR   |root                            |Video file "/downloads/Hierarchy.S01/Hierarchy.S01E07.DUAL-AUDIO.KOR-ENG.1080p.10bit.WEBRip.6CH.x265.HEVC-PSA.mkv" cannot be found for analysis|
2025-08-31 10:59:00|ERROR   |root                            |Video file "/downloads/Vigilante 2023/Season 1/Vigilante.S01E01.1080p.DNSP.WEBRip.x264.mkv" cannot be found for analysis|
2025-08-31 10:59:00|ERROR   |root                            |Video file "/downloads/Vigilante 2023/Season 1/Vigilante.S01E02.1080p.DNSP.WEBRip.x264.mkv" cannot be found for analysis|
2025-08-31 10:59:00|ERROR   |root                            |Video file "/downloads/Vigilante 2023/Season 1/Vigilante.S01E03.1080p.DNSP.WEBRip.x264.mkv" cannot be found for analysis|
2025-08-31 10:59:00|ERROR   |root                            |Video file "/downloads/Vigilante 2023/Season 1/Vigilante.S01E04.1080p.DNSP.WEBRip.x264.mkv" cannot be found for analysis|
2025-08-31 10:59:00|ERROR   |root                            |Video file "/downloads/Vigilante 2023/Season 1/Vigilante.S01E05.1080p.DNSP.WEBRip.x264.mkv" cannot be found for analysis|
2025-08-31 10:59:00|ERROR   |root                            |Video file "/downloads/Vigilante 2023/Season 1/Vigilante.S01E06.1080p.DNSP.WEBRip.x264.mkv" cannot be found for analysis|
2025-08-31 10:59:00|ERROR   |root                            |Video file "/downloads/Vigilante 2023/Season 1/Vigilante.S01E07.1080p.DNSP.WEBRip.x264.mkv" cannot be found for analysis|
2025-08-31 10:59:00|ERROR   |root                            |Video file "/downloads/Vigilante 2023/Season 1/Vigilante.S01E08.1080p.DNSP.WEBRip.x264.mkv" cannot be found for analysis|
2025-08-31 10:59:00|ERROR   |root                            |Video file "/downloads/The Witcher/Season 1/The.Witcher.S01E01.720p.NF.WEBRip.x264-GalaxyTV.mkv" cannot be found for analysis|
2025-08-31 10:59:00|ERROR   |root                            |Video file "/downloads/The Witcher/Season 1/The.Witcher.S01E02.720p.NF.WEBRip.x264-GalaxyTV.mkv" cannot be found for analysis|
2025-08-31 10:59:00|ERROR   |root                            |Video file "/downloads/The Witcher/Season 1/The.Witcher.S01E03.720p.NF.WEBRip.x264-GalaxyTV.mkv" cannot be found for analysis|
2025-08-31 10:59:00|ERROR   |root                            |Video file "/downloads/The Witcher/Season 1/The.Witcher.S01E04.720p.NF.WEBRip.x264-GalaxyTV.mkv" cannot be found for analysis|
2025-08-31 10:59:00|ERROR   |root                            |Video file "/downloads/The Witcher/Season 1/The.Witcher.S01E05.720p.NF.WEBRip.x264-GalaxyTV.mkv" cannot be found for analysis|
2025-08-31 10:59:00|ERROR   |root                            |Video file "/downloads/The Witcher/Season 1/The.Witcher.S01E06.720p.NF.WEBRip.x264-GalaxyTV.mkv" cannot be found for analysis|
2025-08-31 10:59:00|ERROR   |root                            |Video file "/downloads/The Witcher/Season 1/The.Witcher.S01E07.720p.NF.WEBRip.x264-GalaxyTV.mkv" cannot be found for analysis|
2025-08-31 10:59:00|ERROR   |root                            |Video file "/downloads/The Witcher/Season 1/The.Witcher.S01E08.720p.NF.WEBRip.x264-GalaxyTV.mkv" cannot be found for analysis|
2025-08-31 10:59:00|ERROR   |root                            |Video file "/downloads/The Witcher/Season 2/The.Witcher.S02E01.720p.NF.WEBRip.x264-GalaxyTV.mkv" cannot be found for analysis|
2025-08-31 10:59:00|ERROR   |root                            |Video file "/downloads/The Witcher/Season 2/The.Witcher.S02E02.720p.NF.WEBRip.x264-GalaxyTV.mkv" cannot be found for analysis|
2025-08-31 10:59:00|ERROR   |root                            |Video file "/downloads/The Witcher/Season 2/The.Witcher.S02E03.720p.NF.WEBRip.x264-GalaxyTV.mkv" cannot be found for analysis|
2025-08-31 10:59:00|ERROR   |root                            |Video file "/downloads/The Witcher/Season 2/The.Witcher.S02E04.720p.NF.WEBRip.x264-GalaxyTV.mkv" cannot be found for analysis|
2025-08-31 10:59:00|ERROR   |root                            |Video file "/downloads/The Witcher/Season 2/The.Witcher.S02E05.720p.NF.WEBRip.x264-GalaxyTV.mkv" cannot be found for analysis|
2025-08-31 10:59:00|ERROR   |root                            |Video file "/downloads/The Witcher/Season 2/The.Witcher.S02E06.720p.NF.WEBRip.x264-GalaxyTV.mkv" cannot be found for analysis|
2025-08-31 10:59:00|ERROR   |root                            |Video file "/downloads/The Witcher/Season 2/The.Witcher.S02E07.720p.NF.WEBRip.x264-GalaxyTV.mkv" cannot be found for analysis|
2025-08-31 10:59:00|ERROR   |root                            |Video file "/downloads/The Witcher/Season 2/The.Witcher.S02E08.720p.NF.WEBRip.x264-GalaxyTV.mkv" cannot be found for analysis|
2025-08-31 10:59:00|ERROR   |root                            |Video file "/downloads/The Witcher/Season 3/The Witcher - S03E01 - Shaerrawedd.mkv" cannot be found for analysis|
2025-08-31 10:59:00|ERROR   |root                            |Video file "/downloads/The Witcher/Season 3/The Witcher - S03E02 - Unbound.mkv" cannot be found for analysis|
2025-08-31 10:59:00|ERROR   |root                            |Video file "/downloads/The Witcher/Season 3/The Witcher - S03E03 - Reunion.mkv" cannot be found for analysis|
2025-08-31 10:59:00|ERROR   |root                            |Video file "/downloads/The Witcher/Season 3/The Witcher - S03E04 - The Invitation.mkv" cannot be found for analysis|
2025-08-31 10:59:00|ERROR   |root                            |Video file "/downloads/The Witcher/Season 3/The Witcher - S03E05 - The Art of the Illusion.mkv" cannot be found for analysis|
2025-08-31 10:59:00|ERROR   |root                            |Video file "/downloads/The Witcher/Season 3/The Witcher - S03E06 - Everybody Has a Plan 'til They Get Punched in the Face.mkv" cannot be found for analysis|
2025-08-31 10:59:00|ERROR   |root                            |Video file "/downloads/The Witcher/Season 3/The Witcher - S03E07 - Out of the Fire, Into the Frying Pan.mkv" cannot be found for analysis|
2025-08-31 10:59:00|ERROR   |root                            |Video file "/downloads/The Witcher/Season 3/The Witcher - S03E08 - The Cost of Chaos.mkv" cannot be found for analysis|
2025-08-31 10:59:00|ERROR   |root                            |Video file "/downloads/A shop for killers/Season 1/A.Shop.for.Killers.KOREAN.S01E01.2024.1080p.WEBRip.x265.HEVC-kkolev33.mkv" cannot be found for analysis|
2025-08-31 10:59:00|ERROR   |root                            |Video file "/downloads/A shop for killers/Season 1/A.Shop.for.Killers.KOREAN.S01E02.2024.1080p.WEBRip.x265.HEVC-kkolev33.mkv" cannot be found for analysis|
2025-08-31 10:59:00|ERROR   |root                            |Video file "/downloads/A shop for killers/Season 1/A.Shop.for.Killers.KOREAN.S01E03.2024.1080p.WEBRip.x265.HEVC-kkolev33.mkv" cannot be found for analysis|
2025-08-31 10:59:00|ERROR   |root                            |Video file "/downloads/A shop for killers/Season 1/A.Shop.for.Killers.KOREAN.S01E04.2024.1080p.WEBRip.x265.HEVC-kkolev33.mkv" cannot be found for analysis|
2025-08-31 10:59:00|ERROR   |root                            |Video file "/downloads/A shop for killers/Season 1/A.Shop.for.Killers.KOREAN.S01E05.2024.1080p.WEBRip.x265.HEVC-kkolev33.mkv" cannot be found for analysis|
2025-08-31 10:59:00|ERROR   |root                            |Video file "/downloads/A shop for killers/Season 1/A.Shop.for.Killers.KOREAN.S01E06.2024.1080p.WEBRip.x265.HEVC-kkolev33.mkv" cannot be found for analysis|
2025-08-31 10:59:00|ERROR   |root                            |Video file "/downloads/A shop for killers/Season 1/A.Shop.for.Killers.KOREAN.S01E07.2024.1080p.WEBRip.x265.HEVC-kkolev33.mkv" cannot be found for analysis|
2025-08-31 10:59:00|ERROR   |root                            |Video file "/downloads/A shop for killers/Season 1/A.Shop.for.Killers.KOREAN.S01E08.2024.1080p.WEBRip.x265.HEVC-kkolev33.mkv" cannot be found for analysis|
2025-08-31 10:59:00|ERROR   |root                            |Video file "/downloads/Tulsa King/Season 1/Tulsa.King.S01E01.720p.AMZN.WEBRip.x264-GalaxyTV.mkv" cannot be found for analysis|
2025-08-31 10:59:00|ERROR   |root                            |Video file "/downloads/Tulsa King/Season 1/Tulsa.King.S01E02.720p.AMZN.WEBRip.x264-GalaxyTV.mkv" cannot be found for analysis|
2025-08-31 10:59:00|ERROR   |root                            |Video file "/downloads/Tulsa King/Season 1/Tulsa.King.S01E03.720p.AMZN.WEBRip.x264-GalaxyTV.mkv" cannot be found for analysis|
2025-08-31 10:59:00|ERROR   |root                            |Video file "/downloads/Tulsa King/Season 1/Tulsa.King.S01E04.720p.AMZN.WEBRip.x264-GalaxyTV.mkv" cannot be found for analysis|
2025-08-31 10:59:00|ERROR   |root                            |Video file "/downloads/Tulsa King/Season 1/Tulsa.King.S01E05.720p.AMZN.WEBRip.x264-GalaxyTV.mkv" cannot be found for analysis|
2025-08-31 10:59:00|ERROR   |root                            |Video file "/downloads/Tulsa King/Season 1/Tulsa.King.S01E06.720p.AMZN.WEBRip.x264-GalaxyTV.mkv" cannot be found for analysis|
2025-08-31 10:59:00|ERROR   |root                            |Video file "/downloads/Tulsa King/Season 1/Tulsa.King.S01E07.720p.AMZN.WEBRip.x264-GalaxyTV.mkv" cannot be found for analysis|
2025-08-31 10:59:00|ERROR   |root                            |Video file "/downloads/Tulsa King/Season 1/Tulsa.King.S01E08.720p.AMZN.WEBRip.x264-GalaxyTV.mkv" cannot be found for analysis|
2025-08-31 10:59:00|ERROR   |root                            |Video file "/downloads/Tulsa King/Season 1/Tulsa.King.S01E09.720p.AMZN.WEBRip.x264-GalaxyTV.mkv" cannot be found for analysis|
2025-08-31 10:59:00|ERROR   |root                            |Video file "/downloads/Tulsa King/Season 2/Tulsa.King.S02E01.480p.x264-RUBiK.mkv" cannot be found for analysis|
2025-08-31 10:59:00|ERROR   |root                            |Video file "/downloads/Tulsa King/Season 2/Tulsa.King.S02E02.480p.x264-RUBiK.mkv" cannot be found for analysis|
2025-08-31 10:59:00|ERROR   |root                            |Video file "/downloads/Tulsa King/Season 2/Tulsa.King.S02E03.480p.x264-RUBiK.mkv" cannot be found for analysis|
2025-08-31 10:59:00|ERROR   |root                            |Video file "/downloads/Tulsa King/Season 2/Tulsa.King.S02E04.480p.x264-RUBiK.mkv" cannot be found for analysis|
2025-08-31 10:59:00|ERROR   |root                            |Video file "/downloads/Tulsa King/Season 2/Tulsa.King.S02E05.480p.x264-RUBiK.mkv" cannot be found for analysis|
2025-08-31 10:59:00|ERROR   |root                            |Video file "/downloads/Tulsa King/Season 2/Tulsa.King.S02E06.480p.x264-RUBiK.mkv" cannot be found for analysis|
2025-08-31 10:59:00|ERROR   |root                            |Video file "/downloads/Tulsa King/Season 2/Tulsa.King.S02E07.480p.x264-RUBiK.mkv" cannot be found for analysis|
2025-08-31 10:59:00|ERROR   |root                            |Video file "/downloads/Tulsa King/Season 2/Tulsa.King.S02E08.480p.x264-RUBiK.mkv" cannot be found for analysis|
2025-08-31 10:59:00|ERROR   |root                            |Video file "/downloads/Tulsa King/Season 2/Tulsa.King.S02E09.480p.x264-RUBiK.mkv" cannot be found for analysis|
2025-08-31 10:59:00|ERROR   |root                            |Video file "/downloads/Tulsa King/Season 2/Tulsa.King.S02E10.480p.x264-RUBiK.mkv" cannot be found for analysis|
2025-08-31 11:56:49|INFO    |root                            |Throttling subdl for 12 hours, until 25/08/31 23:56, because of: ConfigurationError. Exception info: "'Api_key must be specified' ~ subdl.py@97"|
2025-08-31 11:56:50|INFO    |root                            |BAZARR Finished searching for missing Movies Subtitles. Check History for more information.|
2025-08-31 11:59:00|ERROR   |root                            |Video file "/downloads/Wednesday/season 01/Wednesday.S01E01.WEBRip.x264-ION10[eztv.re].mp4" cannot be found for analysis|
2025-08-31 11:59:00|ERROR   |root                            |Video file "/downloads/Wednesday/season 01/Wednesday.S01E02.WEBRip.x264-ION10[eztv.re].mp4" cannot be found for analysis|
2025-08-31 11:59:00|ERROR   |root                            |Video file "/downloads/Wednesday/season 01/Wednesday.S01E03.WEBRip.x264-ION10[eztv.re].mp4" cannot be found for analysis|
2025-08-31 11:59:00|ERROR   |root                            |Video file "/downloads/Wednesday/season 01/Wednesday.S01E04.WEBRip.x264-ION10[eztv.re].mp4" cannot be found for analysis|
2025-08-31 11:59:00|ERROR   |root                            |Video file "/downloads/Wednesday/season 01/Wednesday.S01E05.WEBRip.x264-ION10[eztv.re].mp4" cannot be found for analysis|
2025-08-31 11:59:00|ERROR   |root                            |Video file "/downloads/Wednesday/season 01/Wednesday.S01E06.WEBRip.x264-ION10[eztv.re].mp4" cannot be found for analysis|
2025-08-31 11:59:00|ERROR   |root                            |Video file "/downloads/Wednesday/season 01/Wednesday.S01E07.WEBRip.x264-ION10[eztv.re].mp4" cannot be found for analysis|
2025-08-31 11:59:00|ERROR   |root                            |Video file "/downloads/Wednesday/season 01/Wednesday.S01E08.WEBRip.x264-ION10[eztv.re].mp4" cannot be found for analysis|
2025-08-31 11:59:00|ERROR   |root                            |Video file "/downloads/Wednesday/season 2/Wednesday S02E01 720p x264-FENiX[EZTVx.to].mkv" cannot be found for analysis|
2025-08-31 11:59:00|ERROR   |root                            |Video file "/downloads/Wednesday/season 2/Wednesday S02E02 720p x264-FENiX.mkv" cannot be found for analysis|
2025-08-31 11:59:00|ERROR   |root                            |Video file "/downloads/Wednesday/season 2/Wednesday S02E03 720p x264-FENiX.mkv" cannot be found for analysis|
2025-08-31 11:59:00|ERROR   |root                            |Video file "/downloads/Wednesday/season 2/Wednesday S02E04 720p x264-FENiX.mkv" cannot be found for analysis|
2025-08-31 11:59:00|ERROR   |root                            |Video file "/downloads/Squid Game/Season 2/Squid.Game.S02E01.480p.x264-mSD[EZTVx.to].mkv" cannot be found for analysis|
2025-08-31 11:59:00|ERROR   |root                            |Video file "/downloads/Squid Game/Season 2/Squid.Game.S02E02.MULTI.480p.x264-mSD[EZTVx.to].mkv" cannot be found for analysis|
2025-08-31 11:59:00|ERROR   |root                            |Video file "/downloads/Squid Game/Season 2/Squid.Game.S02E03.MULTI.480p.x264-mSD[EZTVx.to].mkv" cannot be found for analysis|
2025-08-31 11:59:00|ERROR   |root                            |Video file "/downloads/Squid Game/Season 2/Squid.Game.S02E04.MULTI.480p.x264-mSD[EZTVx.to].mkv" cannot be found for analysis|
2025-08-31 11:59:00|ERROR   |root                            |Video file "/downloads/Squid Game/Season 2/squid.game.s02e05.720p.web.h264-sylix.mkv" cannot be found for analysis|
2025-08-31 11:59:00|ERROR   |root                            |Video file "/downloads/Squid Game/Season 2/Squid.Game.S02E06.MULTI.1080p.WEB.X264-HiggsBoson[EZTVx.to].mkv" cannot be found for analysis|
2025-08-31 11:59:00|ERROR   |root                            |Video file "/downloads/Squid Game/Season 2/Squid.Game.S02E07.FINAL.MULTI.480p.x264-mSD[EZTVx.to].mkv" cannot be found for analysis|
2025-08-31 11:59:00|ERROR   |root                            |Video file "/downloads/Squid Game/Squid Game - Season 3 [Dual Audio]/Season 3/Squid Game - S03E01 - Keys and Knives.mkv" cannot be found for analysis|
2025-08-31 11:59:00|ERROR   |root                            |Video file "/downloads/Squid Game/Squid Game - Season 3 [Dual Audio]/Season 3/Squid Game - S03E02 - The Starry Night.mkv" cannot be found for analysis|
2025-08-31 11:59:00|ERROR   |root                            |Video file "/downloads/Squid Game/Squid Game - Season 3 [Dual Audio]/Season 3/Squid Game - S03E03 - It's Not Your Fault.mkv" cannot be found for analysis|
2025-08-31 11:59:00|ERROR   |root                            |Video file "/downloads/Squid Game/Squid Game - Season 3 [Dual Audio]/Season 3/Squid Game - S03E04 - 222.mkv" cannot be found for analysis|
2025-08-31 11:59:00|ERROR   |root                            |Video file "/downloads/Squid Game/Squid Game - Season 3 [Dual Audio]/Season 3/Squid Game - S03E05 - ○△□.mkv" cannot be found for analysis|
2025-08-31 11:59:00|ERROR   |root                            |Video file "/downloads/Squid Game/Squid Game - Season 3 [Dual Audio]/Season 3/Squid Game - S03E06 - Humans Are....mkv" cannot be found for analysis|
2025-08-31 11:59:00|ERROR   |root                            |Video file "/downloads/Hierarchy.S01/Hierarchy.S01E01.DUAL-AUDIO.KOR-ENG.1080p.10bit.WEBRip.6CH.x265.HEVC-PSA.mkv" cannot be found for analysis|
2025-08-31 11:59:00|ERROR   |root                            |Video file "/downloads/Hierarchy.S01/Hierarchy.S01E02.DUAL-AUDIO.KOR-ENG.1080p.10bit.WEBRip.6CH.x265.HEVC-PSA.mkv" cannot be found for analysis|
2025-08-31 11:59:00|ERROR   |root                            |Video file "/downloads/Hierarchy.S01/Hierarchy.S01E03.DUAL-AUDIO.KOR-ENG.1080p.10bit.WEBRip.6CH.x265.HEVC-PSA.mkv" cannot be found for analysis|
2025-08-31 11:59:00|ERROR   |root                            |Video file "/downloads/Hierarchy.S01/Hierarchy.S01E04.DUAL-AUDIO.KOR-ENG.1080p.10bit.WEBRip.6CH.x265.HEVC-PSA.mkv" cannot be found for analysis|
2025-08-31 11:59:00|ERROR   |root                            |Video file "/downloads/Hierarchy.S01/Hierarchy.S01E05.DUAL-AUDIO.KOR-ENG.1080p.10bit.WEBRip.6CH.x265.HEVC-PSA.mkv" cannot be found for analysis|
2025-08-31 11:59:00|ERROR   |root                            |Video file "/downloads/Hierarchy.S01/Hierarchy.S01E06.DUAL-AUDIO.KOR-ENG.1080p.10bit.WEBRip.6CH.x265.HEVC-PSA.mkv" cannot be found for analysis|
2025-08-31 11:59:00|ERROR   |root                            |Video file "/downloads/Hierarchy.S01/Hierarchy.S01E07.DUAL-AUDIO.KOR-ENG.1080p.10bit.WEBRip.6CH.x265.HEVC-PSA.mkv" cannot be found for analysis|
2025-08-31 11:59:00|ERROR   |root                            |Video file "/downloads/Vigilante 2023/Season 1/Vigilante.S01E01.1080p.DNSP.WEBRip.x264.mkv" cannot be found for analysis|
2025-08-31 11:59:00|ERROR   |root                            |Video file "/downloads/Vigilante 2023/Season 1/Vigilante.S01E02.1080p.DNSP.WEBRip.x264.mkv" cannot be found for analysis|
2025-08-31 11:59:00|ERROR   |root                            |Video file "/downloads/Vigilante 2023/Season 1/Vigilante.S01E03.1080p.DNSP.WEBRip.x264.mkv" cannot be found for analysis|
2025-08-31 11:59:00|ERROR   |root                            |Video file "/downloads/Vigilante 2023/Season 1/Vigilante.S01E04.1080p.DNSP.WEBRip.x264.mkv" cannot be found for analysis|
2025-08-31 11:59:00|ERROR   |root                            |Video file "/downloads/Vigilante 2023/Season 1/Vigilante.S01E05.1080p.DNSP.WEBRip.x264.mkv" cannot be found for analysis|
2025-08-31 11:59:00|ERROR   |root                            |Video file "/downloads/Vigilante 2023/Season 1/Vigilante.S01E06.1080p.DNSP.WEBRip.x264.mkv" cannot be found for analysis|
2025-08-31 11:59:00|ERROR   |root                            |Video file "/downloads/Vigilante 2023/Season 1/Vigilante.S01E07.1080p.DNSP.WEBRip.x264.mkv" cannot be found for analysis|
2025-08-31 11:59:00|ERROR   |root                            |Video file "/downloads/Vigilante 2023/Season 1/Vigilante.S01E08.1080p.DNSP.WEBRip.x264.mkv" cannot be found for analysis|
2025-08-31 11:59:00|ERROR   |root                            |Video file "/downloads/The Witcher/Season 1/The.Witcher.S01E01.720p.NF.WEBRip.x264-GalaxyTV.mkv" cannot be found for analysis|
2025-08-31 11:59:00|ERROR   |root                            |Video file "/downloads/The Witcher/Season 1/The.Witcher.S01E02.720p.NF.WEBRip.x264-GalaxyTV.mkv" cannot be found for analysis|
2025-08-31 11:59:00|ERROR   |root                            |Video file "/downloads/The Witcher/Season 1/The.Witcher.S01E03.720p.NF.WEBRip.x264-GalaxyTV.mkv" cannot be found for analysis|
2025-08-31 11:59:00|ERROR   |root                            |Video file "/downloads/The Witcher/Season 1/The.Witcher.S01E04.720p.NF.WEBRip.x264-GalaxyTV.mkv" cannot be found for analysis|
2025-08-31 11:59:00|ERROR   |root                            |Video file "/downloads/The Witcher/Season 1/The.Witcher.S01E05.720p.NF.WEBRip.x264-GalaxyTV.mkv" cannot be found for analysis|
2025-08-31 11:59:00|ERROR   |root                            |Video file "/downloads/The Witcher/Season 1/The.Witcher.S01E06.720p.NF.WEBRip.x264-GalaxyTV.mkv" cannot be found for analysis|
2025-08-31 11:59:00|ERROR   |root                            |Video file "/downloads/The Witcher/Season 1/The.Witcher.S01E07.720p.NF.WEBRip.x264-GalaxyTV.mkv" cannot be found for analysis|
2025-08-31 11:59:00|ERROR   |root                            |Video file "/downloads/The Witcher/Season 1/The.Witcher.S01E08.720p.NF.WEBRip.x264-GalaxyTV.mkv" cannot be found for analysis|
2025-08-31 11:59:00|ERROR   |root                            |Video file "/downloads/The Witcher/Season 2/The.Witcher.S02E01.720p.NF.WEBRip.x264-GalaxyTV.mkv" cannot be found for analysis|
2025-08-31 11:59:00|ERROR   |root                            |Video file "/downloads/The Witcher/Season 2/The.Witcher.S02E02.720p.NF.WEBRip.x264-GalaxyTV.mkv" cannot be found for analysis|
2025-08-31 11:59:00|ERROR   |root                            |Video file "/downloads/The Witcher/Season 2/The.Witcher.S02E03.720p.NF.WEBRip.x264-GalaxyTV.mkv" cannot be found for analysis|
2025-08-31 11:59:00|ERROR   |root                            |Video file "/downloads/The Witcher/Season 2/The.Witcher.S02E04.720p.NF.WEBRip.x264-GalaxyTV.mkv" cannot be found for analysis|
2025-08-31 11:59:00|ERROR   |root                            |Video file "/downloads/The Witcher/Season 2/The.Witcher.S02E05.720p.NF.WEBRip.x264-GalaxyTV.mkv" cannot be found for analysis|
2025-08-31 11:59:00|ERROR   |root                            |Video file "/downloads/The Witcher/Season 2/The.Witcher.S02E06.720p.NF.WEBRip.x264-GalaxyTV.mkv" cannot be found for analysis|
2025-08-31 11:59:00|ERROR   |root                            |Video file "/downloads/The Witcher/Season 2/The.Witcher.S02E07.720p.NF.WEBRip.x264-GalaxyTV.mkv" cannot be found for analysis|
2025-08-31 11:59:00|ERROR   |root                            |Video file "/downloads/The Witcher/Season 2/The.Witcher.S02E08.720p.NF.WEBRip.x264-GalaxyTV.mkv" cannot be found for analysis|
2025-08-31 11:59:00|ERROR   |root                            |Video file "/downloads/The Witcher/Season 3/The Witcher - S03E01 - Shaerrawedd.mkv" cannot be found for analysis|
2025-08-31 11:59:00|ERROR   |root                            |Video file "/downloads/The Witcher/Season 3/The Witcher - S03E02 - Unbound.mkv" cannot be found for analysis|
2025-08-31 11:59:00|ERROR   |root                            |Video file "/downloads/The Witcher/Season 3/The Witcher - S03E03 - Reunion.mkv" cannot be found for analysis|
2025-08-31 11:59:00|ERROR   |root                            |Video file "/downloads/The Witcher/Season 3/The Witcher - S03E04 - The Invitation.mkv" cannot be found for analysis|
2025-08-31 11:59:00|ERROR   |root                            |Video file "/downloads/The Witcher/Season 3/The Witcher - S03E05 - The Art of the Illusion.mkv" cannot be found for analysis|
2025-08-31 11:59:00|ERROR   |root                            |Video file "/downloads/The Witcher/Season 3/The Witcher - S03E06 - Everybody Has a Plan 'til They Get Punched in the Face.mkv" cannot be found for analysis|
2025-08-31 11:59:00|ERROR   |root                            |Video file "/downloads/The Witcher/Season 3/The Witcher - S03E07 - Out of the Fire, Into the Frying Pan.mkv" cannot be found for analysis|
2025-08-31 11:59:00|ERROR   |root                            |Video file "/downloads/The Witcher/Season 3/The Witcher - S03E08 - The Cost of Chaos.mkv" cannot be found for analysis|
2025-08-31 11:59:00|ERROR   |root                            |Video file "/downloads/A shop for killers/Season 1/A.Shop.for.Killers.KOREAN.S01E01.2024.1080p.WEBRip.x265.HEVC-kkolev33.mkv" cannot be found for analysis|
2025-08-31 11:59:00|ERROR   |root                            |Video file "/downloads/A shop for killers/Season 1/A.Shop.for.Killers.KOREAN.S01E02.2024.1080p.WEBRip.x265.HEVC-kkolev33.mkv" cannot be found for analysis|
2025-08-31 11:59:00|ERROR   |root                            |Video file "/downloads/A shop for killers/Season 1/A.Shop.for.Killers.KOREAN.S01E03.2024.1080p.WEBRip.x265.HEVC-kkolev33.mkv" cannot be found for analysis|
2025-08-31 11:59:00|ERROR   |root                            |Video file "/downloads/A shop for killers/Season 1/A.Shop.for.Killers.KOREAN.S01E04.2024.1080p.WEBRip.x265.HEVC-kkolev33.mkv" cannot be found for analysis|
2025-08-31 11:59:00|ERROR   |root                            |Video file "/downloads/A shop for killers/Season 1/A.Shop.for.Killers.KOREAN.S01E05.2024.1080p.WEBRip.x265.HEVC-kkolev33.mkv" cannot be found for analysis|
2025-08-31 11:59:00|ERROR   |root                            |Video file "/downloads/A shop for killers/Season 1/A.Shop.for.Killers.KOREAN.S01E06.2024.1080p.WEBRip.x265.HEVC-kkolev33.mkv" cannot be found for analysis|
2025-08-31 11:59:00|ERROR   |root                            |Video file "/downloads/A shop for killers/Season 1/A.Shop.for.Killers.KOREAN.S01E07.2024.1080p.WEBRip.x265.HEVC-kkolev33.mkv" cannot be found for analysis|
2025-08-31 11:59:00|ERROR   |root                            |Video file "/downloads/A shop for killers/Season 1/A.Shop.for.Killers.KOREAN.S01E08.2024.1080p.WEBRip.x265.HEVC-kkolev33.mkv" cannot be found for analysis|
2025-08-31 11:59:00|ERROR   |root                            |Video file "/downloads/Tulsa King/Season 1/Tulsa.King.S01E01.720p.AMZN.WEBRip.x264-GalaxyTV.mkv" cannot be found for analysis|
2025-08-31 11:59:00|ERROR   |root                            |Video file "/downloads/Tulsa King/Season 1/Tulsa.King.S01E02.720p.AMZN.WEBRip.x264-GalaxyTV.mkv" cannot be found for analysis|
2025-08-31 11:59:00|ERROR   |root                            |Video file "/downloads/Tulsa King/Season 1/Tulsa.King.S01E03.720p.AMZN.WEBRip.x264-GalaxyTV.mkv" cannot be found for analysis|
2025-08-31 11:59:00|ERROR   |root                            |Video file "/downloads/Tulsa King/Season 1/Tulsa.King.S01E04.720p.AMZN.WEBRip.x264-GalaxyTV.mkv" cannot be found for analysis|
2025-08-31 11:59:00|ERROR   |root                            |Video file "/downloads/Tulsa King/Season 1/Tulsa.King.S01E05.720p.AMZN.WEBRip.x264-GalaxyTV.mkv" cannot be found for analysis|
2025-08-31 11:59:00|ERROR   |root                            |Video file "/downloads/Tulsa King/Season 1/Tulsa.King.S01E06.720p.AMZN.WEBRip.x264-GalaxyTV.mkv" cannot be found for analysis|
2025-08-31 11:59:00|ERROR   |root                            |Video file "/downloads/Tulsa King/Season 1/Tulsa.King.S01E07.720p.AMZN.WEBRip.x264-GalaxyTV.mkv" cannot be found for analysis|
2025-08-31 11:59:00|ERROR   |root                            |Video file "/downloads/Tulsa King/Season 1/Tulsa.King.S01E08.720p.AMZN.WEBRip.x264-GalaxyTV.mkv" cannot be found for analysis|
2025-08-31 11:59:00|ERROR   |root                            |Video file "/downloads/Tulsa King/Season 1/Tulsa.King.S01E09.720p.AMZN.WEBRip.x264-GalaxyTV.mkv" cannot be found for analysis|
2025-08-31 11:59:00|ERROR   |root                            |Video file "/downloads/Tulsa King/Season 2/Tulsa.King.S02E01.480p.x264-RUBiK.mkv" cannot be found for analysis|
2025-08-31 11:59:00|ERROR   |root                            |Video file "/downloads/Tulsa King/Season 2/Tulsa.King.S02E02.480p.x264-RUBiK.mkv" cannot be found for analysis|
2025-08-31 11:59:00|ERROR   |root                            |Video file "/downloads/Tulsa King/Season 2/Tulsa.King.S02E03.480p.x264-RUBiK.mkv" cannot be found for analysis|
2025-08-31 11:59:00|ERROR   |root                            |Video file "/downloads/Tulsa King/Season 2/Tulsa.King.S02E04.480p.x264-RUBiK.mkv" cannot be found for analysis|
2025-08-31 11:59:00|ERROR   |root                            |Video file "/downloads/Tulsa King/Season 2/Tulsa.King.S02E05.480p.x264-RUBiK.mkv" cannot be found for analysis|
2025-08-31 11:59:00|ERROR   |root                            |Video file "/downloads/Tulsa King/Season 2/Tulsa.King.S02E06.480p.x264-RUBiK.mkv" cannot be found for analysis|
2025-08-31 11:59:00|ERROR   |root                            |Video file "/downloads/Tulsa King/Season 2/Tulsa.King.S02E07.480p.x264-RUBiK.mkv" cannot be found for analysis|
2025-08-31 11:59:00|ERROR   |root                            |Video file "/downloads/Tulsa King/Season 2/Tulsa.King.S02E08.480p.x264-RUBiK.mkv" cannot be found for analysis|
2025-08-31 11:59:00|ERROR   |root                            |Video file "/downloads/Tulsa King/Season 2/Tulsa.King.S02E09.480p.x264-RUBiK.mkv" cannot be found for analysis|
2025-08-31 11:59:00|ERROR   |root                            |Video file "/downloads/Tulsa King/Season 2/Tulsa.King.S02E10.480p.x264-RUBiK.mkv" cannot be found for analysis|
2025-08-31 12:59:00|ERROR   |root                            |Video file "/downloads/Wednesday/season 01/Wednesday.S01E01.WEBRip.x264-ION10[eztv.re].mp4" cannot be found for analysis|
2025-08-31 12:59:00|ERROR   |root                            |Video file "/downloads/Wednesday/season 01/Wednesday.S01E02.WEBRip.x264-ION10[eztv.re].mp4" cannot be found for analysis|
2025-08-31 12:59:00|ERROR   |root                            |Video file "/downloads/Wednesday/season 01/Wednesday.S01E03.WEBRip.x264-ION10[eztv.re].mp4" cannot be found for analysis|
2025-08-31 12:59:00|ERROR   |root                            |Video file "/downloads/Wednesday/season 01/Wednesday.S01E04.WEBRip.x264-ION10[eztv.re].mp4" cannot be found for analysis|
2025-08-31 12:59:00|ERROR   |root                            |Video file "/downloads/Wednesday/season 01/Wednesday.S01E05.WEBRip.x264-ION10[eztv.re].mp4" cannot be found for analysis|
2025-08-31 12:59:00|ERROR   |root                            |Video file "/downloads/Wednesday/season 01/Wednesday.S01E06.WEBRip.x264-ION10[eztv.re].mp4" cannot be found for analysis|
2025-08-31 12:59:00|ERROR   |root                            |Video file "/downloads/Wednesday/season 01/Wednesday.S01E07.WEBRip.x264-ION10[eztv.re].mp4" cannot be found for analysis|
2025-08-31 12:59:00|ERROR   |root                            |Video file "/downloads/Wednesday/season 01/Wednesday.S01E08.WEBRip.x264-ION10[eztv.re].mp4" cannot be found for analysis|
2025-08-31 12:59:00|ERROR   |root                            |Video file "/downloads/Wednesday/season 2/Wednesday S02E01 720p x264-FENiX[EZTVx.to].mkv" cannot be found for analysis|
2025-08-31 12:59:00|ERROR   |root                            |Video file "/downloads/Wednesday/season 2/Wednesday S02E02 720p x264-FENiX.mkv" cannot be found for analysis|
2025-08-31 12:59:00|ERROR   |root                            |Video file "/downloads/Wednesday/season 2/Wednesday S02E03 720p x264-FENiX.mkv" cannot be found for analysis|
2025-08-31 12:59:00|ERROR   |root                            |Video file "/downloads/Wednesday/season 2/Wednesday S02E04 720p x264-FENiX.mkv" cannot be found for analysis|
2025-08-31 12:59:00|ERROR   |root                            |Video file "/downloads/Squid Game/Season 2/Squid.Game.S02E01.480p.x264-mSD[EZTVx.to].mkv" cannot be found for analysis|
2025-08-31 12:59:00|ERROR   |root                            |Video file "/downloads/Squid Game/Season 2/Squid.Game.S02E02.MULTI.480p.x264-mSD[EZTVx.to].mkv" cannot be found for analysis|
2025-08-31 12:59:00|ERROR   |root                            |Video file "/downloads/Squid Game/Season 2/Squid.Game.S02E03.MULTI.480p.x264-mSD[EZTVx.to].mkv" cannot be found for analysis|
2025-08-31 12:59:00|ERROR   |root                            |Video file "/downloads/Squid Game/Season 2/Squid.Game.S02E04.MULTI.480p.x264-mSD[EZTVx.to].mkv" cannot be found for analysis|
2025-08-31 12:59:00|ERROR   |root                            |Video file "/downloads/Squid Game/Season 2/squid.game.s02e05.720p.web.h264-sylix.mkv" cannot be found for analysis|
2025-08-31 12:59:00|ERROR   |root                            |Video file "/downloads/Squid Game/Season 2/Squid.Game.S02E06.MULTI.1080p.WEB.X264-HiggsBoson[EZTVx.to].mkv" cannot be found for analysis|
2025-08-31 12:59:00|ERROR   |root                            |Video file "/downloads/Squid Game/Season 2/Squid.Game.S02E07.FINAL.MULTI.480p.x264-mSD[EZTVx.to].mkv" cannot be found for analysis|
2025-08-31 12:59:00|ERROR   |root                            |Video file "/downloads/Squid Game/Squid Game - Season 3 [Dual Audio]/Season 3/Squid Game - S03E01 - Keys and Knives.mkv" cannot be found for analysis|
2025-08-31 12:59:00|ERROR   |root                            |Video file "/downloads/Squid Game/Squid Game - Season 3 [Dual Audio]/Season 3/Squid Game - S03E02 - The Starry Night.mkv" cannot be found for analysis|
2025-08-31 12:59:00|ERROR   |root                            |Video file "/downloads/Squid Game/Squid Game - Season 3 [Dual Audio]/Season 3/Squid Game - S03E03 - It's Not Your Fault.mkv" cannot be found for analysis|
2025-08-31 12:59:00|ERROR   |root                            |Video file "/downloads/Squid Game/Squid Game - Season 3 [Dual Audio]/Season 3/Squid Game - S03E04 - 222.mkv" cannot be found for analysis|
2025-08-31 12:59:00|ERROR   |root                            |Video file "/downloads/Squid Game/Squid Game - Season 3 [Dual Audio]/Season 3/Squid Game - S03E05 - ○△□.mkv" cannot be found for analysis|
2025-08-31 12:59:00|ERROR   |root                            |Video file "/downloads/Squid Game/Squid Game - Season 3 [Dual Audio]/Season 3/Squid Game - S03E06 - Humans Are....mkv" cannot be found for analysis|
2025-08-31 12:59:00|ERROR   |root                            |Video file "/downloads/Hierarchy.S01/Hierarchy.S01E01.DUAL-AUDIO.KOR-ENG.1080p.10bit.WEBRip.6CH.x265.HEVC-PSA.mkv" cannot be found for analysis|
2025-08-31 12:59:00|ERROR   |root                            |Video file "/downloads/Hierarchy.S01/Hierarchy.S01E02.DUAL-AUDIO.KOR-ENG.1080p.10bit.WEBRip.6CH.x265.HEVC-PSA.mkv" cannot be found for analysis|
2025-08-31 12:59:00|ERROR   |root                            |Video file "/downloads/Hierarchy.S01/Hierarchy.S01E03.DUAL-AUDIO.KOR-ENG.1080p.10bit.WEBRip.6CH.x265.HEVC-PSA.mkv" cannot be found for analysis|
2025-08-31 12:59:00|ERROR   |root                            |Video file "/downloads/Hierarchy.S01/Hierarchy.S01E04.DUAL-AUDIO.KOR-ENG.1080p.10bit.WEBRip.6CH.x265.HEVC-PSA.mkv" cannot be found for analysis|
2025-08-31 12:59:00|ERROR   |root                            |Video file "/downloads/Hierarchy.S01/Hierarchy.S01E05.DUAL-AUDIO.KOR-ENG.1080p.10bit.WEBRip.6CH.x265.HEVC-PSA.mkv" cannot be found for analysis|
2025-08-31 12:59:00|ERROR   |root                            |Video file "/downloads/Hierarchy.S01/Hierarchy.S01E06.DUAL-AUDIO.KOR-ENG.1080p.10bit.WEBRip.6CH.x265.HEVC-PSA.mkv" cannot be found for analysis|
2025-08-31 12:59:00|ERROR   |root                            |Video file "/downloads/Hierarchy.S01/Hierarchy.S01E07.DUAL-AUDIO.KOR-ENG.1080p.10bit.WEBRip.6CH.x265.HEVC-PSA.mkv" cannot be found for analysis|
2025-08-31 12:59:00|ERROR   |root                            |Video file "/downloads/Vigilante 2023/Season 1/Vigilante.S01E01.1080p.DNSP.WEBRip.x264.mkv" cannot be found for analysis|
2025-08-31 12:59:00|ERROR   |root                            |Video file "/downloads/Vigilante 2023/Season 1/Vigilante.S01E02.1080p.DNSP.WEBRip.x264.mkv" cannot be found for analysis|
2025-08-31 12:59:00|ERROR   |root                            |Video file "/downloads/Vigilante 2023/Season 1/Vigilante.S01E03.1080p.DNSP.WEBRip.x264.mkv" cannot be found for analysis|
2025-08-31 12:59:00|ERROR   |root                            |Video file "/downloads/Vigilante 2023/Season 1/Vigilante.S01E04.1080p.DNSP.WEBRip.x264.mkv" cannot be found for analysis|
2025-08-31 12:59:00|ERROR   |root                            |Video file "/downloads/Vigilante 2023/Season 1/Vigilante.S01E05.1080p.DNSP.WEBRip.x264.mkv" cannot be found for analysis|
2025-08-31 12:59:00|ERROR   |root                            |Video file "/downloads/Vigilante 2023/Season 1/Vigilante.S01E06.1080p.DNSP.WEBRip.x264.mkv" cannot be found for analysis|
2025-08-31 12:59:00|ERROR   |root                            |Video file "/downloads/Vigilante 2023/Season 1/Vigilante.S01E07.1080p.DNSP.WEBRip.x264.mkv" cannot be found for analysis|
2025-08-31 12:59:00|ERROR   |root                            |Video file "/downloads/Vigilante 2023/Season 1/Vigilante.S01E08.1080p.DNSP.WEBRip.x264.mkv" cannot be found for analysis|
2025-08-31 12:59:00|ERROR   |root                            |Video file "/downloads/The Witcher/Season 1/The.Witcher.S01E01.720p.NF.WEBRip.x264-GalaxyTV.mkv" cannot be found for analysis|
2025-08-31 12:59:00|ERROR   |root                            |Video file "/downloads/The Witcher/Season 1/The.Witcher.S01E02.720p.NF.WEBRip.x264-GalaxyTV.mkv" cannot be found for analysis|
2025-08-31 12:59:00|ERROR   |root                            |Video file "/downloads/The Witcher/Season 1/The.Witcher.S01E03.720p.NF.WEBRip.x264-GalaxyTV.mkv" cannot be found for analysis|
2025-08-31 12:59:00|ERROR   |root                            |Video file "/downloads/The Witcher/Season 1/The.Witcher.S01E04.720p.NF.WEBRip.x264-GalaxyTV.mkv" cannot be found for analysis|
2025-08-31 12:59:00|ERROR   |root                            |Video file "/downloads/The Witcher/Season 1/The.Witcher.S01E05.720p.NF.WEBRip.x264-GalaxyTV.mkv" cannot be found for analysis|
2025-08-31 12:59:00|ERROR   |root                            |Video file "/downloads/The Witcher/Season 1/The.Witcher.S01E06.720p.NF.WEBRip.x264-GalaxyTV.mkv" cannot be found for analysis|
2025-08-31 12:59:00|ERROR   |root                            |Video file "/downloads/The Witcher/Season 1/The.Witcher.S01E07.720p.NF.WEBRip.x264-GalaxyTV.mkv" cannot be found for analysis|
2025-08-31 12:59:00|ERROR   |root                            |Video file "/downloads/The Witcher/Season 1/The.Witcher.S01E08.720p.NF.WEBRip.x264-GalaxyTV.mkv" cannot be found for analysis|
2025-08-31 12:59:00|ERROR   |root                            |Video file "/downloads/The Witcher/Season 2/The.Witcher.S02E01.720p.NF.WEBRip.x264-GalaxyTV.mkv" cannot be found for analysis|
2025-08-31 12:59:00|ERROR   |root                            |Video file "/downloads/The Witcher/Season 2/The.Witcher.S02E02.720p.NF.WEBRip.x264-GalaxyTV.mkv" cannot be found for analysis|
2025-08-31 12:59:00|ERROR   |root                            |Video file "/downloads/The Witcher/Season 2/The.Witcher.S02E03.720p.NF.WEBRip.x264-GalaxyTV.mkv" cannot be found for analysis|
2025-08-31 12:59:00|ERROR   |root                            |Video file "/downloads/The Witcher/Season 2/The.Witcher.S02E04.720p.NF.WEBRip.x264-GalaxyTV.mkv" cannot be found for analysis|
2025-08-31 12:59:00|ERROR   |root                            |Video file "/downloads/The Witcher/Season 2/The.Witcher.S02E05.720p.NF.WEBRip.x264-GalaxyTV.mkv" cannot be found for analysis|
2025-08-31 12:59:00|ERROR   |root                            |Video file "/downloads/The Witcher/Season 2/The.Witcher.S02E06.720p.NF.WEBRip.x264-GalaxyTV.mkv" cannot be found for analysis|
2025-08-31 12:59:00|ERROR   |root                            |Video file "/downloads/The Witcher/Season 2/The.Witcher.S02E07.720p.NF.WEBRip.x264-GalaxyTV.mkv" cannot be found for analysis|
2025-08-31 12:59:00|ERROR   |root                            |Video file "/downloads/The Witcher/Season 2/The.Witcher.S02E08.720p.NF.WEBRip.x264-GalaxyTV.mkv" cannot be found for analysis|
2025-08-31 12:59:00|ERROR   |root                            |Video file "/downloads/The Witcher/Season 3/The Witcher - S03E01 - Shaerrawedd.mkv" cannot be found for analysis|
2025-08-31 12:59:00|ERROR   |root                            |Video file "/downloads/The Witcher/Season 3/The Witcher - S03E02 - Unbound.mkv" cannot be found for analysis|
2025-08-31 12:59:00|ERROR   |root                            |Video file "/downloads/The Witcher/Season 3/The Witcher - S03E03 - Reunion.mkv" cannot be found for analysis|
2025-08-31 12:59:00|ERROR   |root                            |Video file "/downloads/The Witcher/Season 3/The Witcher - S03E04 - The Invitation.mkv" cannot be found for analysis|
2025-08-31 12:59:00|ERROR   |root                            |Video file "/downloads/The Witcher/Season 3/The Witcher - S03E05 - The Art of the Illusion.mkv" cannot be found for analysis|
2025-08-31 12:59:00|ERROR   |root                            |Video file "/downloads/The Witcher/Season 3/The Witcher - S03E06 - Everybody Has a Plan 'til They Get Punched in the Face.mkv" cannot be found for analysis|
2025-08-31 12:59:00|ERROR   |root                            |Video file "/downloads/The Witcher/Season 3/The Witcher - S03E07 - Out of the Fire, Into the Frying Pan.mkv" cannot be found for analysis|
2025-08-31 12:59:00|ERROR   |root                            |Video file "/downloads/The Witcher/Season 3/The Witcher - S03E08 - The Cost of Chaos.mkv" cannot be found for analysis|
2025-08-31 12:59:00|ERROR   |root                            |Video file "/downloads/A shop for killers/Season 1/A.Shop.for.Killers.KOREAN.S01E01.2024.1080p.WEBRip.x265.HEVC-kkolev33.mkv" cannot be found for analysis|
2025-08-31 12:59:00|ERROR   |root                            |Video file "/downloads/A shop for killers/Season 1/A.Shop.for.Killers.KOREAN.S01E02.2024.1080p.WEBRip.x265.HEVC-kkolev33.mkv" cannot be found for analysis|
2025-08-31 12:59:00|ERROR   |root                            |Video file "/downloads/A shop for killers/Season 1/A.Shop.for.Killers.KOREAN.S01E03.2024.1080p.WEBRip.x265.HEVC-kkolev33.mkv" cannot be found for analysis|
2025-08-31 12:59:00|ERROR   |root                            |Video file "/downloads/A shop for killers/Season 1/A.Shop.for.Killers.KOREAN.S01E04.2024.1080p.WEBRip.x265.HEVC-kkolev33.mkv" cannot be found for analysis|
2025-08-31 12:59:00|ERROR   |root                            |Video file "/downloads/A shop for killers/Season 1/A.Shop.for.Killers.KOREAN.S01E05.2024.1080p.WEBRip.x265.HEVC-kkolev33.mkv" cannot be found for analysis|
2025-08-31 12:59:00|ERROR   |root                            |Video file "/downloads/A shop for killers/Season 1/A.Shop.for.Killers.KOREAN.S01E06.2024.1080p.WEBRip.x265.HEVC-kkolev33.mkv" cannot be found for analysis|
2025-08-31 12:59:00|ERROR   |root                            |Video file "/downloads/A shop for killers/Season 1/A.Shop.for.Killers.KOREAN.S01E07.2024.1080p.WEBRip.x265.HEVC-kkolev33.mkv" cannot be found for analysis|
2025-08-31 12:59:00|ERROR   |root                            |Video file "/downloads/A shop for killers/Season 1/A.Shop.for.Killers.KOREAN.S01E08.2024.1080p.WEBRip.x265.HEVC-kkolev33.mkv" cannot be found for analysis|
2025-08-31 12:59:00|ERROR   |root                            |Video file "/downloads/Tulsa King/Season 1/Tulsa.King.S01E01.720p.AMZN.WEBRip.x264-GalaxyTV.mkv" cannot be found for analysis|
2025-08-31 12:59:00|ERROR   |root                            |Video file "/downloads/Tulsa King/Season 1/Tulsa.King.S01E02.720p.AMZN.WEBRip.x264-GalaxyTV.mkv" cannot be found for analysis|
2025-08-31 12:59:00|ERROR   |root                            |Video file "/downloads/Tulsa King/Season 1/Tulsa.King.S01E03.720p.AMZN.WEBRip.x264-GalaxyTV.mkv" cannot be found for analysis|
2025-08-31 12:59:00|ERROR   |root                            |Video file "/downloads/Tulsa King/Season 1/Tulsa.King.S01E04.720p.AMZN.WEBRip.x264-GalaxyTV.mkv" cannot be found for analysis|
2025-08-31 12:59:00|ERROR   |root                            |Video file "/downloads/Tulsa King/Season 1/Tulsa.King.S01E05.720p.AMZN.WEBRip.x264-GalaxyTV.mkv" cannot be found for analysis|
2025-08-31 12:59:00|ERROR   |root                            |Video file "/downloads/Tulsa King/Season 1/Tulsa.King.S01E06.720p.AMZN.WEBRip.x264-GalaxyTV.mkv" cannot be found for analysis|
2025-08-31 12:59:00|ERROR   |root                            |Video file "/downloads/Tulsa King/Season 1/Tulsa.King.S01E07.720p.AMZN.WEBRip.x264-GalaxyTV.mkv" cannot be found for analysis|
2025-08-31 12:59:00|ERROR   |root                            |Video file "/downloads/Tulsa King/Season 1/Tulsa.King.S01E08.720p.AMZN.WEBRip.x264-GalaxyTV.mkv" cannot be found for analysis|
2025-08-31 12:59:00|ERROR   |root                            |Video file "/downloads/Tulsa King/Season 1/Tulsa.King.S01E09.720p.AMZN.WEBRip.x264-GalaxyTV.mkv" cannot be found for analysis|
2025-08-31 12:59:00|ERROR   |root                            |Video file "/downloads/Tulsa King/Season 2/Tulsa.King.S02E01.480p.x264-RUBiK.mkv" cannot be found for analysis|
2025-08-31 12:59:00|ERROR   |root                            |Video file "/downloads/Tulsa King/Season 2/Tulsa.King.S02E02.480p.x264-RUBiK.mkv" cannot be found for analysis|
2025-08-31 12:59:00|ERROR   |root                            |Video file "/downloads/Tulsa King/Season 2/Tulsa.King.S02E03.480p.x264-RUBiK.mkv" cannot be found for analysis|
2025-08-31 12:59:00|ERROR   |root                            |Video file "/downloads/Tulsa King/Season 2/Tulsa.King.S02E04.480p.x264-RUBiK.mkv" cannot be found for analysis|
2025-08-31 12:59:00|ERROR   |root                            |Video file "/downloads/Tulsa King/Season 2/Tulsa.King.S02E05.480p.x264-RUBiK.mkv" cannot be found for analysis|
2025-08-31 12:59:00|ERROR   |root                            |Video file "/downloads/Tulsa King/Season 2/Tulsa.King.S02E06.480p.x264-RUBiK.mkv" cannot be found for analysis|
2025-08-31 12:59:00|ERROR   |root                            |Video file "/downloads/Tulsa King/Season 2/Tulsa.King.S02E07.480p.x264-RUBiK.mkv" cannot be found for analysis|
2025-08-31 12:59:00|ERROR   |root                            |Video file "/downloads/Tulsa King/Season 2/Tulsa.King.S02E08.480p.x264-RUBiK.mkv" cannot be found for analysis|
2025-08-31 12:59:00|ERROR   |root                            |Video file "/downloads/Tulsa King/Season 2/Tulsa.King.S02E09.480p.x264-RUBiK.mkv" cannot be found for analysis|
2025-08-31 12:59:00|ERROR   |root                            |Video file "/downloads/Tulsa King/Season 2/Tulsa.King.S02E10.480p.x264-RUBiK.mkv" cannot be found for analysis|
2025-08-31 13:59:00|ERROR   |root                            |Video file "/downloads/Wednesday/season 01/Wednesday.S01E01.WEBRip.x264-ION10[eztv.re].mp4" cannot be found for analysis|
2025-08-31 13:59:00|ERROR   |root                            |Video file "/downloads/Wednesday/season 01/Wednesday.S01E02.WEBRip.x264-ION10[eztv.re].mp4" cannot be found for analysis|
2025-08-31 13:59:00|ERROR   |root                            |Video file "/downloads/Wednesday/season 01/Wednesday.S01E03.WEBRip.x264-ION10[eztv.re].mp4" cannot be found for analysis|
2025-08-31 13:59:00|ERROR   |root                            |Video file "/downloads/Wednesday/season 01/Wednesday.S01E04.WEBRip.x264-ION10[eztv.re].mp4" cannot be found for analysis|
2025-08-31 13:59:00|ERROR   |root                            |Video file "/downloads/Wednesday/season 01/Wednesday.S01E05.WEBRip.x264-ION10[eztv.re].mp4" cannot be found for analysis|
2025-08-31 13:59:00|ERROR   |root                            |Video file "/downloads/Wednesday/season 01/Wednesday.S01E06.WEBRip.x264-ION10[eztv.re].mp4" cannot be found for analysis|
2025-08-31 13:59:00|ERROR   |root                            |Video file "/downloads/Wednesday/season 01/Wednesday.S01E07.WEBRip.x264-ION10[eztv.re].mp4" cannot be found for analysis|
2025-08-31 13:59:00|ERROR   |root                            |Video file "/downloads/Wednesday/season 01/Wednesday.S01E08.WEBRip.x264-ION10[eztv.re].mp4" cannot be found for analysis|
2025-08-31 13:59:00|ERROR   |root                            |Video file "/downloads/Wednesday/season 2/Wednesday S02E01 720p x264-FENiX[EZTVx.to].mkv" cannot be found for analysis|
2025-08-31 13:59:00|ERROR   |root                            |Video file "/downloads/Wednesday/season 2/Wednesday S02E02 720p x264-FENiX.mkv" cannot be found for analysis|
2025-08-31 13:59:00|ERROR   |root                            |Video file "/downloads/Wednesday/season 2/Wednesday S02E03 720p x264-FENiX.mkv" cannot be found for analysis|
2025-08-31 13:59:00|ERROR   |root                            |Video file "/downloads/Wednesday/season 2/Wednesday S02E04 720p x264-FENiX.mkv" cannot be found for analysis|
2025-08-31 13:59:00|ERROR   |root                            |Video file "/downloads/Squid Game/Season 2/Squid.Game.S02E01.480p.x264-mSD[EZTVx.to].mkv" cannot be found for analysis|
2025-08-31 13:59:00|ERROR   |root                            |Video file "/downloads/Squid Game/Season 2/Squid.Game.S02E02.MULTI.480p.x264-mSD[EZTVx.to].mkv" cannot be found for analysis|
2025-08-31 13:59:00|ERROR   |root                            |Video file "/downloads/Squid Game/Season 2/Squid.Game.S02E03.MULTI.480p.x264-mSD[EZTVx.to].mkv" cannot be found for analysis|
2025-08-31 13:59:00|ERROR   |root                            |Video file "/downloads/Squid Game/Season 2/Squid.Game.S02E04.MULTI.480p.x264-mSD[EZTVx.to].mkv" cannot be found for analysis|
2025-08-31 13:59:00|ERROR   |root                            |Video file "/downloads/Squid Game/Season 2/squid.game.s02e05.720p.web.h264-sylix.mkv" cannot be found for analysis|
2025-08-31 13:59:00|ERROR   |root                            |Video file "/downloads/Squid Game/Season 2/Squid.Game.S02E06.MULTI.1080p.WEB.X264-HiggsBoson[EZTVx.to].mkv" cannot be found for analysis|
2025-08-31 13:59:00|ERROR   |root                            |Video file "/downloads/Squid Game/Season 2/Squid.Game.S02E07.FINAL.MULTI.480p.x264-mSD[EZTVx.to].mkv" cannot be found for analysis|
2025-08-31 13:59:00|ERROR   |root                            |Video file "/downloads/Squid Game/Squid Game - Season 3 [Dual Audio]/Season 3/Squid Game - S03E01 - Keys and Knives.mkv" cannot be found for analysis|
2025-08-31 13:59:00|ERROR   |root                            |Video file "/downloads/Squid Game/Squid Game - Season 3 [Dual Audio]/Season 3/Squid Game - S03E02 - The Starry Night.mkv" cannot be found for analysis|
2025-08-31 13:59:00|ERROR   |root                            |Video file "/downloads/Squid Game/Squid Game - Season 3 [Dual Audio]/Season 3/Squid Game - S03E03 - It's Not Your Fault.mkv" cannot be found for analysis|
2025-08-31 13:59:00|ERROR   |root                            |Video file "/downloads/Squid Game/Squid Game - Season 3 [Dual Audio]/Season 3/Squid Game - S03E04 - 222.mkv" cannot be found for analysis|
2025-08-31 13:59:00|ERROR   |root                            |Video file "/downloads/Squid Game/Squid Game - Season 3 [Dual Audio]/Season 3/Squid Game - S03E05 - ○△□.mkv" cannot be found for analysis|
2025-08-31 13:59:00|ERROR   |root                            |Video file "/downloads/Squid Game/Squid Game - Season 3 [Dual Audio]/Season 3/Squid Game - S03E06 - Humans Are....mkv" cannot be found for analysis|
2025-08-31 13:59:00|ERROR   |root                            |Video file "/downloads/Hierarchy.S01/Hierarchy.S01E01.DUAL-AUDIO.KOR-ENG.1080p.10bit.WEBRip.6CH.x265.HEVC-PSA.mkv" cannot be found for analysis|
2025-08-31 13:59:00|ERROR   |root                            |Video file "/downloads/Hierarchy.S01/Hierarchy.S01E02.DUAL-AUDIO.KOR-ENG.1080p.10bit.WEBRip.6CH.x265.HEVC-PSA.mkv" cannot be found for analysis|
2025-08-31 13:59:00|ERROR   |root                            |Video file "/downloads/Hierarchy.S01/Hierarchy.S01E03.DUAL-AUDIO.KOR-ENG.1080p.10bit.WEBRip.6CH.x265.HEVC-PSA.mkv" cannot be found for analysis|
2025-08-31 13:59:00|ERROR   |root                            |Video file "/downloads/Hierarchy.S01/Hierarchy.S01E04.DUAL-AUDIO.KOR-ENG.1080p.10bit.WEBRip.6CH.x265.HEVC-PSA.mkv" cannot be found for analysis|
2025-08-31 13:59:00|ERROR   |root                            |Video file "/downloads/Hierarchy.S01/Hierarchy.S01E05.DUAL-AUDIO.KOR-ENG.1080p.10bit.WEBRip.6CH.x265.HEVC-PSA.mkv" cannot be found for analysis|
2025-08-31 13:59:00|ERROR   |root                            |Video file "/downloads/Hierarchy.S01/Hierarchy.S01E06.DUAL-AUDIO.KOR-ENG.1080p.10bit.WEBRip.6CH.x265.HEVC-PSA.mkv" cannot be found for analysis|
2025-08-31 13:59:00|ERROR   |root                            |Video file "/downloads/Hierarchy.S01/Hierarchy.S01E07.DUAL-AUDIO.KOR-ENG.1080p.10bit.WEBRip.6CH.x265.HEVC-PSA.mkv" cannot be found for analysis|
2025-08-31 13:59:00|ERROR   |root                            |Video file "/downloads/Vigilante 2023/Season 1/Vigilante.S01E01.1080p.DNSP.WEBRip.x264.mkv" cannot be found for analysis|
2025-08-31 13:59:00|ERROR   |root                            |Video file "/downloads/Vigilante 2023/Season 1/Vigilante.S01E02.1080p.DNSP.WEBRip.x264.mkv" cannot be found for analysis|
2025-08-31 13:59:00|ERROR   |root                            |Video file "/downloads/Vigilante 2023/Season 1/Vigilante.S01E03.1080p.DNSP.WEBRip.x264.mkv" cannot be found for analysis|
2025-08-31 13:59:00|ERROR   |root                            |Video file "/downloads/Vigilante 2023/Season 1/Vigilante.S01E04.1080p.DNSP.WEBRip.x264.mkv" cannot be found for analysis|
2025-08-31 13:59:00|ERROR   |root                            |Video file "/downloads/Vigilante 2023/Season 1/Vigilante.S01E05.1080p.DNSP.WEBRip.x264.mkv" cannot be found for analysis|
2025-08-31 13:59:00|ERROR   |root                            |Video file "/downloads/Vigilante 2023/Season 1/Vigilante.S01E06.1080p.DNSP.WEBRip.x264.mkv" cannot be found for analysis|
2025-08-31 13:59:00|ERROR   |root                            |Video file "/downloads/Vigilante 2023/Season 1/Vigilante.S01E07.1080p.DNSP.WEBRip.x264.mkv" cannot be found for analysis|
2025-08-31 13:59:00|ERROR   |root                            |Video file "/downloads/Vigilante 2023/Season 1/Vigilante.S01E08.1080p.DNSP.WEBRip.x264.mkv" cannot be found for analysis|
2025-08-31 13:59:00|ERROR   |root                            |Video file "/downloads/The Witcher/Season 1/The.Witcher.S01E01.720p.NF.WEBRip.x264-GalaxyTV.mkv" cannot be found for analysis|
2025-08-31 13:59:00|ERROR   |root                            |Video file "/downloads/The Witcher/Season 1/The.Witcher.S01E02.720p.NF.WEBRip.x264-GalaxyTV.mkv" cannot be found for analysis|
2025-08-31 13:59:00|ERROR   |root                            |Video file "/downloads/The Witcher/Season 1/The.Witcher.S01E03.720p.NF.WEBRip.x264-GalaxyTV.mkv" cannot be found for analysis|
2025-08-31 13:59:00|ERROR   |root                            |Video file "/downloads/The Witcher/Season 1/The.Witcher.S01E04.720p.NF.WEBRip.x264-GalaxyTV.mkv" cannot be found for analysis|
2025-08-31 13:59:00|ERROR   |root                            |Video file "/downloads/The Witcher/Season 1/The.Witcher.S01E05.720p.NF.WEBRip.x264-GalaxyTV.mkv" cannot be found for analysis|
2025-08-31 13:59:00|ERROR   |root                            |Video file "/downloads/The Witcher/Season 1/The.Witcher.S01E06.720p.NF.WEBRip.x264-GalaxyTV.mkv" cannot be found for analysis|
2025-08-31 13:59:00|ERROR   |root                            |Video file "/downloads/The Witcher/Season 1/The.Witcher.S01E07.720p.NF.WEBRip.x264-GalaxyTV.mkv" cannot be found for analysis|
2025-08-31 13:59:00|ERROR   |root                            |Video file "/downloads/The Witcher/Season 1/The.Witcher.S01E08.720p.NF.WEBRip.x264-GalaxyTV.mkv" cannot be found for analysis|
2025-08-31 13:59:00|ERROR   |root                            |Video file "/downloads/The Witcher/Season 2/The.Witcher.S02E01.720p.NF.WEBRip.x264-GalaxyTV.mkv" cannot be found for analysis|
2025-08-31 13:59:00|ERROR   |root                            |Video file "/downloads/The Witcher/Season 2/The.Witcher.S02E02.720p.NF.WEBRip.x264-GalaxyTV.mkv" cannot be found for analysis|
2025-08-31 13:59:00|ERROR   |root                            |Video file "/downloads/The Witcher/Season 2/The.Witcher.S02E03.720p.NF.WEBRip.x264-GalaxyTV.mkv" cannot be found for analysis|
2025-08-31 13:59:00|ERROR   |root                            |Video file "/downloads/The Witcher/Season 2/The.Witcher.S02E04.720p.NF.WEBRip.x264-GalaxyTV.mkv" cannot be found for analysis|
2025-08-31 13:59:00|ERROR   |root                            |Video file "/downloads/The Witcher/Season 2/The.Witcher.S02E05.720p.NF.WEBRip.x264-GalaxyTV.mkv" cannot be found for analysis|
2025-08-31 13:59:00|ERROR   |root                            |Video file "/downloads/The Witcher/Season 2/The.Witcher.S02E06.720p.NF.WEBRip.x264-GalaxyTV.mkv" cannot be found for analysis|
2025-08-31 13:59:00|ERROR   |root                            |Video file "/downloads/The Witcher/Season 2/The.Witcher.S02E07.720p.NF.WEBRip.x264-GalaxyTV.mkv" cannot be found for analysis|
2025-08-31 13:59:00|ERROR   |root                            |Video file "/downloads/The Witcher/Season 2/The.Witcher.S02E08.720p.NF.WEBRip.x264-GalaxyTV.mkv" cannot be found for analysis|
2025-08-31 13:59:00|ERROR   |root                            |Video file "/downloads/The Witcher/Season 3/The Witcher - S03E01 - Shaerrawedd.mkv" cannot be found for analysis|
2025-08-31 13:59:00|ERROR   |root                            |Video file "/downloads/The Witcher/Season 3/The Witcher - S03E02 - Unbound.mkv" cannot be found for analysis|
2025-08-31 13:59:00|ERROR   |root                            |Video file "/downloads/The Witcher/Season 3/The Witcher - S03E03 - Reunion.mkv" cannot be found for analysis|
2025-08-31 13:59:00|ERROR   |root                            |Video file "/downloads/The Witcher/Season 3/The Witcher - S03E04 - The Invitation.mkv" cannot be found for analysis|
2025-08-31 13:59:00|ERROR   |root                            |Video file "/downloads/The Witcher/Season 3/The Witcher - S03E05 - The Art of the Illusion.mkv" cannot be found for analysis|
2025-08-31 13:59:00|ERROR   |root                            |Video file "/downloads/The Witcher/Season 3/The Witcher - S03E06 - Everybody Has a Plan 'til They Get Punched in the Face.mkv" cannot be found for analysis|
2025-08-31 13:59:00|ERROR   |root                            |Video file "/downloads/The Witcher/Season 3/The Witcher - S03E07 - Out of the Fire, Into the Frying Pan.mkv" cannot be found for analysis|
2025-08-31 13:59:00|ERROR   |root                            |Video file "/downloads/The Witcher/Season 3/The Witcher - S03E08 - The Cost of Chaos.mkv" cannot be found for analysis|
2025-08-31 13:59:00|ERROR   |root                            |Video file "/downloads/A shop for killers/Season 1/A.Shop.for.Killers.KOREAN.S01E01.2024.1080p.WEBRip.x265.HEVC-kkolev33.mkv" cannot be found for analysis|
2025-08-31 13:59:00|ERROR   |root                            |Video file "/downloads/A shop for killers/Season 1/A.Shop.for.Killers.KOREAN.S01E02.2024.1080p.WEBRip.x265.HEVC-kkolev33.mkv" cannot be found for analysis|
2025-08-31 13:59:00|ERROR   |root                            |Video file "/downloads/A shop for killers/Season 1/A.Shop.for.Killers.KOREAN.S01E03.2024.1080p.WEBRip.x265.HEVC-kkolev33.mkv" cannot be found for analysis|
2025-08-31 13:59:00|ERROR   |root                            |Video file "/downloads/A shop for killers/Season 1/A.Shop.for.Killers.KOREAN.S01E04.2024.1080p.WEBRip.x265.HEVC-kkolev33.mkv" cannot be found for analysis|
2025-08-31 13:59:00|ERROR   |root                            |Video file "/downloads/A shop for killers/Season 1/A.Shop.for.Killers.KOREAN.S01E05.2024.1080p.WEBRip.x265.HEVC-kkolev33.mkv" cannot be found for analysis|
2025-08-31 13:59:00|ERROR   |root                            |Video file "/downloads/A shop for killers/Season 1/A.Shop.for.Killers.KOREAN.S01E06.2024.1080p.WEBRip.x265.HEVC-kkolev33.mkv" cannot be found for analysis|
2025-08-31 13:59:00|ERROR   |root                            |Video file "/downloads/A shop for killers/Season 1/A.Shop.for.Killers.KOREAN.S01E07.2024.1080p.WEBRip.x265.HEVC-kkolev33.mkv" cannot be found for analysis|
2025-08-31 13:59:00|ERROR   |root                            |Video file "/downloads/A shop for killers/Season 1/A.Shop.for.Killers.KOREAN.S01E08.2024.1080p.WEBRip.x265.HEVC-kkolev33.mkv" cannot be found for analysis|
2025-08-31 13:59:00|ERROR   |root                            |Video file "/downloads/Tulsa King/Season 1/Tulsa.King.S01E01.720p.AMZN.WEBRip.x264-GalaxyTV.mkv" cannot be found for analysis|
2025-08-31 13:59:00|ERROR   |root                            |Video file "/downloads/Tulsa King/Season 1/Tulsa.King.S01E02.720p.AMZN.WEBRip.x264-GalaxyTV.mkv" cannot be found for analysis|
2025-08-31 13:59:00|ERROR   |root                            |Video file "/downloads/Tulsa King/Season 1/Tulsa.King.S01E03.720p.AMZN.WEBRip.x264-GalaxyTV.mkv" cannot be found for analysis|
2025-08-31 13:59:00|ERROR   |root                            |Video file "/downloads/Tulsa King/Season 1/Tulsa.King.S01E04.720p.AMZN.WEBRip.x264-GalaxyTV.mkv" cannot be found for analysis|
2025-08-31 13:59:00|ERROR   |root                            |Video file "/downloads/Tulsa King/Season 1/Tulsa.King.S01E05.720p.AMZN.WEBRip.x264-GalaxyTV.mkv" cannot be found for analysis|
2025-08-31 13:59:00|ERROR   |root                            |Video file "/downloads/Tulsa King/Season 1/Tulsa.King.S01E06.720p.AMZN.WEBRip.x264-GalaxyTV.mkv" cannot be found for analysis|
2025-08-31 13:59:00|ERROR   |root                            |Video file "/downloads/Tulsa King/Season 1/Tulsa.King.S01E07.720p.AMZN.WEBRip.x264-GalaxyTV.mkv" cannot be found for analysis|
2025-08-31 13:59:00|ERROR   |root                            |Video file "/downloads/Tulsa King/Season 1/Tulsa.King.S01E08.720p.AMZN.WEBRip.x264-GalaxyTV.mkv" cannot be found for analysis|
2025-08-31 13:59:00|ERROR   |root                            |Video file "/downloads/Tulsa King/Season 1/Tulsa.King.S01E09.720p.AMZN.WEBRip.x264-GalaxyTV.mkv" cannot be found for analysis|
2025-08-31 13:59:00|ERROR   |root                            |Video file "/downloads/Tulsa King/Season 2/Tulsa.King.S02E01.480p.x264-RUBiK.mkv" cannot be found for analysis|
2025-08-31 13:59:00|ERROR   |root                            |Video file "/downloads/Tulsa King/Season 2/Tulsa.King.S02E02.480p.x264-RUBiK.mkv" cannot be found for analysis|
2025-08-31 13:59:00|ERROR   |root                            |Video file "/downloads/Tulsa King/Season 2/Tulsa.King.S02E03.480p.x264-RUBiK.mkv" cannot be found for analysis|
2025-08-31 13:59:00|ERROR   |root                            |Video file "/downloads/Tulsa King/Season 2/Tulsa.King.S02E04.480p.x264-RUBiK.mkv" cannot be found for analysis|
2025-08-31 13:59:00|ERROR   |root                            |Video file "/downloads/Tulsa King/Season 2/Tulsa.King.S02E05.480p.x264-RUBiK.mkv" cannot be found for analysis|
2025-08-31 13:59:00|ERROR   |root                            |Video file "/downloads/Tulsa King/Season 2/Tulsa.King.S02E06.480p.x264-RUBiK.mkv" cannot be found for analysis|
2025-08-31 13:59:00|ERROR   |root                            |Video file "/downloads/Tulsa King/Season 2/Tulsa.King.S02E07.480p.x264-RUBiK.mkv" cannot be found for analysis|
2025-08-31 13:59:00|ERROR   |root                            |Video file "/downloads/Tulsa King/Season 2/Tulsa.King.S02E08.480p.x264-RUBiK.mkv" cannot be found for analysis|
2025-08-31 13:59:00|ERROR   |root                            |Video file "/downloads/Tulsa King/Season 2/Tulsa.King.S02E09.480p.x264-RUBiK.mkv" cannot be found for analysis|
2025-08-31 13:59:00|ERROR   |root                            |Video file "/downloads/Tulsa King/Season 2/Tulsa.King.S02E10.480p.x264-RUBiK.mkv" cannot be found for analysis|
2025-08-31 14:59:00|ERROR   |root                            |Video file "/downloads/Wednesday/season 01/Wednesday.S01E01.WEBRip.x264-ION10[eztv.re].mp4" cannot be found for analysis|
2025-08-31 14:59:00|ERROR   |root                            |Video file "/downloads/Wednesday/season 01/Wednesday.S01E02.WEBRip.x264-ION10[eztv.re].mp4" cannot be found for analysis|
2025-08-31 14:59:00|ERROR   |root                            |Video file "/downloads/Wednesday/season 01/Wednesday.S01E03.WEBRip.x264-ION10[eztv.re].mp4" cannot be found for analysis|
2025-08-31 14:59:00|ERROR   |root                            |Video file "/downloads/Wednesday/season 01/Wednesday.S01E04.WEBRip.x264-ION10[eztv.re].mp4" cannot be found for analysis|
2025-08-31 14:59:00|ERROR   |root                            |Video file "/downloads/Wednesday/season 01/Wednesday.S01E05.WEBRip.x264-ION10[eztv.re].mp4" cannot be found for analysis|
2025-08-31 14:59:00|ERROR   |root                            |Video file "/downloads/Wednesday/season 01/Wednesday.S01E06.WEBRip.x264-ION10[eztv.re].mp4" cannot be found for analysis|
2025-08-31 14:59:00|ERROR   |root                            |Video file "/downloads/Wednesday/season 01/Wednesday.S01E07.WEBRip.x264-ION10[eztv.re].mp4" cannot be found for analysis|
2025-08-31 14:59:00|ERROR   |root                            |Video file "/downloads/Wednesday/season 01/Wednesday.S01E08.WEBRip.x264-ION10[eztv.re].mp4" cannot be found for analysis|
2025-08-31 14:59:00|ERROR   |root                            |Video file "/downloads/Wednesday/season 2/Wednesday S02E01 720p x264-FENiX[EZTVx.to].mkv" cannot be found for analysis|
2025-08-31 14:59:00|ERROR   |root                            |Video file "/downloads/Wednesday/season 2/Wednesday S02E02 720p x264-FENiX.mkv" cannot be found for analysis|
2025-08-31 14:59:00|ERROR   |root                            |Video file "/downloads/Wednesday/season 2/Wednesday S02E03 720p x264-FENiX.mkv" cannot be found for analysis|
2025-08-31 14:59:00|ERROR   |root                            |Video file "/downloads/Wednesday/season 2/Wednesday S02E04 720p x264-FENiX.mkv" cannot be found for analysis|
2025-08-31 14:59:00|ERROR   |root                            |Video file "/downloads/Squid Game/Season 2/Squid.Game.S02E01.480p.x264-mSD[EZTVx.to].mkv" cannot be found for analysis|
2025-08-31 14:59:00|ERROR   |root                            |Video file "/downloads/Squid Game/Season 2/Squid.Game.S02E02.MULTI.480p.x264-mSD[EZTVx.to].mkv" cannot be found for analysis|
2025-08-31 14:59:00|ERROR   |root                            |Video file "/downloads/Squid Game/Season 2/Squid.Game.S02E03.MULTI.480p.x264-mSD[EZTVx.to].mkv" cannot be found for analysis|
2025-08-31 14:59:00|ERROR   |root                            |Video file "/downloads/Squid Game/Season 2/Squid.Game.S02E04.MULTI.480p.x264-mSD[EZTVx.to].mkv" cannot be found for analysis|
2025-08-31 14:59:00|ERROR   |root                            |Video file "/downloads/Squid Game/Season 2/squid.game.s02e05.720p.web.h264-sylix.mkv" cannot be found for analysis|
2025-08-31 14:59:00|ERROR   |root                            |Video file "/downloads/Squid Game/Season 2/Squid.Game.S02E06.MULTI.1080p.WEB.X264-HiggsBoson[EZTVx.to].mkv" cannot be found for analysis|
2025-08-31 14:59:00|ERROR   |root                            |Video file "/downloads/Squid Game/Season 2/Squid.Game.S02E07.FINAL.MULTI.480p.x264-mSD[EZTVx.to].mkv" cannot be found for analysis|
2025-08-31 14:59:00|ERROR   |root                            |Video file "/downloads/Squid Game/Squid Game - Season 3 [Dual Audio]/Season 3/Squid Game - S03E01 - Keys and Knives.mkv" cannot be found for analysis|
2025-08-31 14:59:00|ERROR   |root                            |Video file "/downloads/Squid Game/Squid Game - Season 3 [Dual Audio]/Season 3/Squid Game - S03E02 - The Starry Night.mkv" cannot be found for analysis|
2025-08-31 14:59:00|ERROR   |root                            |Video file "/downloads/Squid Game/Squid Game - Season 3 [Dual Audio]/Season 3/Squid Game - S03E03 - It's Not Your Fault.mkv" cannot be found for analysis|
2025-08-31 14:59:00|ERROR   |root                            |Video file "/downloads/Squid Game/Squid Game - Season 3 [Dual Audio]/Season 3/Squid Game - S03E04 - 222.mkv" cannot be found for analysis|
2025-08-31 14:59:00|ERROR   |root                            |Video file "/downloads/Squid Game/Squid Game - Season 3 [Dual Audio]/Season 3/Squid Game - S03E05 - ○△□.mkv" cannot be found for analysis|
2025-08-31 14:59:00|ERROR   |root                            |Video file "/downloads/Squid Game/Squid Game - Season 3 [Dual Audio]/Season 3/Squid Game - S03E06 - Humans Are....mkv" cannot be found for analysis|
2025-08-31 14:59:00|ERROR   |root                            |Video file "/downloads/Hierarchy.S01/Hierarchy.S01E01.DUAL-AUDIO.KOR-ENG.1080p.10bit.WEBRip.6CH.x265.HEVC-PSA.mkv" cannot be found for analysis|
2025-08-31 14:59:00|ERROR   |root                            |Video file "/downloads/Hierarchy.S01/Hierarchy.S01E02.DUAL-AUDIO.KOR-ENG.1080p.10bit.WEBRip.6CH.x265.HEVC-PSA.mkv" cannot be found for analysis|
2025-08-31 14:59:00|ERROR   |root                            |Video file "/downloads/Hierarchy.S01/Hierarchy.S01E03.DUAL-AUDIO.KOR-ENG.1080p.10bit.WEBRip.6CH.x265.HEVC-PSA.mkv" cannot be found for analysis|
2025-08-31 14:59:00|ERROR   |root                            |Video file "/downloads/Hierarchy.S01/Hierarchy.S01E04.DUAL-AUDIO.KOR-ENG.1080p.10bit.WEBRip.6CH.x265.HEVC-PSA.mkv" cannot be found for analysis|
2025-08-31 14:59:00|ERROR   |root                            |Video file "/downloads/Hierarchy.S01/Hierarchy.S01E05.DUAL-AUDIO.KOR-ENG.1080p.10bit.WEBRip.6CH.x265.HEVC-PSA.mkv" cannot be found for analysis|
2025-08-31 14:59:00|ERROR   |root                            |Video file "/downloads/Hierarchy.S01/Hierarchy.S01E06.DUAL-AUDIO.KOR-ENG.1080p.10bit.WEBRip.6CH.x265.HEVC-PSA.mkv" cannot be found for analysis|
2025-08-31 14:59:00|ERROR   |root                            |Video file "/downloads/Hierarchy.S01/Hierarchy.S01E07.DUAL-AUDIO.KOR-ENG.1080p.10bit.WEBRip.6CH.x265.HEVC-PSA.mkv" cannot be found for analysis|
2025-08-31 14:59:00|ERROR   |root                            |Video file "/downloads/Vigilante 2023/Season 1/Vigilante.S01E01.1080p.DNSP.WEBRip.x264.mkv" cannot be found for analysis|
2025-08-31 14:59:00|ERROR   |root                            |Video file "/downloads/Vigilante 2023/Season 1/Vigilante.S01E02.1080p.DNSP.WEBRip.x264.mkv" cannot be found for analysis|
2025-08-31 14:59:00|ERROR   |root                            |Video file "/downloads/Vigilante 2023/Season 1/Vigilante.S01E03.1080p.DNSP.WEBRip.x264.mkv" cannot be found for analysis|
2025-08-31 14:59:00|ERROR   |root                            |Video file "/downloads/Vigilante 2023/Season 1/Vigilante.S01E04.1080p.DNSP.WEBRip.x264.mkv" cannot be found for analysis|
2025-08-31 14:59:00|ERROR   |root                            |Video file "/downloads/Vigilante 2023/Season 1/Vigilante.S01E05.1080p.DNSP.WEBRip.x264.mkv" cannot be found for analysis|
2025-08-31 14:59:00|ERROR   |root                            |Video file "/downloads/Vigilante 2023/Season 1/Vigilante.S01E06.1080p.DNSP.WEBRip.x264.mkv" cannot be found for analysis|
2025-08-31 14:59:00|ERROR   |root                            |Video file "/downloads/Vigilante 2023/Season 1/Vigilante.S01E07.1080p.DNSP.WEBRip.x264.mkv" cannot be found for analysis|
2025-08-31 14:59:00|ERROR   |root                            |Video file "/downloads/Vigilante 2023/Season 1/Vigilante.S01E08.1080p.DNSP.WEBRip.x264.mkv" cannot be found for analysis|
2025-08-31 14:59:00|ERROR   |root                            |Video file "/downloads/The Witcher/Season 1/The.Witcher.S01E01.720p.NF.WEBRip.x264-GalaxyTV.mkv" cannot be found for analysis|
2025-08-31 14:59:00|ERROR   |root                            |Video file "/downloads/The Witcher/Season 1/The.Witcher.S01E02.720p.NF.WEBRip.x264-GalaxyTV.mkv" cannot be found for analysis|
2025-08-31 14:59:00|ERROR   |root                            |Video file "/downloads/The Witcher/Season 1/The.Witcher.S01E03.720p.NF.WEBRip.x264-GalaxyTV.mkv" cannot be found for analysis|
2025-08-31 14:59:00|ERROR   |root                            |Video file "/downloads/The Witcher/Season 1/The.Witcher.S01E04.720p.NF.WEBRip.x264-GalaxyTV.mkv" cannot be found for analysis|
2025-08-31 14:59:00|ERROR   |root                            |Video file "/downloads/The Witcher/Season 1/The.Witcher.S01E05.720p.NF.WEBRip.x264-GalaxyTV.mkv" cannot be found for analysis|
2025-08-31 14:59:00|ERROR   |root                            |Video file "/downloads/The Witcher/Season 1/The.Witcher.S01E06.720p.NF.WEBRip.x264-GalaxyTV.mkv" cannot be found for analysis|
2025-08-31 14:59:00|ERROR   |root                            |Video file "/downloads/The Witcher/Season 1/The.Witcher.S01E07.720p.NF.WEBRip.x264-GalaxyTV.mkv" cannot be found for analysis|
2025-08-31 14:59:00|ERROR   |root                            |Video file "/downloads/The Witcher/Season 1/The.Witcher.S01E08.720p.NF.WEBRip.x264-GalaxyTV.mkv" cannot be found for analysis|
2025-08-31 14:59:00|ERROR   |root                            |Video file "/downloads/The Witcher/Season 2/The.Witcher.S02E01.720p.NF.WEBRip.x264-GalaxyTV.mkv" cannot be found for analysis|
2025-08-31 14:59:00|ERROR   |root                            |Video file "/downloads/The Witcher/Season 2/The.Witcher.S02E02.720p.NF.WEBRip.x264-GalaxyTV.mkv" cannot be found for analysis|
2025-08-31 14:59:00|ERROR   |root                            |Video file "/downloads/The Witcher/Season 2/The.Witcher.S02E03.720p.NF.WEBRip.x264-GalaxyTV.mkv" cannot be found for analysis|
2025-08-31 14:59:00|ERROR   |root                            |Video file "/downloads/The Witcher/Season 2/The.Witcher.S02E04.720p.NF.WEBRip.x264-GalaxyTV.mkv" cannot be found for analysis|
2025-08-31 14:59:00|ERROR   |root                            |Video file "/downloads/The Witcher/Season 2/The.Witcher.S02E05.720p.NF.WEBRip.x264-GalaxyTV.mkv" cannot be found for analysis|
2025-08-31 14:59:00|ERROR   |root                            |Video file "/downloads/The Witcher/Season 2/The.Witcher.S02E06.720p.NF.WEBRip.x264-GalaxyTV.mkv" cannot be found for analysis|
2025-08-31 14:59:00|ERROR   |root                            |Video file "/downloads/The Witcher/Season 2/The.Witcher.S02E07.720p.NF.WEBRip.x264-GalaxyTV.mkv" cannot be found for analysis|
2025-08-31 14:59:00|ERROR   |root                            |Video file "/downloads/The Witcher/Season 2/The.Witcher.S02E08.720p.NF.WEBRip.x264-GalaxyTV.mkv" cannot be found for analysis|
2025-08-31 14:59:00|ERROR   |root                            |Video file "/downloads/The Witcher/Season 3/The Witcher - S03E01 - Shaerrawedd.mkv" cannot be found for analysis|
2025-08-31 14:59:00|ERROR   |root                            |Video file "/downloads/The Witcher/Season 3/The Witcher - S03E02 - Unbound.mkv" cannot be found for analysis|
2025-08-31 14:59:00|ERROR   |root                            |Video file "/downloads/The Witcher/Season 3/The Witcher - S03E03 - Reunion.mkv" cannot be found for analysis|
2025-08-31 14:59:00|ERROR   |root                            |Video file "/downloads/The Witcher/Season 3/The Witcher - S03E04 - The Invitation.mkv" cannot be found for analysis|
2025-08-31 14:59:00|ERROR   |root                            |Video file "/downloads/The Witcher/Season 3/The Witcher - S03E05 - The Art of the Illusion.mkv" cannot be found for analysis|
2025-08-31 14:59:00|ERROR   |root                            |Video file "/downloads/The Witcher/Season 3/The Witcher - S03E06 - Everybody Has a Plan 'til They Get Punched in the Face.mkv" cannot be found for analysis|
2025-08-31 14:59:00|ERROR   |root                            |Video file "/downloads/The Witcher/Season 3/The Witcher - S03E07 - Out of the Fire, Into the Frying Pan.mkv" cannot be found for analysis|
2025-08-31 14:59:00|ERROR   |root                            |Video file "/downloads/The Witcher/Season 3/The Witcher - S03E08 - The Cost of Chaos.mkv" cannot be found for analysis|
2025-08-31 14:59:00|ERROR   |root                            |Video file "/downloads/A shop for killers/Season 1/A.Shop.for.Killers.KOREAN.S01E01.2024.1080p.WEBRip.x265.HEVC-kkolev33.mkv" cannot be found for analysis|
2025-08-31 14:59:00|ERROR   |root                            |Video file "/downloads/A shop for killers/Season 1/A.Shop.for.Killers.KOREAN.S01E02.2024.1080p.WEBRip.x265.HEVC-kkolev33.mkv" cannot be found for analysis|
2025-08-31 14:59:00|ERROR   |root                            |Video file "/downloads/A shop for killers/Season 1/A.Shop.for.Killers.KOREAN.S01E03.2024.1080p.WEBRip.x265.HEVC-kkolev33.mkv" cannot be found for analysis|
2025-08-31 14:59:00|ERROR   |root                            |Video file "/downloads/A shop for killers/Season 1/A.Shop.for.Killers.KOREAN.S01E04.2024.1080p.WEBRip.x265.HEVC-kkolev33.mkv" cannot be found for analysis|
2025-08-31 14:59:00|ERROR   |root                            |Video file "/downloads/A shop for killers/Season 1/A.Shop.for.Killers.KOREAN.S01E05.2024.1080p.WEBRip.x265.HEVC-kkolev33.mkv" cannot be found for analysis|
2025-08-31 14:59:00|ERROR   |root                            |Video file "/downloads/A shop for killers/Season 1/A.Shop.for.Killers.KOREAN.S01E06.2024.1080p.WEBRip.x265.HEVC-kkolev33.mkv" cannot be found for analysis|
2025-08-31 14:59:00|ERROR   |root                            |Video file "/downloads/A shop for killers/Season 1/A.Shop.for.Killers.KOREAN.S01E07.2024.1080p.WEBRip.x265.HEVC-kkolev33.mkv" cannot be found for analysis|
2025-08-31 14:59:00|ERROR   |root                            |Video file "/downloads/A shop for killers/Season 1/A.Shop.for.Killers.KOREAN.S01E08.2024.1080p.WEBRip.x265.HEVC-kkolev33.mkv" cannot be found for analysis|
2025-08-31 14:59:00|ERROR   |root                            |Video file "/downloads/Tulsa King/Season 1/Tulsa.King.S01E01.720p.AMZN.WEBRip.x264-GalaxyTV.mkv" cannot be found for analysis|
2025-08-31 14:59:00|ERROR   |root                            |Video file "/downloads/Tulsa King/Season 1/Tulsa.King.S01E02.720p.AMZN.WEBRip.x264-GalaxyTV.mkv" cannot be found for analysis|
2025-08-31 14:59:00|ERROR   |root                            |Video file "/downloads/Tulsa King/Season 1/Tulsa.King.S01E03.720p.AMZN.WEBRip.x264-GalaxyTV.mkv" cannot be found for analysis|
2025-08-31 14:59:00|ERROR   |root                            |Video file "/downloads/Tulsa King/Season 1/Tulsa.King.S01E04.720p.AMZN.WEBRip.x264-GalaxyTV.mkv" cannot be found for analysis|
2025-08-31 14:59:00|ERROR   |root                            |Video file "/downloads/Tulsa King/Season 1/Tulsa.King.S01E05.720p.AMZN.WEBRip.x264-GalaxyTV.mkv" cannot be found for analysis|
2025-08-31 14:59:00|ERROR   |root                            |Video file "/downloads/Tulsa King/Season 1/Tulsa.King.S01E06.720p.AMZN.WEBRip.x264-GalaxyTV.mkv" cannot be found for analysis|
2025-08-31 14:59:00|ERROR   |root                            |Video file "/downloads/Tulsa King/Season 1/Tulsa.King.S01E07.720p.AMZN.WEBRip.x264-GalaxyTV.mkv" cannot be found for analysis|
2025-08-31 14:59:00|ERROR   |root                            |Video file "/downloads/Tulsa King/Season 1/Tulsa.King.S01E08.720p.AMZN.WEBRip.x264-GalaxyTV.mkv" cannot be found for analysis|
2025-08-31 14:59:00|ERROR   |root                            |Video file "/downloads/Tulsa King/Season 1/Tulsa.King.S01E09.720p.AMZN.WEBRip.x264-GalaxyTV.mkv" cannot be found for analysis|
2025-08-31 14:59:00|ERROR   |root                            |Video file "/downloads/Tulsa King/Season 2/Tulsa.King.S02E01.480p.x264-RUBiK.mkv" cannot be found for analysis|
2025-08-31 14:59:00|ERROR   |root                            |Video file "/downloads/Tulsa King/Season 2/Tulsa.King.S02E02.480p.x264-RUBiK.mkv" cannot be found for analysis|
2025-08-31 14:59:00|ERROR   |root                            |Video file "/downloads/Tulsa King/Season 2/Tulsa.King.S02E03.480p.x264-RUBiK.mkv" cannot be found for analysis|
2025-08-31 14:59:00|ERROR   |root                            |Video file "/downloads/Tulsa King/Season 2/Tulsa.King.S02E04.480p.x264-RUBiK.mkv" cannot be found for analysis|
2025-08-31 14:59:00|ERROR   |root                            |Video file "/downloads/Tulsa King/Season 2/Tulsa.King.S02E05.480p.x264-RUBiK.mkv" cannot be found for analysis|
2025-08-31 14:59:00|ERROR   |root                            |Video file "/downloads/Tulsa King/Season 2/Tulsa.King.S02E06.480p.x264-RUBiK.mkv" cannot be found for analysis|
2025-08-31 14:59:00|ERROR   |root                            |Video file "/downloads/Tulsa King/Season 2/Tulsa.King.S02E07.480p.x264-RUBiK.mkv" cannot be found for analysis|
2025-08-31 14:59:00|ERROR   |root                            |Video file "/downloads/Tulsa King/Season 2/Tulsa.King.S02E08.480p.x264-RUBiK.mkv" cannot be found for analysis|
2025-08-31 14:59:00|ERROR   |root                            |Video file "/downloads/Tulsa King/Season 2/Tulsa.King.S02E09.480p.x264-RUBiK.mkv" cannot be found for analysis|
2025-08-31 14:59:00|ERROR   |root                            |Video file "/downloads/Tulsa King/Season 2/Tulsa.King.S02E10.480p.x264-RUBiK.mkv" cannot be found for analysis|
2025-08-31 15:21:19|INFO    |root                            |BAZARR Finished searching for Subtitles to upgrade. Check History for more information.|
2025-08-31 15:59:00|ERROR   |root                            |Video file "/downloads/Wednesday/season 01/Wednesday.S01E01.WEBRip.x264-ION10[eztv.re].mp4" cannot be found for analysis|
2025-08-31 15:59:00|ERROR   |root                            |Video file "/downloads/Wednesday/season 01/Wednesday.S01E02.WEBRip.x264-ION10[eztv.re].mp4" cannot be found for analysis|
2025-08-31 15:59:00|ERROR   |root                            |Video file "/downloads/Wednesday/season 01/Wednesday.S01E03.WEBRip.x264-ION10[eztv.re].mp4" cannot be found for analysis|
2025-08-31 15:59:00|ERROR   |root                            |Video file "/downloads/Wednesday/season 01/Wednesday.S01E04.WEBRip.x264-ION10[eztv.re].mp4" cannot be found for analysis|
2025-08-31 15:59:00|ERROR   |root                            |Video file "/downloads/Wednesday/season 01/Wednesday.S01E05.WEBRip.x264-ION10[eztv.re].mp4" cannot be found for analysis|
2025-08-31 15:59:00|ERROR   |root                            |Video file "/downloads/Wednesday/season 01/Wednesday.S01E06.WEBRip.x264-ION10[eztv.re].mp4" cannot be found for analysis|
2025-08-31 15:59:00|ERROR   |root                            |Video file "/downloads/Wednesday/season 01/Wednesday.S01E07.WEBRip.x264-ION10[eztv.re].mp4" cannot be found for analysis|
2025-08-31 15:59:00|ERROR   |root                            |Video file "/downloads/Wednesday/season 01/Wednesday.S01E08.WEBRip.x264-ION10[eztv.re].mp4" cannot be found for analysis|
2025-08-31 15:59:00|ERROR   |root                            |Video file "/downloads/Wednesday/season 2/Wednesday S02E01 720p x264-FENiX[EZTVx.to].mkv" cannot be found for analysis|
2025-08-31 15:59:00|ERROR   |root                            |Video file "/downloads/Wednesday/season 2/Wednesday S02E02 720p x264-FENiX.mkv" cannot be found for analysis|
2025-08-31 15:59:00|ERROR   |root                            |Video file "/downloads/Wednesday/season 2/Wednesday S02E03 720p x264-FENiX.mkv" cannot be found for analysis|
2025-08-31 15:59:00|ERROR   |root                            |Video file "/downloads/Wednesday/season 2/Wednesday S02E04 720p x264-FENiX.mkv" cannot be found for analysis|
2025-08-31 15:59:00|ERROR   |root                            |Video file "/downloads/Squid Game/Season 2/Squid.Game.S02E01.480p.x264-mSD[EZTVx.to].mkv" cannot be found for analysis|
2025-08-31 15:59:00|ERROR   |root                            |Video file "/downloads/Squid Game/Season 2/Squid.Game.S02E02.MULTI.480p.x264-mSD[EZTVx.to].mkv" cannot be found for analysis|
2025-08-31 15:59:00|ERROR   |root                            |Video file "/downloads/Squid Game/Season 2/Squid.Game.S02E03.MULTI.480p.x264-mSD[EZTVx.to].mkv" cannot be found for analysis|
2025-08-31 15:59:00|ERROR   |root                            |Video file "/downloads/Squid Game/Season 2/Squid.Game.S02E04.MULTI.480p.x264-mSD[EZTVx.to].mkv" cannot be found for analysis|
2025-08-31 15:59:00|ERROR   |root                            |Video file "/downloads/Squid Game/Season 2/squid.game.s02e05.720p.web.h264-sylix.mkv" cannot be found for analysis|
2025-08-31 15:59:00|ERROR   |root                            |Video file "/downloads/Squid Game/Season 2/Squid.Game.S02E06.MULTI.1080p.WEB.X264-HiggsBoson[EZTVx.to].mkv" cannot be found for analysis|
2025-08-31 15:59:00|ERROR   |root                            |Video file "/downloads/Squid Game/Season 2/Squid.Game.S02E07.FINAL.MULTI.480p.x264-mSD[EZTVx.to].mkv" cannot be found for analysis|
2025-08-31 15:59:00|ERROR   |root                            |Video file "/downloads/Squid Game/Squid Game - Season 3 [Dual Audio]/Season 3/Squid Game - S03E01 - Keys and Knives.mkv" cannot be found for analysis|
2025-08-31 15:59:00|ERROR   |root                            |Video file "/downloads/Squid Game/Squid Game - Season 3 [Dual Audio]/Season 3/Squid Game - S03E02 - The Starry Night.mkv" cannot be found for analysis|
2025-08-31 15:59:00|ERROR   |root                            |Video file "/downloads/Squid Game/Squid Game - Season 3 [Dual Audio]/Season 3/Squid Game - S03E03 - It's Not Your Fault.mkv" cannot be found for analysis|
2025-08-31 15:59:00|ERROR   |root                            |Video file "/downloads/Squid Game/Squid Game - Season 3 [Dual Audio]/Season 3/Squid Game - S03E04 - 222.mkv" cannot be found for analysis|
2025-08-31 15:59:00|ERROR   |root                            |Video file "/downloads/Squid Game/Squid Game - Season 3 [Dual Audio]/Season 3/Squid Game - S03E05 - ○△□.mkv" cannot be found for analysis|
2025-08-31 15:59:00|ERROR   |root                            |Video file "/downloads/Squid Game/Squid Game - Season 3 [Dual Audio]/Season 3/Squid Game - S03E06 - Humans Are....mkv" cannot be found for analysis|
2025-08-31 15:59:00|ERROR   |root                            |Video file "/downloads/Hierarchy.S01/Hierarchy.S01E01.DUAL-AUDIO.KOR-ENG.1080p.10bit.WEBRip.6CH.x265.HEVC-PSA.mkv" cannot be found for analysis|
2025-08-31 15:59:00|ERROR   |root                            |Video file "/downloads/Hierarchy.S01/Hierarchy.S01E02.DUAL-AUDIO.KOR-ENG.1080p.10bit.WEBRip.6CH.x265.HEVC-PSA.mkv" cannot be found for analysis|
2025-08-31 15:59:00|ERROR   |root                            |Video file "/downloads/Hierarchy.S01/Hierarchy.S01E03.DUAL-AUDIO.KOR-ENG.1080p.10bit.WEBRip.6CH.x265.HEVC-PSA.mkv" cannot be found for analysis|
2025-08-31 15:59:00|ERROR   |root                            |Video file "/downloads/Hierarchy.S01/Hierarchy.S01E04.DUAL-AUDIO.KOR-ENG.1080p.10bit.WEBRip.6CH.x265.HEVC-PSA.mkv" cannot be found for analysis|
2025-08-31 15:59:00|ERROR   |root                            |Video file "/downloads/Hierarchy.S01/Hierarchy.S01E05.DUAL-AUDIO.KOR-ENG.1080p.10bit.WEBRip.6CH.x265.HEVC-PSA.mkv" cannot be found for analysis|
2025-08-31 15:59:00|ERROR   |root                            |Video file "/downloads/Hierarchy.S01/Hierarchy.S01E06.DUAL-AUDIO.KOR-ENG.1080p.10bit.WEBRip.6CH.x265.HEVC-PSA.mkv" cannot be found for analysis|
2025-08-31 15:59:00|ERROR   |root                            |Video file "/downloads/Hierarchy.S01/Hierarchy.S01E07.DUAL-AUDIO.KOR-ENG.1080p.10bit.WEBRip.6CH.x265.HEVC-PSA.mkv" cannot be found for analysis|
2025-08-31 15:59:00|ERROR   |root                            |Video file "/downloads/Vigilante 2023/Season 1/Vigilante.S01E01.1080p.DNSP.WEBRip.x264.mkv" cannot be found for analysis|
2025-08-31 15:59:00|ERROR   |root                            |Video file "/downloads/Vigilante 2023/Season 1/Vigilante.S01E02.1080p.DNSP.WEBRip.x264.mkv" cannot be found for analysis|
2025-08-31 15:59:00|ERROR   |root                            |Video file "/downloads/Vigilante 2023/Season 1/Vigilante.S01E03.1080p.DNSP.WEBRip.x264.mkv" cannot be found for analysis|
2025-08-31 15:59:00|ERROR   |root                            |Video file "/downloads/Vigilante 2023/Season 1/Vigilante.S01E04.1080p.DNSP.WEBRip.x264.mkv" cannot be found for analysis|
2025-08-31 15:59:00|ERROR   |root                            |Video file "/downloads/Vigilante 2023/Season 1/Vigilante.S01E05.1080p.DNSP.WEBRip.x264.mkv" cannot be found for analysis|
2025-08-31 15:59:00|ERROR   |root                            |Video file "/downloads/Vigilante 2023/Season 1/Vigilante.S01E06.1080p.DNSP.WEBRip.x264.mkv" cannot be found for analysis|
2025-08-31 15:59:00|ERROR   |root                            |Video file "/downloads/Vigilante 2023/Season 1/Vigilante.S01E07.1080p.DNSP.WEBRip.x264.mkv" cannot be found for analysis|
2025-08-31 15:59:00|ERROR   |root                            |Video file "/downloads/Vigilante 2023/Season 1/Vigilante.S01E08.1080p.DNSP.WEBRip.x264.mkv" cannot be found for analysis|
2025-08-31 15:59:00|ERROR   |root                            |Video file "/downloads/The Witcher/Season 1/The.Witcher.S01E01.720p.NF.WEBRip.x264-GalaxyTV.mkv" cannot be found for analysis|
2025-08-31 15:59:00|ERROR   |root                            |Video file "/downloads/The Witcher/Season 1/The.Witcher.S01E02.720p.NF.WEBRip.x264-GalaxyTV.mkv" cannot be found for analysis|
2025-08-31 15:59:00|ERROR   |root                            |Video file "/downloads/The Witcher/Season 1/The.Witcher.S01E03.720p.NF.WEBRip.x264-GalaxyTV.mkv" cannot be found for analysis|
2025-08-31 15:59:00|ERROR   |root                            |Video file "/downloads/The Witcher/Season 1/The.Witcher.S01E04.720p.NF.WEBRip.x264-GalaxyTV.mkv" cannot be found for analysis|
2025-08-31 15:59:00|ERROR   |root                            |Video file "/downloads/The Witcher/Season 1/The.Witcher.S01E05.720p.NF.WEBRip.x264-GalaxyTV.mkv" cannot be found for analysis|
2025-08-31 15:59:00|ERROR   |root                            |Video file "/downloads/The Witcher/Season 1/The.Witcher.S01E06.720p.NF.WEBRip.x264-GalaxyTV.mkv" cannot be found for analysis|
2025-08-31 15:59:00|ERROR   |root                            |Video file "/downloads/The Witcher/Season 1/The.Witcher.S01E07.720p.NF.WEBRip.x264-GalaxyTV.mkv" cannot be found for analysis|
2025-08-31 15:59:00|ERROR   |root                            |Video file "/downloads/The Witcher/Season 1/The.Witcher.S01E08.720p.NF.WEBRip.x264-GalaxyTV.mkv" cannot be found for analysis|
2025-08-31 15:59:00|ERROR   |root                            |Video file "/downloads/The Witcher/Season 2/The.Witcher.S02E01.720p.NF.WEBRip.x264-GalaxyTV.mkv" cannot be found for analysis|
2025-08-31 15:59:00|ERROR   |root                            |Video file "/downloads/The Witcher/Season 2/The.Witcher.S02E02.720p.NF.WEBRip.x264-GalaxyTV.mkv" cannot be found for analysis|
2025-08-31 15:59:00|ERROR   |root                            |Video file "/downloads/The Witcher/Season 2/The.Witcher.S02E03.720p.NF.WEBRip.x264-GalaxyTV.mkv" cannot be found for analysis|
2025-08-31 15:59:00|ERROR   |root                            |Video file "/downloads/The Witcher/Season 2/The.Witcher.S02E04.720p.NF.WEBRip.x264-GalaxyTV.mkv" cannot be found for analysis|
2025-08-31 15:59:00|ERROR   |root                            |Video file "/downloads/The Witcher/Season 2/The.Witcher.S02E05.720p.NF.WEBRip.x264-GalaxyTV.mkv" cannot be found for analysis|
2025-08-31 15:59:00|ERROR   |root                            |Video file "/downloads/The Witcher/Season 2/The.Witcher.S02E06.720p.NF.WEBRip.x264-GalaxyTV.mkv" cannot be found for analysis|
2025-08-31 15:59:00|ERROR   |root                            |Video file "/downloads/The Witcher/Season 2/The.Witcher.S02E07.720p.NF.WEBRip.x264-GalaxyTV.mkv" cannot be found for analysis|
2025-08-31 15:59:00|ERROR   |root                            |Video file "/downloads/The Witcher/Season 2/The.Witcher.S02E08.720p.NF.WEBRip.x264-GalaxyTV.mkv" cannot be found for analysis|
2025-08-31 15:59:00|ERROR   |root                            |Video file "/downloads/The Witcher/Season 3/The Witcher - S03E01 - Shaerrawedd.mkv" cannot be found for analysis|
2025-08-31 15:59:00|ERROR   |root                            |Video file "/downloads/The Witcher/Season 3/The Witcher - S03E02 - Unbound.mkv" cannot be found for analysis|
2025-08-31 15:59:00|ERROR   |root                            |Video file "/downloads/The Witcher/Season 3/The Witcher - S03E03 - Reunion.mkv" cannot be found for analysis|
2025-08-31 15:59:00|ERROR   |root                            |Video file "/downloads/The Witcher/Season 3/The Witcher - S03E04 - The Invitation.mkv" cannot be found for analysis|
2025-08-31 15:59:00|ERROR   |root                            |Video file "/downloads/The Witcher/Season 3/The Witcher - S03E05 - The Art of the Illusion.mkv" cannot be found for analysis|
2025-08-31 15:59:00|ERROR   |root                            |Video file "/downloads/The Witcher/Season 3/The Witcher - S03E06 - Everybody Has a Plan 'til They Get Punched in the Face.mkv" cannot be found for analysis|
2025-08-31 15:59:00|ERROR   |root                            |Video file "/downloads/The Witcher/Season 3/The Witcher - S03E07 - Out of the Fire, Into the Frying Pan.mkv" cannot be found for analysis|
2025-08-31 15:59:00|ERROR   |root                            |Video file "/downloads/The Witcher/Season 3/The Witcher - S03E08 - The Cost of Chaos.mkv" cannot be found for analysis|
2025-08-31 15:59:00|ERROR   |root                            |Video file "/downloads/A shop for killers/Season 1/A.Shop.for.Killers.KOREAN.S01E01.2024.1080p.WEBRip.x265.HEVC-kkolev33.mkv" cannot be found for analysis|
2025-08-31 15:59:00|ERROR   |root                            |Video file "/downloads/A shop for killers/Season 1/A.Shop.for.Killers.KOREAN.S01E02.2024.1080p.WEBRip.x265.HEVC-kkolev33.mkv" cannot be found for analysis|
2025-08-31 15:59:00|ERROR   |root                            |Video file "/downloads/A shop for killers/Season 1/A.Shop.for.Killers.KOREAN.S01E03.2024.1080p.WEBRip.x265.HEVC-kkolev33.mkv" cannot be found for analysis|
2025-08-31 15:59:00|ERROR   |root                            |Video file "/downloads/A shop for killers/Season 1/A.Shop.for.Killers.KOREAN.S01E04.2024.1080p.WEBRip.x265.HEVC-kkolev33.mkv" cannot be found for analysis|
2025-08-31 15:59:00|ERROR   |root                            |Video file "/downloads/A shop for killers/Season 1/A.Shop.for.Killers.KOREAN.S01E05.2024.1080p.WEBRip.x265.HEVC-kkolev33.mkv" cannot be found for analysis|
2025-08-31 15:59:00|ERROR   |root                            |Video file "/downloads/A shop for killers/Season 1/A.Shop.for.Killers.KOREAN.S01E06.2024.1080p.WEBRip.x265.HEVC-kkolev33.mkv" cannot be found for analysis|
2025-08-31 15:59:00|ERROR   |root                            |Video file "/downloads/A shop for killers/Season 1/A.Shop.for.Killers.KOREAN.S01E07.2024.1080p.WEBRip.x265.HEVC-kkolev33.mkv" cannot be found for analysis|
2025-08-31 15:59:00|ERROR   |root                            |Video file "/downloads/A shop for killers/Season 1/A.Shop.for.Killers.KOREAN.S01E08.2024.1080p.WEBRip.x265.HEVC-kkolev33.mkv" cannot be found for analysis|
2025-08-31 15:59:00|ERROR   |root                            |Video file "/downloads/Tulsa King/Season 1/Tulsa.King.S01E01.720p.AMZN.WEBRip.x264-GalaxyTV.mkv" cannot be found for analysis|
2025-08-31 15:59:00|ERROR   |root                            |Video file "/downloads/Tulsa King/Season 1/Tulsa.King.S01E02.720p.AMZN.WEBRip.x264-GalaxyTV.mkv" cannot be found for analysis|
2025-08-31 15:59:00|ERROR   |root                            |Video file "/downloads/Tulsa King/Season 1/Tulsa.King.S01E03.720p.AMZN.WEBRip.x264-GalaxyTV.mkv" cannot be found for analysis|
2025-08-31 15:59:00|ERROR   |root                            |Video file "/downloads/Tulsa King/Season 1/Tulsa.King.S01E04.720p.AMZN.WEBRip.x264-GalaxyTV.mkv" cannot be found for analysis|
2025-08-31 15:59:00|ERROR   |root                            |Video file "/downloads/Tulsa King/Season 1/Tulsa.King.S01E05.720p.AMZN.WEBRip.x264-GalaxyTV.mkv" cannot be found for analysis|
2025-08-31 15:59:00|ERROR   |root                            |Video file "/downloads/Tulsa King/Season 1/Tulsa.King.S01E06.720p.AMZN.WEBRip.x264-GalaxyTV.mkv" cannot be found for analysis|
2025-08-31 15:59:00|ERROR   |root                            |Video file "/downloads/Tulsa King/Season 1/Tulsa.King.S01E07.720p.AMZN.WEBRip.x264-GalaxyTV.mkv" cannot be found for analysis|
2025-08-31 15:59:00|ERROR   |root                            |Video file "/downloads/Tulsa King/Season 1/Tulsa.King.S01E08.720p.AMZN.WEBRip.x264-GalaxyTV.mkv" cannot be found for analysis|
2025-08-31 15:59:00|ERROR   |root                            |Video file "/downloads/Tulsa King/Season 1/Tulsa.King.S01E09.720p.AMZN.WEBRip.x264-GalaxyTV.mkv" cannot be found for analysis|
2025-08-31 15:59:00|ERROR   |root                            |Video file "/downloads/Tulsa King/Season 2/Tulsa.King.S02E01.480p.x264-RUBiK.mkv" cannot be found for analysis|
2025-08-31 15:59:00|ERROR   |root                            |Video file "/downloads/Tulsa King/Season 2/Tulsa.King.S02E02.480p.x264-RUBiK.mkv" cannot be found for analysis|
2025-08-31 15:59:00|ERROR   |root                            |Video file "/downloads/Tulsa King/Season 2/Tulsa.King.S02E03.480p.x264-RUBiK.mkv" cannot be found for analysis|
2025-08-31 15:59:00|ERROR   |root                            |Video file "/downloads/Tulsa King/Season 2/Tulsa.King.S02E04.480p.x264-RUBiK.mkv" cannot be found for analysis|
2025-08-31 15:59:00|ERROR   |root                            |Video file "/downloads/Tulsa King/Season 2/Tulsa.King.S02E05.480p.x264-RUBiK.mkv" cannot be found for analysis|
2025-08-31 15:59:00|ERROR   |root                            |Video file "/downloads/Tulsa King/Season 2/Tulsa.King.S02E06.480p.x264-RUBiK.mkv" cannot be found for analysis|
2025-08-31 15:59:00|ERROR   |root                            |Video file "/downloads/Tulsa King/Season 2/Tulsa.King.S02E07.480p.x264-RUBiK.mkv" cannot be found for analysis|
2025-08-31 15:59:00|ERROR   |root                            |Video file "/downloads/Tulsa King/Season 2/Tulsa.King.S02E08.480p.x264-RUBiK.mkv" cannot be found for analysis|
2025-08-31 15:59:00|ERROR   |root                            |Video file "/downloads/Tulsa King/Season 2/Tulsa.King.S02E09.480p.x264-RUBiK.mkv" cannot be found for analysis|
2025-08-31 15:59:00|ERROR   |root                            |Video file "/downloads/Tulsa King/Season 2/Tulsa.King.S02E10.480p.x264-RUBiK.mkv" cannot be found for analysis|
2025-08-31 16:49:09|ERROR   |root                            |BAZARR Error (Path does not exist) trying to get video information for this file: /downloads/Vigilante 2023/Season 1/Vigilante.S01E01.1080p.DNSP.WEBRip.x264.mkv|'Traceback (most recent call last):\n  File "/app/bazarr/bin/bazarr/subtitles/utils.py", line 35, in get_video\n    video = parse_video(path, hints=hints, skip_hashing=skip_hashing, dry_run=False, providers=providers)\n            ^^^^^^^^^^^^^^^^^^^^^^^^^^^^^^^^^^^^^^^^^^^^^^^^^^^^^^^^^^^^^^^^^^^^^^^^^^^^^^^^^^^^^^^^^^^^^\n  File "/app/bazarr/bin/bazarr/../custom_libs/subzero/video.py", line 61, in parse_video\n    return scan_video(fn, hints=hints, dont_use_actual_file=dry_run, providers=providers,\n           ^^^^^^^^^^^^^^^^^^^^^^^^^^^^^^^^^^^^^^^^^^^^^^^^^^^^^^^^^^^^^^^^^^^^^^^^^^^^^^\n  File "/app/bazarr/bin/bazarr/../custom_libs/subliminal_patch/core.py", line 839, in scan_video\n    raise ValueError(\'Path does not exist\')\nValueError: Path does not exist'|
2025-08-31 16:49:09|ERROR   |root                            |BAZARR Error (Path does not exist) trying to get video information for this file: /downloads/Vigilante 2023/Season 1/Vigilante.S01E02.1080p.DNSP.WEBRip.x264.mkv|'Traceback (most recent call last):\n  File "/app/bazarr/bin/bazarr/subtitles/utils.py", line 35, in get_video\n    video = parse_video(path, hints=hints, skip_hashing=skip_hashing, dry_run=False, providers=providers)\n            ^^^^^^^^^^^^^^^^^^^^^^^^^^^^^^^^^^^^^^^^^^^^^^^^^^^^^^^^^^^^^^^^^^^^^^^^^^^^^^^^^^^^^^^^^^^^^\n  File "/app/bazarr/bin/bazarr/../custom_libs/subzero/video.py", line 61, in parse_video\n    return scan_video(fn, hints=hints, dont_use_actual_file=dry_run, providers=providers,\n           ^^^^^^^^^^^^^^^^^^^^^^^^^^^^^^^^^^^^^^^^^^^^^^^^^^^^^^^^^^^^^^^^^^^^^^^^^^^^^^\n  File "/app/bazarr/bin/bazarr/../custom_libs/subliminal_patch/core.py", line 839, in scan_video\n    raise ValueError(\'Path does not exist\')\nValueError: Path does not exist'|
2025-08-31 16:49:09|ERROR   |root                            |BAZARR Error (Path does not exist) trying to get video information for this file: /downloads/Vigilante 2023/Season 1/Vigilante.S01E03.1080p.DNSP.WEBRip.x264.mkv|'Traceback (most recent call last):\n  File "/app/bazarr/bin/bazarr/subtitles/utils.py", line 35, in get_video\n    video = parse_video(path, hints=hints, skip_hashing=skip_hashing, dry_run=False, providers=providers)\n            ^^^^^^^^^^^^^^^^^^^^^^^^^^^^^^^^^^^^^^^^^^^^^^^^^^^^^^^^^^^^^^^^^^^^^^^^^^^^^^^^^^^^^^^^^^^^^\n  File "/app/bazarr/bin/bazarr/../custom_libs/subzero/video.py", line 61, in parse_video\n    return scan_video(fn, hints=hints, dont_use_actual_file=dry_run, providers=providers,\n           ^^^^^^^^^^^^^^^^^^^^^^^^^^^^^^^^^^^^^^^^^^^^^^^^^^^^^^^^^^^^^^^^^^^^^^^^^^^^^^\n  File "/app/bazarr/bin/bazarr/../custom_libs/subliminal_patch/core.py", line 839, in scan_video\n    raise ValueError(\'Path does not exist\')\nValueError: Path does not exist'|
2025-08-31 16:49:09|ERROR   |root                            |BAZARR Error (Path does not exist) trying to get video information for this file: /downloads/Vigilante 2023/Season 1/Vigilante.S01E04.1080p.DNSP.WEBRip.x264.mkv|'Traceback (most recent call last):\n  File "/app/bazarr/bin/bazarr/subtitles/utils.py", line 35, in get_video\n    video = parse_video(path, hints=hints, skip_hashing=skip_hashing, dry_run=False, providers=providers)\n            ^^^^^^^^^^^^^^^^^^^^^^^^^^^^^^^^^^^^^^^^^^^^^^^^^^^^^^^^^^^^^^^^^^^^^^^^^^^^^^^^^^^^^^^^^^^^^\n  File "/app/bazarr/bin/bazarr/../custom_libs/subzero/video.py", line 61, in parse_video\n    return scan_video(fn, hints=hints, dont_use_actual_file=dry_run, providers=providers,\n           ^^^^^^^^^^^^^^^^^^^^^^^^^^^^^^^^^^^^^^^^^^^^^^^^^^^^^^^^^^^^^^^^^^^^^^^^^^^^^^\n  File "/app/bazarr/bin/bazarr/../custom_libs/subliminal_patch/core.py", line 839, in scan_video\n    raise ValueError(\'Path does not exist\')\nValueError: Path does not exist'|
2025-08-31 16:49:09|ERROR   |root                            |BAZARR Error (Path does not exist) trying to get video information for this file: /downloads/Vigilante 2023/Season 1/Vigilante.S01E05.1080p.DNSP.WEBRip.x264.mkv|'Traceback (most recent call last):\n  File "/app/bazarr/bin/bazarr/subtitles/utils.py", line 35, in get_video\n    video = parse_video(path, hints=hints, skip_hashing=skip_hashing, dry_run=False, providers=providers)\n            ^^^^^^^^^^^^^^^^^^^^^^^^^^^^^^^^^^^^^^^^^^^^^^^^^^^^^^^^^^^^^^^^^^^^^^^^^^^^^^^^^^^^^^^^^^^^^\n  File "/app/bazarr/bin/bazarr/../custom_libs/subzero/video.py", line 61, in parse_video\n    return scan_video(fn, hints=hints, dont_use_actual_file=dry_run, providers=providers,\n           ^^^^^^^^^^^^^^^^^^^^^^^^^^^^^^^^^^^^^^^^^^^^^^^^^^^^^^^^^^^^^^^^^^^^^^^^^^^^^^\n  File "/app/bazarr/bin/bazarr/../custom_libs/subliminal_patch/core.py", line 839, in scan_video\n    raise ValueError(\'Path does not exist\')\nValueError: Path does not exist'|
2025-08-31 16:49:09|ERROR   |root                            |BAZARR Error (Path does not exist) trying to get video information for this file: /downloads/Vigilante 2023/Season 1/Vigilante.S01E06.1080p.DNSP.WEBRip.x264.mkv|'Traceback (most recent call last):\n  File "/app/bazarr/bin/bazarr/subtitles/utils.py", line 35, in get_video\n    video = parse_video(path, hints=hints, skip_hashing=skip_hashing, dry_run=False, providers=providers)\n            ^^^^^^^^^^^^^^^^^^^^^^^^^^^^^^^^^^^^^^^^^^^^^^^^^^^^^^^^^^^^^^^^^^^^^^^^^^^^^^^^^^^^^^^^^^^^^\n  File "/app/bazarr/bin/bazarr/../custom_libs/subzero/video.py", line 61, in parse_video\n    return scan_video(fn, hints=hints, dont_use_actual_file=dry_run, providers=providers,\n           ^^^^^^^^^^^^^^^^^^^^^^^^^^^^^^^^^^^^^^^^^^^^^^^^^^^^^^^^^^^^^^^^^^^^^^^^^^^^^^\n  File "/app/bazarr/bin/bazarr/../custom_libs/subliminal_patch/core.py", line 839, in scan_video\n    raise ValueError(\'Path does not exist\')\nValueError: Path does not exist'|
2025-08-31 16:49:09|ERROR   |root                            |BAZARR Error (Path does not exist) trying to get video information for this file: /downloads/Vigilante 2023/Season 1/Vigilante.S01E07.1080p.DNSP.WEBRip.x264.mkv|'Traceback (most recent call last):\n  File "/app/bazarr/bin/bazarr/subtitles/utils.py", line 35, in get_video\n    video = parse_video(path, hints=hints, skip_hashing=skip_hashing, dry_run=False, providers=providers)\n            ^^^^^^^^^^^^^^^^^^^^^^^^^^^^^^^^^^^^^^^^^^^^^^^^^^^^^^^^^^^^^^^^^^^^^^^^^^^^^^^^^^^^^^^^^^^^^\n  File "/app/bazarr/bin/bazarr/../custom_libs/subzero/video.py", line 61, in parse_video\n    return scan_video(fn, hints=hints, dont_use_actual_file=dry_run, providers=providers,\n           ^^^^^^^^^^^^^^^^^^^^^^^^^^^^^^^^^^^^^^^^^^^^^^^^^^^^^^^^^^^^^^^^^^^^^^^^^^^^^^\n  File "/app/bazarr/bin/bazarr/../custom_libs/subliminal_patch/core.py", line 839, in scan_video\n    raise ValueError(\'Path does not exist\')\nValueError: Path does not exist'|
2025-08-31 16:49:09|ERROR   |root                            |BAZARR Error (Path does not exist) trying to get video information for this file: /downloads/Vigilante 2023/Season 1/Vigilante.S01E08.1080p.DNSP.WEBRip.x264.mkv|'Traceback (most recent call last):\n  File "/app/bazarr/bin/bazarr/subtitles/utils.py", line 35, in get_video\n    video = parse_video(path, hints=hints, skip_hashing=skip_hashing, dry_run=False, providers=providers)\n            ^^^^^^^^^^^^^^^^^^^^^^^^^^^^^^^^^^^^^^^^^^^^^^^^^^^^^^^^^^^^^^^^^^^^^^^^^^^^^^^^^^^^^^^^^^^^^\n  File "/app/bazarr/bin/bazarr/../custom_libs/subzero/video.py", line 61, in parse_video\n    return scan_video(fn, hints=hints, dont_use_actual_file=dry_run, providers=providers,\n           ^^^^^^^^^^^^^^^^^^^^^^^^^^^^^^^^^^^^^^^^^^^^^^^^^^^^^^^^^^^^^^^^^^^^^^^^^^^^^^\n  File "/app/bazarr/bin/bazarr/../custom_libs/subliminal_patch/core.py", line 839, in scan_video\n    raise ValueError(\'Path does not exist\')\nValueError: Path does not exist'|
2025-08-31 16:49:09|ERROR   |root                            |BAZARR Error (Path does not exist) trying to get video information for this file: /downloads/The Witcher/Season 1/The.Witcher.S01E01.720p.NF.WEBRip.x264-GalaxyTV.mkv|'Traceback (most recent call last):\n  File "/app/bazarr/bin/bazarr/subtitles/utils.py", line 35, in get_video\n    video = parse_video(path, hints=hints, skip_hashing=skip_hashing, dry_run=False, providers=providers)\n            ^^^^^^^^^^^^^^^^^^^^^^^^^^^^^^^^^^^^^^^^^^^^^^^^^^^^^^^^^^^^^^^^^^^^^^^^^^^^^^^^^^^^^^^^^^^^^\n  File "/app/bazarr/bin/bazarr/../custom_libs/subzero/video.py", line 61, in parse_video\n    return scan_video(fn, hints=hints, dont_use_actual_file=dry_run, providers=providers,\n           ^^^^^^^^^^^^^^^^^^^^^^^^^^^^^^^^^^^^^^^^^^^^^^^^^^^^^^^^^^^^^^^^^^^^^^^^^^^^^^\n  File "/app/bazarr/bin/bazarr/../custom_libs/subliminal_patch/core.py", line 839, in scan_video\n    raise ValueError(\'Path does not exist\')\nValueError: Path does not exist'|
2025-08-31 16:49:09|ERROR   |root                            |BAZARR Error (Path does not exist) trying to get video information for this file: /downloads/The Witcher/Season 1/The.Witcher.S01E02.720p.NF.WEBRip.x264-GalaxyTV.mkv|'Traceback (most recent call last):\n  File "/app/bazarr/bin/bazarr/subtitles/utils.py", line 35, in get_video\n    video = parse_video(path, hints=hints, skip_hashing=skip_hashing, dry_run=False, providers=providers)\n            ^^^^^^^^^^^^^^^^^^^^^^^^^^^^^^^^^^^^^^^^^^^^^^^^^^^^^^^^^^^^^^^^^^^^^^^^^^^^^^^^^^^^^^^^^^^^^\n  File "/app/bazarr/bin/bazarr/../custom_libs/subzero/video.py", line 61, in parse_video\n    return scan_video(fn, hints=hints, dont_use_actual_file=dry_run, providers=providers,\n           ^^^^^^^^^^^^^^^^^^^^^^^^^^^^^^^^^^^^^^^^^^^^^^^^^^^^^^^^^^^^^^^^^^^^^^^^^^^^^^\n  File "/app/bazarr/bin/bazarr/../custom_libs/subliminal_patch/core.py", line 839, in scan_video\n    raise ValueError(\'Path does not exist\')\nValueError: Path does not exist'|
2025-08-31 16:49:09|ERROR   |root                            |BAZARR Error (Path does not exist) trying to get video information for this file: /downloads/The Witcher/Season 1/The.Witcher.S01E03.720p.NF.WEBRip.x264-GalaxyTV.mkv|'Traceback (most recent call last):\n  File "/app/bazarr/bin/bazarr/subtitles/utils.py", line 35, in get_video\n    video = parse_video(path, hints=hints, skip_hashing=skip_hashing, dry_run=False, providers=providers)\n            ^^^^^^^^^^^^^^^^^^^^^^^^^^^^^^^^^^^^^^^^^^^^^^^^^^^^^^^^^^^^^^^^^^^^^^^^^^^^^^^^^^^^^^^^^^^^^\n  File "/app/bazarr/bin/bazarr/../custom_libs/subzero/video.py", line 61, in parse_video\n    return scan_video(fn, hints=hints, dont_use_actual_file=dry_run, providers=providers,\n           ^^^^^^^^^^^^^^^^^^^^^^^^^^^^^^^^^^^^^^^^^^^^^^^^^^^^^^^^^^^^^^^^^^^^^^^^^^^^^^\n  File "/app/bazarr/bin/bazarr/../custom_libs/subliminal_patch/core.py", line 839, in scan_video\n    raise ValueError(\'Path does not exist\')\nValueError: Path does not exist'|
2025-08-31 16:49:09|ERROR   |root                            |BAZARR Error (Path does not exist) trying to get video information for this file: /downloads/The Witcher/Season 1/The.Witcher.S01E04.720p.NF.WEBRip.x264-GalaxyTV.mkv|'Traceback (most recent call last):\n  File "/app/bazarr/bin/bazarr/subtitles/utils.py", line 35, in get_video\n    video = parse_video(path, hints=hints, skip_hashing=skip_hashing, dry_run=False, providers=providers)\n            ^^^^^^^^^^^^^^^^^^^^^^^^^^^^^^^^^^^^^^^^^^^^^^^^^^^^^^^^^^^^^^^^^^^^^^^^^^^^^^^^^^^^^^^^^^^^^\n  File "/app/bazarr/bin/bazarr/../custom_libs/subzero/video.py", line 61, in parse_video\n    return scan_video(fn, hints=hints, dont_use_actual_file=dry_run, providers=providers,\n           ^^^^^^^^^^^^^^^^^^^^^^^^^^^^^^^^^^^^^^^^^^^^^^^^^^^^^^^^^^^^^^^^^^^^^^^^^^^^^^\n  File "/app/bazarr/bin/bazarr/../custom_libs/subliminal_patch/core.py", line 839, in scan_video\n    raise ValueError(\'Path does not exist\')\nValueError: Path does not exist'|
2025-08-31 16:49:09|ERROR   |root                            |BAZARR Error (Path does not exist) trying to get video information for this file: /downloads/The Witcher/Season 1/The.Witcher.S01E05.720p.NF.WEBRip.x264-GalaxyTV.mkv|'Traceback (most recent call last):\n  File "/app/bazarr/bin/bazarr/subtitles/utils.py", line 35, in get_video\n    video = parse_video(path, hints=hints, skip_hashing=skip_hashing, dry_run=False, providers=providers)\n            ^^^^^^^^^^^^^^^^^^^^^^^^^^^^^^^^^^^^^^^^^^^^^^^^^^^^^^^^^^^^^^^^^^^^^^^^^^^^^^^^^^^^^^^^^^^^^\n  File "/app/bazarr/bin/bazarr/../custom_libs/subzero/video.py", line 61, in parse_video\n    return scan_video(fn, hints=hints, dont_use_actual_file=dry_run, providers=providers,\n           ^^^^^^^^^^^^^^^^^^^^^^^^^^^^^^^^^^^^^^^^^^^^^^^^^^^^^^^^^^^^^^^^^^^^^^^^^^^^^^\n  File "/app/bazarr/bin/bazarr/../custom_libs/subliminal_patch/core.py", line 839, in scan_video\n    raise ValueError(\'Path does not exist\')\nValueError: Path does not exist'|
2025-08-31 16:49:09|ERROR   |root                            |BAZARR Error (Path does not exist) trying to get video information for this file: /downloads/The Witcher/Season 1/The.Witcher.S01E06.720p.NF.WEBRip.x264-GalaxyTV.mkv|'Traceback (most recent call last):\n  File "/app/bazarr/bin/bazarr/subtitles/utils.py", line 35, in get_video\n    video = parse_video(path, hints=hints, skip_hashing=skip_hashing, dry_run=False, providers=providers)\n            ^^^^^^^^^^^^^^^^^^^^^^^^^^^^^^^^^^^^^^^^^^^^^^^^^^^^^^^^^^^^^^^^^^^^^^^^^^^^^^^^^^^^^^^^^^^^^\n  File "/app/bazarr/bin/bazarr/../custom_libs/subzero/video.py", line 61, in parse_video\n    return scan_video(fn, hints=hints, dont_use_actual_file=dry_run, providers=providers,\n           ^^^^^^^^^^^^^^^^^^^^^^^^^^^^^^^^^^^^^^^^^^^^^^^^^^^^^^^^^^^^^^^^^^^^^^^^^^^^^^\n  File "/app/bazarr/bin/bazarr/../custom_libs/subliminal_patch/core.py", line 839, in scan_video\n    raise ValueError(\'Path does not exist\')\nValueError: Path does not exist'|
2025-08-31 16:49:09|ERROR   |root                            |BAZARR Error (Path does not exist) trying to get video information for this file: /downloads/The Witcher/Season 1/The.Witcher.S01E07.720p.NF.WEBRip.x264-GalaxyTV.mkv|'Traceback (most recent call last):\n  File "/app/bazarr/bin/bazarr/subtitles/utils.py", line 35, in get_video\n    video = parse_video(path, hints=hints, skip_hashing=skip_hashing, dry_run=False, providers=providers)\n            ^^^^^^^^^^^^^^^^^^^^^^^^^^^^^^^^^^^^^^^^^^^^^^^^^^^^^^^^^^^^^^^^^^^^^^^^^^^^^^^^^^^^^^^^^^^^^\n  File "/app/bazarr/bin/bazarr/../custom_libs/subzero/video.py", line 61, in parse_video\n    return scan_video(fn, hints=hints, dont_use_actual_file=dry_run, providers=providers,\n           ^^^^^^^^^^^^^^^^^^^^^^^^^^^^^^^^^^^^^^^^^^^^^^^^^^^^^^^^^^^^^^^^^^^^^^^^^^^^^^\n  File "/app/bazarr/bin/bazarr/../custom_libs/subliminal_patch/core.py", line 839, in scan_video\n    raise ValueError(\'Path does not exist\')\nValueError: Path does not exist'|
2025-08-31 16:49:09|ERROR   |root                            |BAZARR Error (Path does not exist) trying to get video information for this file: /downloads/The Witcher/Season 1/The.Witcher.S01E08.720p.NF.WEBRip.x264-GalaxyTV.mkv|'Traceback (most recent call last):\n  File "/app/bazarr/bin/bazarr/subtitles/utils.py", line 35, in get_video\n    video = parse_video(path, hints=hints, skip_hashing=skip_hashing, dry_run=False, providers=providers)\n            ^^^^^^^^^^^^^^^^^^^^^^^^^^^^^^^^^^^^^^^^^^^^^^^^^^^^^^^^^^^^^^^^^^^^^^^^^^^^^^^^^^^^^^^^^^^^^\n  File "/app/bazarr/bin/bazarr/../custom_libs/subzero/video.py", line 61, in parse_video\n    return scan_video(fn, hints=hints, dont_use_actual_file=dry_run, providers=providers,\n           ^^^^^^^^^^^^^^^^^^^^^^^^^^^^^^^^^^^^^^^^^^^^^^^^^^^^^^^^^^^^^^^^^^^^^^^^^^^^^^\n  File "/app/bazarr/bin/bazarr/../custom_libs/subliminal_patch/core.py", line 839, in scan_video\n    raise ValueError(\'Path does not exist\')\nValueError: Path does not exist'|
2025-08-31 16:49:09|ERROR   |root                            |BAZARR Error (Path does not exist) trying to get video information for this file: /downloads/The Witcher/Season 2/The.Witcher.S02E01.720p.NF.WEBRip.x264-GalaxyTV.mkv|'Traceback (most recent call last):\n  File "/app/bazarr/bin/bazarr/subtitles/utils.py", line 35, in get_video\n    video = parse_video(path, hints=hints, skip_hashing=skip_hashing, dry_run=False, providers=providers)\n            ^^^^^^^^^^^^^^^^^^^^^^^^^^^^^^^^^^^^^^^^^^^^^^^^^^^^^^^^^^^^^^^^^^^^^^^^^^^^^^^^^^^^^^^^^^^^^\n  File "/app/bazarr/bin/bazarr/../custom_libs/subzero/video.py", line 61, in parse_video\n    return scan_video(fn, hints=hints, dont_use_actual_file=dry_run, providers=providers,\n           ^^^^^^^^^^^^^^^^^^^^^^^^^^^^^^^^^^^^^^^^^^^^^^^^^^^^^^^^^^^^^^^^^^^^^^^^^^^^^^\n  File "/app/bazarr/bin/bazarr/../custom_libs/subliminal_patch/core.py", line 839, in scan_video\n    raise ValueError(\'Path does not exist\')\nValueError: Path does not exist'|
2025-08-31 16:49:10|ERROR   |root                            |BAZARR Error (Path does not exist) trying to get video information for this file: /downloads/The Witcher/Season 2/The.Witcher.S02E02.720p.NF.WEBRip.x264-GalaxyTV.mkv|'Traceback (most recent call last):\n  File "/app/bazarr/bin/bazarr/subtitles/utils.py", line 35, in get_video\n    video = parse_video(path, hints=hints, skip_hashing=skip_hashing, dry_run=False, providers=providers)\n            ^^^^^^^^^^^^^^^^^^^^^^^^^^^^^^^^^^^^^^^^^^^^^^^^^^^^^^^^^^^^^^^^^^^^^^^^^^^^^^^^^^^^^^^^^^^^^\n  File "/app/bazarr/bin/bazarr/../custom_libs/subzero/video.py", line 61, in parse_video\n    return scan_video(fn, hints=hints, dont_use_actual_file=dry_run, providers=providers,\n           ^^^^^^^^^^^^^^^^^^^^^^^^^^^^^^^^^^^^^^^^^^^^^^^^^^^^^^^^^^^^^^^^^^^^^^^^^^^^^^\n  File "/app/bazarr/bin/bazarr/../custom_libs/subliminal_patch/core.py", line 839, in scan_video\n    raise ValueError(\'Path does not exist\')\nValueError: Path does not exist'|
2025-08-31 16:49:10|ERROR   |root                            |BAZARR Error (Path does not exist) trying to get video information for this file: /downloads/The Witcher/Season 2/The.Witcher.S02E03.720p.NF.WEBRip.x264-GalaxyTV.mkv|'Traceback (most recent call last):\n  File "/app/bazarr/bin/bazarr/subtitles/utils.py", line 35, in get_video\n    video = parse_video(path, hints=hints, skip_hashing=skip_hashing, dry_run=False, providers=providers)\n            ^^^^^^^^^^^^^^^^^^^^^^^^^^^^^^^^^^^^^^^^^^^^^^^^^^^^^^^^^^^^^^^^^^^^^^^^^^^^^^^^^^^^^^^^^^^^^\n  File "/app/bazarr/bin/bazarr/../custom_libs/subzero/video.py", line 61, in parse_video\n    return scan_video(fn, hints=hints, dont_use_actual_file=dry_run, providers=providers,\n           ^^^^^^^^^^^^^^^^^^^^^^^^^^^^^^^^^^^^^^^^^^^^^^^^^^^^^^^^^^^^^^^^^^^^^^^^^^^^^^\n  File "/app/bazarr/bin/bazarr/../custom_libs/subliminal_patch/core.py", line 839, in scan_video\n    raise ValueError(\'Path does not exist\')\nValueError: Path does not exist'|
2025-08-31 16:49:10|ERROR   |root                            |BAZARR Error (Path does not exist) trying to get video information for this file: /downloads/The Witcher/Season 2/The.Witcher.S02E04.720p.NF.WEBRip.x264-GalaxyTV.mkv|'Traceback (most recent call last):\n  File "/app/bazarr/bin/bazarr/subtitles/utils.py", line 35, in get_video\n    video = parse_video(path, hints=hints, skip_hashing=skip_hashing, dry_run=False, providers=providers)\n            ^^^^^^^^^^^^^^^^^^^^^^^^^^^^^^^^^^^^^^^^^^^^^^^^^^^^^^^^^^^^^^^^^^^^^^^^^^^^^^^^^^^^^^^^^^^^^\n  File "/app/bazarr/bin/bazarr/../custom_libs/subzero/video.py", line 61, in parse_video\n    return scan_video(fn, hints=hints, dont_use_actual_file=dry_run, providers=providers,\n           ^^^^^^^^^^^^^^^^^^^^^^^^^^^^^^^^^^^^^^^^^^^^^^^^^^^^^^^^^^^^^^^^^^^^^^^^^^^^^^\n  File "/app/bazarr/bin/bazarr/../custom_libs/subliminal_patch/core.py", line 839, in scan_video\n    raise ValueError(\'Path does not exist\')\nValueError: Path does not exist'|
2025-08-31 16:49:10|ERROR   |root                            |BAZARR Error (Path does not exist) trying to get video information for this file: /downloads/The Witcher/Season 2/The.Witcher.S02E05.720p.NF.WEBRip.x264-GalaxyTV.mkv|'Traceback (most recent call last):\n  File "/app/bazarr/bin/bazarr/subtitles/utils.py", line 35, in get_video\n    video = parse_video(path, hints=hints, skip_hashing=skip_hashing, dry_run=False, providers=providers)\n            ^^^^^^^^^^^^^^^^^^^^^^^^^^^^^^^^^^^^^^^^^^^^^^^^^^^^^^^^^^^^^^^^^^^^^^^^^^^^^^^^^^^^^^^^^^^^^\n  File "/app/bazarr/bin/bazarr/../custom_libs/subzero/video.py", line 61, in parse_video\n    return scan_video(fn, hints=hints, dont_use_actual_file=dry_run, providers=providers,\n           ^^^^^^^^^^^^^^^^^^^^^^^^^^^^^^^^^^^^^^^^^^^^^^^^^^^^^^^^^^^^^^^^^^^^^^^^^^^^^^\n  File "/app/bazarr/bin/bazarr/../custom_libs/subliminal_patch/core.py", line 839, in scan_video\n    raise ValueError(\'Path does not exist\')\nValueError: Path does not exist'|
2025-08-31 16:49:10|ERROR   |root                            |BAZARR Error (Path does not exist) trying to get video information for this file: /downloads/The Witcher/Season 2/The.Witcher.S02E06.720p.NF.WEBRip.x264-GalaxyTV.mkv|'Traceback (most recent call last):\n  File "/app/bazarr/bin/bazarr/subtitles/utils.py", line 35, in get_video\n    video = parse_video(path, hints=hints, skip_hashing=skip_hashing, dry_run=False, providers=providers)\n            ^^^^^^^^^^^^^^^^^^^^^^^^^^^^^^^^^^^^^^^^^^^^^^^^^^^^^^^^^^^^^^^^^^^^^^^^^^^^^^^^^^^^^^^^^^^^^\n  File "/app/bazarr/bin/bazarr/../custom_libs/subzero/video.py", line 61, in parse_video\n    return scan_video(fn, hints=hints, dont_use_actual_file=dry_run, providers=providers,\n           ^^^^^^^^^^^^^^^^^^^^^^^^^^^^^^^^^^^^^^^^^^^^^^^^^^^^^^^^^^^^^^^^^^^^^^^^^^^^^^\n  File "/app/bazarr/bin/bazarr/../custom_libs/subliminal_patch/core.py", line 839, in scan_video\n    raise ValueError(\'Path does not exist\')\nValueError: Path does not exist'|
2025-08-31 16:49:10|ERROR   |root                            |BAZARR Error (Path does not exist) trying to get video information for this file: /downloads/The Witcher/Season 2/The.Witcher.S02E07.720p.NF.WEBRip.x264-GalaxyTV.mkv|'Traceback (most recent call last):\n  File "/app/bazarr/bin/bazarr/subtitles/utils.py", line 35, in get_video\n    video = parse_video(path, hints=hints, skip_hashing=skip_hashing, dry_run=False, providers=providers)\n            ^^^^^^^^^^^^^^^^^^^^^^^^^^^^^^^^^^^^^^^^^^^^^^^^^^^^^^^^^^^^^^^^^^^^^^^^^^^^^^^^^^^^^^^^^^^^^\n  File "/app/bazarr/bin/bazarr/../custom_libs/subzero/video.py", line 61, in parse_video\n    return scan_video(fn, hints=hints, dont_use_actual_file=dry_run, providers=providers,\n           ^^^^^^^^^^^^^^^^^^^^^^^^^^^^^^^^^^^^^^^^^^^^^^^^^^^^^^^^^^^^^^^^^^^^^^^^^^^^^^\n  File "/app/bazarr/bin/bazarr/../custom_libs/subliminal_patch/core.py", line 839, in scan_video\n    raise ValueError(\'Path does not exist\')\nValueError: Path does not exist'|
2025-08-31 16:49:10|ERROR   |root                            |BAZARR Error (Path does not exist) trying to get video information for this file: /downloads/The Witcher/Season 2/The.Witcher.S02E08.720p.NF.WEBRip.x264-GalaxyTV.mkv|'Traceback (most recent call last):\n  File "/app/bazarr/bin/bazarr/subtitles/utils.py", line 35, in get_video\n    video = parse_video(path, hints=hints, skip_hashing=skip_hashing, dry_run=False, providers=providers)\n            ^^^^^^^^^^^^^^^^^^^^^^^^^^^^^^^^^^^^^^^^^^^^^^^^^^^^^^^^^^^^^^^^^^^^^^^^^^^^^^^^^^^^^^^^^^^^^\n  File "/app/bazarr/bin/bazarr/../custom_libs/subzero/video.py", line 61, in parse_video\n    return scan_video(fn, hints=hints, dont_use_actual_file=dry_run, providers=providers,\n           ^^^^^^^^^^^^^^^^^^^^^^^^^^^^^^^^^^^^^^^^^^^^^^^^^^^^^^^^^^^^^^^^^^^^^^^^^^^^^^\n  File "/app/bazarr/bin/bazarr/../custom_libs/subliminal_patch/core.py", line 839, in scan_video\n    raise ValueError(\'Path does not exist\')\nValueError: Path does not exist'|
2025-08-31 16:49:10|ERROR   |root                            |BAZARR Error (Path does not exist) trying to get video information for this file: /downloads/The Witcher/Season 3/The Witcher - S03E01 - Shaerrawedd.mkv|'Traceback (most recent call last):\n  File "/app/bazarr/bin/bazarr/subtitles/utils.py", line 35, in get_video\n    video = parse_video(path, hints=hints, skip_hashing=skip_hashing, dry_run=False, providers=providers)\n            ^^^^^^^^^^^^^^^^^^^^^^^^^^^^^^^^^^^^^^^^^^^^^^^^^^^^^^^^^^^^^^^^^^^^^^^^^^^^^^^^^^^^^^^^^^^^^\n  File "/app/bazarr/bin/bazarr/../custom_libs/subzero/video.py", line 61, in parse_video\n    return scan_video(fn, hints=hints, dont_use_actual_file=dry_run, providers=providers,\n           ^^^^^^^^^^^^^^^^^^^^^^^^^^^^^^^^^^^^^^^^^^^^^^^^^^^^^^^^^^^^^^^^^^^^^^^^^^^^^^\n  File "/app/bazarr/bin/bazarr/../custom_libs/subliminal_patch/core.py", line 839, in scan_video\n    raise ValueError(\'Path does not exist\')\nValueError: Path does not exist'|
2025-08-31 16:49:10|ERROR   |root                            |BAZARR Error (Path does not exist) trying to get video information for this file: /downloads/The Witcher/Season 3/The Witcher - S03E02 - Unbound.mkv|'Traceback (most recent call last):\n  File "/app/bazarr/bin/bazarr/subtitles/utils.py", line 35, in get_video\n    video = parse_video(path, hints=hints, skip_hashing=skip_hashing, dry_run=False, providers=providers)\n            ^^^^^^^^^^^^^^^^^^^^^^^^^^^^^^^^^^^^^^^^^^^^^^^^^^^^^^^^^^^^^^^^^^^^^^^^^^^^^^^^^^^^^^^^^^^^^\n  File "/app/bazarr/bin/bazarr/../custom_libs/subzero/video.py", line 61, in parse_video\n    return scan_video(fn, hints=hints, dont_use_actual_file=dry_run, providers=providers,\n           ^^^^^^^^^^^^^^^^^^^^^^^^^^^^^^^^^^^^^^^^^^^^^^^^^^^^^^^^^^^^^^^^^^^^^^^^^^^^^^\n  File "/app/bazarr/bin/bazarr/../custom_libs/subliminal_patch/core.py", line 839, in scan_video\n    raise ValueError(\'Path does not exist\')\nValueError: Path does not exist'|
2025-08-31 16:49:10|ERROR   |root                            |BAZARR Error (Path does not exist) trying to get video information for this file: /downloads/The Witcher/Season 3/The Witcher - S03E03 - Reunion.mkv|'Traceback (most recent call last):\n  File "/app/bazarr/bin/bazarr/subtitles/utils.py", line 35, in get_video\n    video = parse_video(path, hints=hints, skip_hashing=skip_hashing, dry_run=False, providers=providers)\n            ^^^^^^^^^^^^^^^^^^^^^^^^^^^^^^^^^^^^^^^^^^^^^^^^^^^^^^^^^^^^^^^^^^^^^^^^^^^^^^^^^^^^^^^^^^^^^\n  File "/app/bazarr/bin/bazarr/../custom_libs/subzero/video.py", line 61, in parse_video\n    return scan_video(fn, hints=hints, dont_use_actual_file=dry_run, providers=providers,\n           ^^^^^^^^^^^^^^^^^^^^^^^^^^^^^^^^^^^^^^^^^^^^^^^^^^^^^^^^^^^^^^^^^^^^^^^^^^^^^^\n  File "/app/bazarr/bin/bazarr/../custom_libs/subliminal_patch/core.py", line 839, in scan_video\n    raise ValueError(\'Path does not exist\')\nValueError: Path does not exist'|
2025-08-31 16:49:10|ERROR   |root                            |BAZARR Error (Path does not exist) trying to get video information for this file: /downloads/The Witcher/Season 3/The Witcher - S03E04 - The Invitation.mkv|'Traceback (most recent call last):\n  File "/app/bazarr/bin/bazarr/subtitles/utils.py", line 35, in get_video\n    video = parse_video(path, hints=hints, skip_hashing=skip_hashing, dry_run=False, providers=providers)\n            ^^^^^^^^^^^^^^^^^^^^^^^^^^^^^^^^^^^^^^^^^^^^^^^^^^^^^^^^^^^^^^^^^^^^^^^^^^^^^^^^^^^^^^^^^^^^^\n  File "/app/bazarr/bin/bazarr/../custom_libs/subzero/video.py", line 61, in parse_video\n    return scan_video(fn, hints=hints, dont_use_actual_file=dry_run, providers=providers,\n           ^^^^^^^^^^^^^^^^^^^^^^^^^^^^^^^^^^^^^^^^^^^^^^^^^^^^^^^^^^^^^^^^^^^^^^^^^^^^^^\n  File "/app/bazarr/bin/bazarr/../custom_libs/subliminal_patch/core.py", line 839, in scan_video\n    raise ValueError(\'Path does not exist\')\nValueError: Path does not exist'|
2025-08-31 16:49:10|ERROR   |root                            |BAZARR Error (Path does not exist) trying to get video information for this file: /downloads/The Witcher/Season 3/The Witcher - S03E05 - The Art of the Illusion.mkv|'Traceback (most recent call last):\n  File "/app/bazarr/bin/bazarr/subtitles/utils.py", line 35, in get_video\n    video = parse_video(path, hints=hints, skip_hashing=skip_hashing, dry_run=False, providers=providers)\n            ^^^^^^^^^^^^^^^^^^^^^^^^^^^^^^^^^^^^^^^^^^^^^^^^^^^^^^^^^^^^^^^^^^^^^^^^^^^^^^^^^^^^^^^^^^^^^\n  File "/app/bazarr/bin/bazarr/../custom_libs/subzero/video.py", line 61, in parse_video\n    return scan_video(fn, hints=hints, dont_use_actual_file=dry_run, providers=providers,\n           ^^^^^^^^^^^^^^^^^^^^^^^^^^^^^^^^^^^^^^^^^^^^^^^^^^^^^^^^^^^^^^^^^^^^^^^^^^^^^^\n  File "/app/bazarr/bin/bazarr/../custom_libs/subliminal_patch/core.py", line 839, in scan_video\n    raise ValueError(\'Path does not exist\')\nValueError: Path does not exist'|
2025-08-31 16:49:10|ERROR   |root                            |BAZARR Error (Path does not exist) trying to get video information for this file: /downloads/The Witcher/Season 3/The Witcher - S03E06 - Everybody Has a Plan 'til They Get Punched in the Face.mkv|'Traceback (most recent call last):\n  File "/app/bazarr/bin/bazarr/subtitles/utils.py", line 35, in get_video\n    video = parse_video(path, hints=hints, skip_hashing=skip_hashing, dry_run=False, providers=providers)\n            ^^^^^^^^^^^^^^^^^^^^^^^^^^^^^^^^^^^^^^^^^^^^^^^^^^^^^^^^^^^^^^^^^^^^^^^^^^^^^^^^^^^^^^^^^^^^^\n  File "/app/bazarr/bin/bazarr/../custom_libs/subzero/video.py", line 61, in parse_video\n    return scan_video(fn, hints=hints, dont_use_actual_file=dry_run, providers=providers,\n           ^^^^^^^^^^^^^^^^^^^^^^^^^^^^^^^^^^^^^^^^^^^^^^^^^^^^^^^^^^^^^^^^^^^^^^^^^^^^^^\n  File "/app/bazarr/bin/bazarr/../custom_libs/subliminal_patch/core.py", line 839, in scan_video\n    raise ValueError(\'Path does not exist\')\nValueError: Path does not exist'|
2025-08-31 16:49:10|ERROR   |root                            |BAZARR Error (Path does not exist) trying to get video information for this file: /downloads/The Witcher/Season 3/The Witcher - S03E07 - Out of the Fire, Into the Frying Pan.mkv|'Traceback (most recent call last):\n  File "/app/bazarr/bin/bazarr/subtitles/utils.py", line 35, in get_video\n    video = parse_video(path, hints=hints, skip_hashing=skip_hashing, dry_run=False, providers=providers)\n            ^^^^^^^^^^^^^^^^^^^^^^^^^^^^^^^^^^^^^^^^^^^^^^^^^^^^^^^^^^^^^^^^^^^^^^^^^^^^^^^^^^^^^^^^^^^^^\n  File "/app/bazarr/bin/bazarr/../custom_libs/subzero/video.py", line 61, in parse_video\n    return scan_video(fn, hints=hints, dont_use_actual_file=dry_run, providers=providers,\n           ^^^^^^^^^^^^^^^^^^^^^^^^^^^^^^^^^^^^^^^^^^^^^^^^^^^^^^^^^^^^^^^^^^^^^^^^^^^^^^\n  File "/app/bazarr/bin/bazarr/../custom_libs/subliminal_patch/core.py", line 839, in scan_video\n    raise ValueError(\'Path does not exist\')\nValueError: Path does not exist'|
2025-08-31 16:49:10|ERROR   |root                            |BAZARR Error (Path does not exist) trying to get video information for this file: /downloads/The Witcher/Season 3/The Witcher - S03E08 - The Cost of Chaos.mkv|'Traceback (most recent call last):\n  File "/app/bazarr/bin/bazarr/subtitles/utils.py", line 35, in get_video\n    video = parse_video(path, hints=hints, skip_hashing=skip_hashing, dry_run=False, providers=providers)\n            ^^^^^^^^^^^^^^^^^^^^^^^^^^^^^^^^^^^^^^^^^^^^^^^^^^^^^^^^^^^^^^^^^^^^^^^^^^^^^^^^^^^^^^^^^^^^^\n  File "/app/bazarr/bin/bazarr/../custom_libs/subzero/video.py", line 61, in parse_video\n    return scan_video(fn, hints=hints, dont_use_actual_file=dry_run, providers=providers,\n           ^^^^^^^^^^^^^^^^^^^^^^^^^^^^^^^^^^^^^^^^^^^^^^^^^^^^^^^^^^^^^^^^^^^^^^^^^^^^^^\n  File "/app/bazarr/bin/bazarr/../custom_libs/subliminal_patch/core.py", line 839, in scan_video\n    raise ValueError(\'Path does not exist\')\nValueError: Path does not exist'|
2025-08-31 16:49:10|INFO    |root                            |BAZARR Finished searching for missing Series Subtitles. Check History for more information.|
2025-08-31 16:59:00|ERROR   |root                            |Video file "/downloads/Wednesday/season 01/Wednesday.S01E01.WEBRip.x264-ION10[eztv.re].mp4" cannot be found for analysis|
2025-08-31 16:59:00|ERROR   |root                            |Video file "/downloads/Wednesday/season 01/Wednesday.S01E02.WEBRip.x264-ION10[eztv.re].mp4" cannot be found for analysis|
2025-08-31 16:59:00|ERROR   |root                            |Video file "/downloads/Wednesday/season 01/Wednesday.S01E03.WEBRip.x264-ION10[eztv.re].mp4" cannot be found for analysis|
2025-08-31 16:59:00|ERROR   |root                            |Video file "/downloads/Wednesday/season 01/Wednesday.S01E04.WEBRip.x264-ION10[eztv.re].mp4" cannot be found for analysis|
2025-08-31 16:59:00|ERROR   |root                            |Video file "/downloads/Wednesday/season 01/Wednesday.S01E05.WEBRip.x264-ION10[eztv.re].mp4" cannot be found for analysis|
2025-08-31 16:59:00|ERROR   |root                            |Video file "/downloads/Wednesday/season 01/Wednesday.S01E06.WEBRip.x264-ION10[eztv.re].mp4" cannot be found for analysis|
2025-08-31 16:59:00|ERROR   |root                            |Video file "/downloads/Wednesday/season 01/Wednesday.S01E07.WEBRip.x264-ION10[eztv.re].mp4" cannot be found for analysis|
2025-08-31 16:59:00|ERROR   |root                            |Video file "/downloads/Wednesday/season 01/Wednesday.S01E08.WEBRip.x264-ION10[eztv.re].mp4" cannot be found for analysis|
2025-08-31 16:59:00|ERROR   |root                            |Video file "/downloads/Wednesday/season 2/Wednesday S02E01 720p x264-FENiX[EZTVx.to].mkv" cannot be found for analysis|
2025-08-31 16:59:00|ERROR   |root                            |Video file "/downloads/Wednesday/season 2/Wednesday S02E02 720p x264-FENiX.mkv" cannot be found for analysis|
2025-08-31 16:59:00|ERROR   |root                            |Video file "/downloads/Wednesday/season 2/Wednesday S02E03 720p x264-FENiX.mkv" cannot be found for analysis|
2025-08-31 16:59:00|ERROR   |root                            |Video file "/downloads/Wednesday/season 2/Wednesday S02E04 720p x264-FENiX.mkv" cannot be found for analysis|
2025-08-31 16:59:00|ERROR   |root                            |Video file "/downloads/Squid Game/Season 2/Squid.Game.S02E01.480p.x264-mSD[EZTVx.to].mkv" cannot be found for analysis|
2025-08-31 16:59:00|ERROR   |root                            |Video file "/downloads/Squid Game/Season 2/Squid.Game.S02E02.MULTI.480p.x264-mSD[EZTVx.to].mkv" cannot be found for analysis|
2025-08-31 16:59:00|ERROR   |root                            |Video file "/downloads/Squid Game/Season 2/Squid.Game.S02E03.MULTI.480p.x264-mSD[EZTVx.to].mkv" cannot be found for analysis|
2025-08-31 16:59:00|ERROR   |root                            |Video file "/downloads/Squid Game/Season 2/Squid.Game.S02E04.MULTI.480p.x264-mSD[EZTVx.to].mkv" cannot be found for analysis|
2025-08-31 16:59:00|ERROR   |root                            |Video file "/downloads/Squid Game/Season 2/squid.game.s02e05.720p.web.h264-sylix.mkv" cannot be found for analysis|
2025-08-31 16:59:00|ERROR   |root                            |Video file "/downloads/Squid Game/Season 2/Squid.Game.S02E06.MULTI.1080p.WEB.X264-HiggsBoson[EZTVx.to].mkv" cannot be found for analysis|
2025-08-31 16:59:00|ERROR   |root                            |Video file "/downloads/Squid Game/Season 2/Squid.Game.S02E07.FINAL.MULTI.480p.x264-mSD[EZTVx.to].mkv" cannot be found for analysis|
2025-08-31 16:59:00|ERROR   |root                            |Video file "/downloads/Squid Game/Squid Game - Season 3 [Dual Audio]/Season 3/Squid Game - S03E01 - Keys and Knives.mkv" cannot be found for analysis|
2025-08-31 16:59:00|ERROR   |root                            |Video file "/downloads/Squid Game/Squid Game - Season 3 [Dual Audio]/Season 3/Squid Game - S03E02 - The Starry Night.mkv" cannot be found for analysis|
2025-08-31 16:59:00|ERROR   |root                            |Video file "/downloads/Squid Game/Squid Game - Season 3 [Dual Audio]/Season 3/Squid Game - S03E03 - It's Not Your Fault.mkv" cannot be found for analysis|
2025-08-31 16:59:00|ERROR   |root                            |Video file "/downloads/Squid Game/Squid Game - Season 3 [Dual Audio]/Season 3/Squid Game - S03E04 - 222.mkv" cannot be found for analysis|
2025-08-31 16:59:00|ERROR   |root                            |Video file "/downloads/Squid Game/Squid Game - Season 3 [Dual Audio]/Season 3/Squid Game - S03E05 - ○△□.mkv" cannot be found for analysis|
2025-08-31 16:59:00|ERROR   |root                            |Video file "/downloads/Squid Game/Squid Game - Season 3 [Dual Audio]/Season 3/Squid Game - S03E06 - Humans Are....mkv" cannot be found for analysis|
2025-08-31 16:59:00|ERROR   |root                            |Video file "/downloads/Hierarchy.S01/Hierarchy.S01E01.DUAL-AUDIO.KOR-ENG.1080p.10bit.WEBRip.6CH.x265.HEVC-PSA.mkv" cannot be found for analysis|
2025-08-31 16:59:00|ERROR   |root                            |Video file "/downloads/Hierarchy.S01/Hierarchy.S01E02.DUAL-AUDIO.KOR-ENG.1080p.10bit.WEBRip.6CH.x265.HEVC-PSA.mkv" cannot be found for analysis|
2025-08-31 16:59:00|ERROR   |root                            |Video file "/downloads/Hierarchy.S01/Hierarchy.S01E03.DUAL-AUDIO.KOR-ENG.1080p.10bit.WEBRip.6CH.x265.HEVC-PSA.mkv" cannot be found for analysis|
2025-08-31 16:59:00|ERROR   |root                            |Video file "/downloads/Hierarchy.S01/Hierarchy.S01E04.DUAL-AUDIO.KOR-ENG.1080p.10bit.WEBRip.6CH.x265.HEVC-PSA.mkv" cannot be found for analysis|
2025-08-31 16:59:00|ERROR   |root                            |Video file "/downloads/Hierarchy.S01/Hierarchy.S01E05.DUAL-AUDIO.KOR-ENG.1080p.10bit.WEBRip.6CH.x265.HEVC-PSA.mkv" cannot be found for analysis|
2025-08-31 16:59:00|ERROR   |root                            |Video file "/downloads/Hierarchy.S01/Hierarchy.S01E06.DUAL-AUDIO.KOR-ENG.1080p.10bit.WEBRip.6CH.x265.HEVC-PSA.mkv" cannot be found for analysis|
2025-08-31 16:59:00|ERROR   |root                            |Video file "/downloads/Hierarchy.S01/Hierarchy.S01E07.DUAL-AUDIO.KOR-ENG.1080p.10bit.WEBRip.6CH.x265.HEVC-PSA.mkv" cannot be found for analysis|
2025-08-31 16:59:00|ERROR   |root                            |Video file "/downloads/Vigilante 2023/Season 1/Vigilante.S01E01.1080p.DNSP.WEBRip.x264.mkv" cannot be found for analysis|
2025-08-31 16:59:00|ERROR   |root                            |Video file "/downloads/Vigilante 2023/Season 1/Vigilante.S01E02.1080p.DNSP.WEBRip.x264.mkv" cannot be found for analysis|
2025-08-31 16:59:00|ERROR   |root                            |Video file "/downloads/Vigilante 2023/Season 1/Vigilante.S01E03.1080p.DNSP.WEBRip.x264.mkv" cannot be found for analysis|
2025-08-31 16:59:00|ERROR   |root                            |Video file "/downloads/Vigilante 2023/Season 1/Vigilante.S01E04.1080p.DNSP.WEBRip.x264.mkv" cannot be found for analysis|
2025-08-31 16:59:00|ERROR   |root                            |Video file "/downloads/Vigilante 2023/Season 1/Vigilante.S01E05.1080p.DNSP.WEBRip.x264.mkv" cannot be found for analysis|
2025-08-31 16:59:00|ERROR   |root                            |Video file "/downloads/Vigilante 2023/Season 1/Vigilante.S01E06.1080p.DNSP.WEBRip.x264.mkv" cannot be found for analysis|
2025-08-31 16:59:00|ERROR   |root                            |Video file "/downloads/Vigilante 2023/Season 1/Vigilante.S01E07.1080p.DNSP.WEBRip.x264.mkv" cannot be found for analysis|
2025-08-31 16:59:00|ERROR   |root                            |Video file "/downloads/Vigilante 2023/Season 1/Vigilante.S01E08.1080p.DNSP.WEBRip.x264.mkv" cannot be found for analysis|
2025-08-31 16:59:00|ERROR   |root                            |Video file "/downloads/The Witcher/Season 1/The.Witcher.S01E01.720p.NF.WEBRip.x264-GalaxyTV.mkv" cannot be found for analysis|
2025-08-31 16:59:00|ERROR   |root                            |Video file "/downloads/The Witcher/Season 1/The.Witcher.S01E02.720p.NF.WEBRip.x264-GalaxyTV.mkv" cannot be found for analysis|
2025-08-31 16:59:00|ERROR   |root                            |Video file "/downloads/The Witcher/Season 1/The.Witcher.S01E03.720p.NF.WEBRip.x264-GalaxyTV.mkv" cannot be found for analysis|
2025-08-31 16:59:00|ERROR   |root                            |Video file "/downloads/The Witcher/Season 1/The.Witcher.S01E04.720p.NF.WEBRip.x264-GalaxyTV.mkv" cannot be found for analysis|
2025-08-31 16:59:00|ERROR   |root                            |Video file "/downloads/The Witcher/Season 1/The.Witcher.S01E05.720p.NF.WEBRip.x264-GalaxyTV.mkv" cannot be found for analysis|
2025-08-31 16:59:00|ERROR   |root                            |Video file "/downloads/The Witcher/Season 1/The.Witcher.S01E06.720p.NF.WEBRip.x264-GalaxyTV.mkv" cannot be found for analysis|
2025-08-31 16:59:00|ERROR   |root                            |Video file "/downloads/The Witcher/Season 1/The.Witcher.S01E07.720p.NF.WEBRip.x264-GalaxyTV.mkv" cannot be found for analysis|
2025-08-31 16:59:00|ERROR   |root                            |Video file "/downloads/The Witcher/Season 1/The.Witcher.S01E08.720p.NF.WEBRip.x264-GalaxyTV.mkv" cannot be found for analysis|
2025-08-31 16:59:00|ERROR   |root                            |Video file "/downloads/The Witcher/Season 2/The.Witcher.S02E01.720p.NF.WEBRip.x264-GalaxyTV.mkv" cannot be found for analysis|
2025-08-31 16:59:00|ERROR   |root                            |Video file "/downloads/The Witcher/Season 2/The.Witcher.S02E02.720p.NF.WEBRip.x264-GalaxyTV.mkv" cannot be found for analysis|
2025-08-31 16:59:00|ERROR   |root                            |Video file "/downloads/The Witcher/Season 2/The.Witcher.S02E03.720p.NF.WEBRip.x264-GalaxyTV.mkv" cannot be found for analysis|
2025-08-31 16:59:00|ERROR   |root                            |Video file "/downloads/The Witcher/Season 2/The.Witcher.S02E04.720p.NF.WEBRip.x264-GalaxyTV.mkv" cannot be found for analysis|
2025-08-31 16:59:00|ERROR   |root                            |Video file "/downloads/The Witcher/Season 2/The.Witcher.S02E05.720p.NF.WEBRip.x264-GalaxyTV.mkv" cannot be found for analysis|
2025-08-31 16:59:00|ERROR   |root                            |Video file "/downloads/The Witcher/Season 2/The.Witcher.S02E06.720p.NF.WEBRip.x264-GalaxyTV.mkv" cannot be found for analysis|
2025-08-31 16:59:00|ERROR   |root                            |Video file "/downloads/The Witcher/Season 2/The.Witcher.S02E07.720p.NF.WEBRip.x264-GalaxyTV.mkv" cannot be found for analysis|
2025-08-31 16:59:00|ERROR   |root                            |Video file "/downloads/The Witcher/Season 2/The.Witcher.S02E08.720p.NF.WEBRip.x264-GalaxyTV.mkv" cannot be found for analysis|
2025-08-31 16:59:00|ERROR   |root                            |Video file "/downloads/The Witcher/Season 3/The Witcher - S03E01 - Shaerrawedd.mkv" cannot be found for analysis|
2025-08-31 16:59:00|ERROR   |root                            |Video file "/downloads/The Witcher/Season 3/The Witcher - S03E02 - Unbound.mkv" cannot be found for analysis|
2025-08-31 16:59:00|ERROR   |root                            |Video file "/downloads/The Witcher/Season 3/The Witcher - S03E03 - Reunion.mkv" cannot be found for analysis|
2025-08-31 16:59:00|ERROR   |root                            |Video file "/downloads/The Witcher/Season 3/The Witcher - S03E04 - The Invitation.mkv" cannot be found for analysis|
2025-08-31 16:59:00|ERROR   |root                            |Video file "/downloads/The Witcher/Season 3/The Witcher - S03E05 - The Art of the Illusion.mkv" cannot be found for analysis|
2025-08-31 16:59:00|ERROR   |root                            |Video file "/downloads/The Witcher/Season 3/The Witcher - S03E06 - Everybody Has a Plan 'til They Get Punched in the Face.mkv" cannot be found for analysis|
2025-08-31 16:59:00|ERROR   |root                            |Video file "/downloads/The Witcher/Season 3/The Witcher - S03E07 - Out of the Fire, Into the Frying Pan.mkv" cannot be found for analysis|
2025-08-31 16:59:00|ERROR   |root                            |Video file "/downloads/The Witcher/Season 3/The Witcher - S03E08 - The Cost of Chaos.mkv" cannot be found for analysis|
2025-08-31 16:59:00|ERROR   |root                            |Video file "/downloads/A shop for killers/Season 1/A.Shop.for.Killers.KOREAN.S01E01.2024.1080p.WEBRip.x265.HEVC-kkolev33.mkv" cannot be found for analysis|
2025-08-31 16:59:00|ERROR   |root                            |Video file "/downloads/A shop for killers/Season 1/A.Shop.for.Killers.KOREAN.S01E02.2024.1080p.WEBRip.x265.HEVC-kkolev33.mkv" cannot be found for analysis|
2025-08-31 16:59:00|ERROR   |root                            |Video file "/downloads/A shop for killers/Season 1/A.Shop.for.Killers.KOREAN.S01E03.2024.1080p.WEBRip.x265.HEVC-kkolev33.mkv" cannot be found for analysis|
2025-08-31 16:59:00|ERROR   |root                            |Video file "/downloads/A shop for killers/Season 1/A.Shop.for.Killers.KOREAN.S01E04.2024.1080p.WEBRip.x265.HEVC-kkolev33.mkv" cannot be found for analysis|
2025-08-31 16:59:00|ERROR   |root                            |Video file "/downloads/A shop for killers/Season 1/A.Shop.for.Killers.KOREAN.S01E05.2024.1080p.WEBRip.x265.HEVC-kkolev33.mkv" cannot be found for analysis|
2025-08-31 16:59:00|ERROR   |root                            |Video file "/downloads/A shop for killers/Season 1/A.Shop.for.Killers.KOREAN.S01E06.2024.1080p.WEBRip.x265.HEVC-kkolev33.mkv" cannot be found for analysis|
2025-08-31 16:59:00|ERROR   |root                            |Video file "/downloads/A shop for killers/Season 1/A.Shop.for.Killers.KOREAN.S01E07.2024.1080p.WEBRip.x265.HEVC-kkolev33.mkv" cannot be found for analysis|
2025-08-31 16:59:00|ERROR   |root                            |Video file "/downloads/A shop for killers/Season 1/A.Shop.for.Killers.KOREAN.S01E08.2024.1080p.WEBRip.x265.HEVC-kkolev33.mkv" cannot be found for analysis|
2025-08-31 16:59:00|ERROR   |root                            |Video file "/downloads/Tulsa King/Season 1/Tulsa.King.S01E01.720p.AMZN.WEBRip.x264-GalaxyTV.mkv" cannot be found for analysis|
2025-08-31 16:59:00|ERROR   |root                            |Video file "/downloads/Tulsa King/Season 1/Tulsa.King.S01E02.720p.AMZN.WEBRip.x264-GalaxyTV.mkv" cannot be found for analysis|
2025-08-31 16:59:00|ERROR   |root                            |Video file "/downloads/Tulsa King/Season 1/Tulsa.King.S01E03.720p.AMZN.WEBRip.x264-GalaxyTV.mkv" cannot be found for analysis|
2025-08-31 16:59:00|ERROR   |root                            |Video file "/downloads/Tulsa King/Season 1/Tulsa.King.S01E04.720p.AMZN.WEBRip.x264-GalaxyTV.mkv" cannot be found for analysis|
2025-08-31 16:59:00|ERROR   |root                            |Video file "/downloads/Tulsa King/Season 1/Tulsa.King.S01E05.720p.AMZN.WEBRip.x264-GalaxyTV.mkv" cannot be found for analysis|
2025-08-31 16:59:00|ERROR   |root                            |Video file "/downloads/Tulsa King/Season 1/Tulsa.King.S01E06.720p.AMZN.WEBRip.x264-GalaxyTV.mkv" cannot be found for analysis|
2025-08-31 16:59:00|ERROR   |root                            |Video file "/downloads/Tulsa King/Season 1/Tulsa.King.S01E07.720p.AMZN.WEBRip.x264-GalaxyTV.mkv" cannot be found for analysis|
2025-08-31 16:59:00|ERROR   |root                            |Video file "/downloads/Tulsa King/Season 1/Tulsa.King.S01E08.720p.AMZN.WEBRip.x264-GalaxyTV.mkv" cannot be found for analysis|
2025-08-31 16:59:00|ERROR   |root                            |Video file "/downloads/Tulsa King/Season 1/Tulsa.King.S01E09.720p.AMZN.WEBRip.x264-GalaxyTV.mkv" cannot be found for analysis|
2025-08-31 16:59:00|ERROR   |root                            |Video file "/downloads/Tulsa King/Season 2/Tulsa.King.S02E01.480p.x264-RUBiK.mkv" cannot be found for analysis|
2025-08-31 16:59:00|ERROR   |root                            |Video file "/downloads/Tulsa King/Season 2/Tulsa.King.S02E02.480p.x264-RUBiK.mkv" cannot be found for analysis|
2025-08-31 16:59:00|ERROR   |root                            |Video file "/downloads/Tulsa King/Season 2/Tulsa.King.S02E03.480p.x264-RUBiK.mkv" cannot be found for analysis|
2025-08-31 16:59:00|ERROR   |root                            |Video file "/downloads/Tulsa King/Season 2/Tulsa.King.S02E04.480p.x264-RUBiK.mkv" cannot be found for analysis|
2025-08-31 16:59:00|ERROR   |root                            |Video file "/downloads/Tulsa King/Season 2/Tulsa.King.S02E05.480p.x264-RUBiK.mkv" cannot be found for analysis|
2025-08-31 16:59:00|ERROR   |root                            |Video file "/downloads/Tulsa King/Season 2/Tulsa.King.S02E06.480p.x264-RUBiK.mkv" cannot be found for analysis|
2025-08-31 16:59:00|ERROR   |root                            |Video file "/downloads/Tulsa King/Season 2/Tulsa.King.S02E07.480p.x264-RUBiK.mkv" cannot be found for analysis|
2025-08-31 16:59:00|ERROR   |root                            |Video file "/downloads/Tulsa King/Season 2/Tulsa.King.S02E08.480p.x264-RUBiK.mkv" cannot be found for analysis|
2025-08-31 16:59:00|ERROR   |root                            |Video file "/downloads/Tulsa King/Season 2/Tulsa.King.S02E09.480p.x264-RUBiK.mkv" cannot be found for analysis|
2025-08-31 16:59:00|ERROR   |root                            |Video file "/downloads/Tulsa King/Season 2/Tulsa.King.S02E10.480p.x264-RUBiK.mkv" cannot be found for analysis|
2025-08-31 17:56:48|INFO    |root                            |BAZARR Finished searching for missing Movies Subtitles. Check History for more information.|
2025-08-31 17:59:00|ERROR   |root                            |Video file "/downloads/Wednesday/season 01/Wednesday.S01E01.WEBRip.x264-ION10[eztv.re].mp4" cannot be found for analysis|
2025-08-31 17:59:00|ERROR   |root                            |Video file "/downloads/Wednesday/season 01/Wednesday.S01E02.WEBRip.x264-ION10[eztv.re].mp4" cannot be found for analysis|
2025-08-31 17:59:00|ERROR   |root                            |Video file "/downloads/Wednesday/season 01/Wednesday.S01E03.WEBRip.x264-ION10[eztv.re].mp4" cannot be found for analysis|
2025-08-31 17:59:00|ERROR   |root                            |Video file "/downloads/Wednesday/season 01/Wednesday.S01E04.WEBRip.x264-ION10[eztv.re].mp4" cannot be found for analysis|
2025-08-31 17:59:00|ERROR   |root                            |Video file "/downloads/Wednesday/season 01/Wednesday.S01E05.WEBRip.x264-ION10[eztv.re].mp4" cannot be found for analysis|
2025-08-31 17:59:00|ERROR   |root                            |Video file "/downloads/Wednesday/season 01/Wednesday.S01E06.WEBRip.x264-ION10[eztv.re].mp4" cannot be found for analysis|
2025-08-31 17:59:00|ERROR   |root                            |Video file "/downloads/Wednesday/season 01/Wednesday.S01E07.WEBRip.x264-ION10[eztv.re].mp4" cannot be found for analysis|
2025-08-31 17:59:00|ERROR   |root                            |Video file "/downloads/Wednesday/season 01/Wednesday.S01E08.WEBRip.x264-ION10[eztv.re].mp4" cannot be found for analysis|
2025-08-31 17:59:00|ERROR   |root                            |Video file "/downloads/Wednesday/season 2/Wednesday S02E01 720p x264-FENiX[EZTVx.to].mkv" cannot be found for analysis|
2025-08-31 17:59:00|ERROR   |root                            |Video file "/downloads/Wednesday/season 2/Wednesday S02E02 720p x264-FENiX.mkv" cannot be found for analysis|
2025-08-31 17:59:00|ERROR   |root                            |Video file "/downloads/Wednesday/season 2/Wednesday S02E03 720p x264-FENiX.mkv" cannot be found for analysis|
2025-08-31 17:59:00|ERROR   |root                            |Video file "/downloads/Wednesday/season 2/Wednesday S02E04 720p x264-FENiX.mkv" cannot be found for analysis|
2025-08-31 17:59:00|ERROR   |root                            |Video file "/downloads/Squid Game/Season 2/Squid.Game.S02E01.480p.x264-mSD[EZTVx.to].mkv" cannot be found for analysis|
2025-08-31 17:59:00|ERROR   |root                            |Video file "/downloads/Squid Game/Season 2/Squid.Game.S02E02.MULTI.480p.x264-mSD[EZTVx.to].mkv" cannot be found for analysis|
2025-08-31 17:59:00|ERROR   |root                            |Video file "/downloads/Squid Game/Season 2/Squid.Game.S02E03.MULTI.480p.x264-mSD[EZTVx.to].mkv" cannot be found for analysis|
2025-08-31 17:59:00|ERROR   |root                            |Video file "/downloads/Squid Game/Season 2/Squid.Game.S02E04.MULTI.480p.x264-mSD[EZTVx.to].mkv" cannot be found for analysis|
2025-08-31 17:59:00|ERROR   |root                            |Video file "/downloads/Squid Game/Season 2/squid.game.s02e05.720p.web.h264-sylix.mkv" cannot be found for analysis|
2025-08-31 17:59:00|ERROR   |root                            |Video file "/downloads/Squid Game/Season 2/Squid.Game.S02E06.MULTI.1080p.WEB.X264-HiggsBoson[EZTVx.to].mkv" cannot be found for analysis|
2025-08-31 17:59:00|ERROR   |root                            |Video file "/downloads/Squid Game/Season 2/Squid.Game.S02E07.FINAL.MULTI.480p.x264-mSD[EZTVx.to].mkv" cannot be found for analysis|
2025-08-31 17:59:00|ERROR   |root                            |Video file "/downloads/Squid Game/Squid Game - Season 3 [Dual Audio]/Season 3/Squid Game - S03E01 - Keys and Knives.mkv" cannot be found for analysis|
2025-08-31 17:59:00|ERROR   |root                            |Video file "/downloads/Squid Game/Squid Game - Season 3 [Dual Audio]/Season 3/Squid Game - S03E02 - The Starry Night.mkv" cannot be found for analysis|
2025-08-31 17:59:00|ERROR   |root                            |Video file "/downloads/Squid Game/Squid Game - Season 3 [Dual Audio]/Season 3/Squid Game - S03E03 - It's Not Your Fault.mkv" cannot be found for analysis|
2025-08-31 17:59:00|ERROR   |root                            |Video file "/downloads/Squid Game/Squid Game - Season 3 [Dual Audio]/Season 3/Squid Game - S03E04 - 222.mkv" cannot be found for analysis|
2025-08-31 17:59:00|ERROR   |root                            |Video file "/downloads/Squid Game/Squid Game - Season 3 [Dual Audio]/Season 3/Squid Game - S03E05 - ○△□.mkv" cannot be found for analysis|
2025-08-31 17:59:00|ERROR   |root                            |Video file "/downloads/Squid Game/Squid Game - Season 3 [Dual Audio]/Season 3/Squid Game - S03E06 - Humans Are....mkv" cannot be found for analysis|
2025-08-31 17:59:00|ERROR   |root                            |Video file "/downloads/Hierarchy.S01/Hierarchy.S01E01.DUAL-AUDIO.KOR-ENG.1080p.10bit.WEBRip.6CH.x265.HEVC-PSA.mkv" cannot be found for analysis|
2025-08-31 17:59:00|ERROR   |root                            |Video file "/downloads/Hierarchy.S01/Hierarchy.S01E02.DUAL-AUDIO.KOR-ENG.1080p.10bit.WEBRip.6CH.x265.HEVC-PSA.mkv" cannot be found for analysis|
2025-08-31 17:59:00|ERROR   |root                            |Video file "/downloads/Hierarchy.S01/Hierarchy.S01E03.DUAL-AUDIO.KOR-ENG.1080p.10bit.WEBRip.6CH.x265.HEVC-PSA.mkv" cannot be found for analysis|
2025-08-31 17:59:00|ERROR   |root                            |Video file "/downloads/Hierarchy.S01/Hierarchy.S01E04.DUAL-AUDIO.KOR-ENG.1080p.10bit.WEBRip.6CH.x265.HEVC-PSA.mkv" cannot be found for analysis|
2025-08-31 17:59:00|ERROR   |root                            |Video file "/downloads/Hierarchy.S01/Hierarchy.S01E05.DUAL-AUDIO.KOR-ENG.1080p.10bit.WEBRip.6CH.x265.HEVC-PSA.mkv" cannot be found for analysis|
2025-08-31 17:59:00|ERROR   |root                            |Video file "/downloads/Hierarchy.S01/Hierarchy.S01E06.DUAL-AUDIO.KOR-ENG.1080p.10bit.WEBRip.6CH.x265.HEVC-PSA.mkv" cannot be found for analysis|
2025-08-31 17:59:00|ERROR   |root                            |Video file "/downloads/Hierarchy.S01/Hierarchy.S01E07.DUAL-AUDIO.KOR-ENG.1080p.10bit.WEBRip.6CH.x265.HEVC-PSA.mkv" cannot be found for analysis|
2025-08-31 17:59:00|ERROR   |root                            |Video file "/downloads/Vigilante 2023/Season 1/Vigilante.S01E01.1080p.DNSP.WEBRip.x264.mkv" cannot be found for analysis|
2025-08-31 17:59:00|ERROR   |root                            |Video file "/downloads/Vigilante 2023/Season 1/Vigilante.S01E02.1080p.DNSP.WEBRip.x264.mkv" cannot be found for analysis|
2025-08-31 17:59:00|ERROR   |root                            |Video file "/downloads/Vigilante 2023/Season 1/Vigilante.S01E03.1080p.DNSP.WEBRip.x264.mkv" cannot be found for analysis|
2025-08-31 17:59:00|ERROR   |root                            |Video file "/downloads/Vigilante 2023/Season 1/Vigilante.S01E04.1080p.DNSP.WEBRip.x264.mkv" cannot be found for analysis|
2025-08-31 17:59:00|ERROR   |root                            |Video file "/downloads/Vigilante 2023/Season 1/Vigilante.S01E05.1080p.DNSP.WEBRip.x264.mkv" cannot be found for analysis|
2025-08-31 17:59:00|ERROR   |root                            |Video file "/downloads/Vigilante 2023/Season 1/Vigilante.S01E06.1080p.DNSP.WEBRip.x264.mkv" cannot be found for analysis|
2025-08-31 17:59:00|ERROR   |root                            |Video file "/downloads/Vigilante 2023/Season 1/Vigilante.S01E07.1080p.DNSP.WEBRip.x264.mkv" cannot be found for analysis|
2025-08-31 17:59:00|ERROR   |root                            |Video file "/downloads/Vigilante 2023/Season 1/Vigilante.S01E08.1080p.DNSP.WEBRip.x264.mkv" cannot be found for analysis|
2025-08-31 17:59:00|ERROR   |root                            |Video file "/downloads/The Witcher/Season 1/The.Witcher.S01E01.720p.NF.WEBRip.x264-GalaxyTV.mkv" cannot be found for analysis|
2025-08-31 17:59:00|ERROR   |root                            |Video file "/downloads/The Witcher/Season 1/The.Witcher.S01E02.720p.NF.WEBRip.x264-GalaxyTV.mkv" cannot be found for analysis|
2025-08-31 17:59:00|ERROR   |root                            |Video file "/downloads/The Witcher/Season 1/The.Witcher.S01E03.720p.NF.WEBRip.x264-GalaxyTV.mkv" cannot be found for analysis|
2025-08-31 17:59:00|ERROR   |root                            |Video file "/downloads/The Witcher/Season 1/The.Witcher.S01E04.720p.NF.WEBRip.x264-GalaxyTV.mkv" cannot be found for analysis|
2025-08-31 17:59:00|ERROR   |root                            |Video file "/downloads/The Witcher/Season 1/The.Witcher.S01E05.720p.NF.WEBRip.x264-GalaxyTV.mkv" cannot be found for analysis|
2025-08-31 17:59:00|ERROR   |root                            |Video file "/downloads/The Witcher/Season 1/The.Witcher.S01E06.720p.NF.WEBRip.x264-GalaxyTV.mkv" cannot be found for analysis|
2025-08-31 17:59:00|ERROR   |root                            |Video file "/downloads/The Witcher/Season 1/The.Witcher.S01E07.720p.NF.WEBRip.x264-GalaxyTV.mkv" cannot be found for analysis|
2025-08-31 17:59:00|ERROR   |root                            |Video file "/downloads/The Witcher/Season 1/The.Witcher.S01E08.720p.NF.WEBRip.x264-GalaxyTV.mkv" cannot be found for analysis|
2025-08-31 17:59:00|ERROR   |root                            |Video file "/downloads/The Witcher/Season 2/The.Witcher.S02E01.720p.NF.WEBRip.x264-GalaxyTV.mkv" cannot be found for analysis|
2025-08-31 17:59:00|ERROR   |root                            |Video file "/downloads/The Witcher/Season 2/The.Witcher.S02E02.720p.NF.WEBRip.x264-GalaxyTV.mkv" cannot be found for analysis|
2025-08-31 17:59:00|ERROR   |root                            |Video file "/downloads/The Witcher/Season 2/The.Witcher.S02E03.720p.NF.WEBRip.x264-GalaxyTV.mkv" cannot be found for analysis|
2025-08-31 17:59:00|ERROR   |root                            |Video file "/downloads/The Witcher/Season 2/The.Witcher.S02E04.720p.NF.WEBRip.x264-GalaxyTV.mkv" cannot be found for analysis|
2025-08-31 17:59:00|ERROR   |root                            |Video file "/downloads/The Witcher/Season 2/The.Witcher.S02E05.720p.NF.WEBRip.x264-GalaxyTV.mkv" cannot be found for analysis|
2025-08-31 17:59:00|ERROR   |root                            |Video file "/downloads/The Witcher/Season 2/The.Witcher.S02E06.720p.NF.WEBRip.x264-GalaxyTV.mkv" cannot be found for analysis|
2025-08-31 17:59:00|ERROR   |root                            |Video file "/downloads/The Witcher/Season 2/The.Witcher.S02E07.720p.NF.WEBRip.x264-GalaxyTV.mkv" cannot be found for analysis|
2025-08-31 17:59:00|ERROR   |root                            |Video file "/downloads/The Witcher/Season 2/The.Witcher.S02E08.720p.NF.WEBRip.x264-GalaxyTV.mkv" cannot be found for analysis|
2025-08-31 17:59:00|ERROR   |root                            |Video file "/downloads/The Witcher/Season 3/The Witcher - S03E01 - Shaerrawedd.mkv" cannot be found for analysis|
2025-08-31 17:59:00|ERROR   |root                            |Video file "/downloads/The Witcher/Season 3/The Witcher - S03E02 - Unbound.mkv" cannot be found for analysis|
2025-08-31 17:59:00|ERROR   |root                            |Video file "/downloads/The Witcher/Season 3/The Witcher - S03E03 - Reunion.mkv" cannot be found for analysis|
2025-08-31 17:59:00|ERROR   |root                            |Video file "/downloads/The Witcher/Season 3/The Witcher - S03E04 - The Invitation.mkv" cannot be found for analysis|
2025-08-31 17:59:00|ERROR   |root                            |Video file "/downloads/The Witcher/Season 3/The Witcher - S03E05 - The Art of the Illusion.mkv" cannot be found for analysis|
2025-08-31 17:59:00|ERROR   |root                            |Video file "/downloads/The Witcher/Season 3/The Witcher - S03E06 - Everybody Has a Plan 'til They Get Punched in the Face.mkv" cannot be found for analysis|
2025-08-31 17:59:00|ERROR   |root                            |Video file "/downloads/The Witcher/Season 3/The Witcher - S03E07 - Out of the Fire, Into the Frying Pan.mkv" cannot be found for analysis|
2025-08-31 17:59:00|ERROR   |root                            |Video file "/downloads/The Witcher/Season 3/The Witcher - S03E08 - The Cost of Chaos.mkv" cannot be found for analysis|
2025-08-31 17:59:00|ERROR   |root                            |Video file "/downloads/A shop for killers/Season 1/A.Shop.for.Killers.KOREAN.S01E01.2024.1080p.WEBRip.x265.HEVC-kkolev33.mkv" cannot be found for analysis|
2025-08-31 17:59:00|ERROR   |root                            |Video file "/downloads/A shop for killers/Season 1/A.Shop.for.Killers.KOREAN.S01E02.2024.1080p.WEBRip.x265.HEVC-kkolev33.mkv" cannot be found for analysis|
2025-08-31 17:59:00|ERROR   |root                            |Video file "/downloads/A shop for killers/Season 1/A.Shop.for.Killers.KOREAN.S01E03.2024.1080p.WEBRip.x265.HEVC-kkolev33.mkv" cannot be found for analysis|
2025-08-31 17:59:00|ERROR   |root                            |Video file "/downloads/A shop for killers/Season 1/A.Shop.for.Killers.KOREAN.S01E04.2024.1080p.WEBRip.x265.HEVC-kkolev33.mkv" cannot be found for analysis|
2025-08-31 17:59:00|ERROR   |root                            |Video file "/downloads/A shop for killers/Season 1/A.Shop.for.Killers.KOREAN.S01E05.2024.1080p.WEBRip.x265.HEVC-kkolev33.mkv" cannot be found for analysis|
2025-08-31 17:59:00|ERROR   |root                            |Video file "/downloads/A shop for killers/Season 1/A.Shop.for.Killers.KOREAN.S01E06.2024.1080p.WEBRip.x265.HEVC-kkolev33.mkv" cannot be found for analysis|
2025-08-31 17:59:00|ERROR   |root                            |Video file "/downloads/A shop for killers/Season 1/A.Shop.for.Killers.KOREAN.S01E07.2024.1080p.WEBRip.x265.HEVC-kkolev33.mkv" cannot be found for analysis|
2025-08-31 17:59:00|ERROR   |root                            |Video file "/downloads/A shop for killers/Season 1/A.Shop.for.Killers.KOREAN.S01E08.2024.1080p.WEBRip.x265.HEVC-kkolev33.mkv" cannot be found for analysis|
2025-08-31 17:59:00|ERROR   |root                            |Video file "/downloads/Tulsa King/Season 1/Tulsa.King.S01E01.720p.AMZN.WEBRip.x264-GalaxyTV.mkv" cannot be found for analysis|
2025-08-31 17:59:00|ERROR   |root                            |Video file "/downloads/Tulsa King/Season 1/Tulsa.King.S01E02.720p.AMZN.WEBRip.x264-GalaxyTV.mkv" cannot be found for analysis|
2025-08-31 17:59:00|ERROR   |root                            |Video file "/downloads/Tulsa King/Season 1/Tulsa.King.S01E03.720p.AMZN.WEBRip.x264-GalaxyTV.mkv" cannot be found for analysis|
2025-08-31 17:59:00|ERROR   |root                            |Video file "/downloads/Tulsa King/Season 1/Tulsa.King.S01E04.720p.AMZN.WEBRip.x264-GalaxyTV.mkv" cannot be found for analysis|
2025-08-31 17:59:00|ERROR   |root                            |Video file "/downloads/Tulsa King/Season 1/Tulsa.King.S01E05.720p.AMZN.WEBRip.x264-GalaxyTV.mkv" cannot be found for analysis|
2025-08-31 17:59:00|ERROR   |root                            |Video file "/downloads/Tulsa King/Season 1/Tulsa.King.S01E06.720p.AMZN.WEBRip.x264-GalaxyTV.mkv" cannot be found for analysis|
2025-08-31 17:59:00|ERROR   |root                            |Video file "/downloads/Tulsa King/Season 1/Tulsa.King.S01E07.720p.AMZN.WEBRip.x264-GalaxyTV.mkv" cannot be found for analysis|
2025-08-31 17:59:00|ERROR   |root                            |Video file "/downloads/Tulsa King/Season 1/Tulsa.King.S01E08.720p.AMZN.WEBRip.x264-GalaxyTV.mkv" cannot be found for analysis|
2025-08-31 17:59:00|ERROR   |root                            |Video file "/downloads/Tulsa King/Season 1/Tulsa.King.S01E09.720p.AMZN.WEBRip.x264-GalaxyTV.mkv" cannot be found for analysis|
2025-08-31 17:59:00|ERROR   |root                            |Video file "/downloads/Tulsa King/Season 2/Tulsa.King.S02E01.480p.x264-RUBiK.mkv" cannot be found for analysis|
2025-08-31 17:59:00|ERROR   |root                            |Video file "/downloads/Tulsa King/Season 2/Tulsa.King.S02E02.480p.x264-RUBiK.mkv" cannot be found for analysis|
2025-08-31 17:59:00|ERROR   |root                            |Video file "/downloads/Tulsa King/Season 2/Tulsa.King.S02E03.480p.x264-RUBiK.mkv" cannot be found for analysis|
2025-08-31 17:59:00|ERROR   |root                            |Video file "/downloads/Tulsa King/Season 2/Tulsa.King.S02E04.480p.x264-RUBiK.mkv" cannot be found for analysis|
2025-08-31 17:59:00|ERROR   |root                            |Video file "/downloads/Tulsa King/Season 2/Tulsa.King.S02E05.480p.x264-RUBiK.mkv" cannot be found for analysis|
2025-08-31 17:59:00|ERROR   |root                            |Video file "/downloads/Tulsa King/Season 2/Tulsa.King.S02E06.480p.x264-RUBiK.mkv" cannot be found for analysis|
2025-08-31 17:59:00|ERROR   |root                            |Video file "/downloads/Tulsa King/Season 2/Tulsa.King.S02E07.480p.x264-RUBiK.mkv" cannot be found for analysis|
2025-08-31 17:59:00|ERROR   |root                            |Video file "/downloads/Tulsa King/Season 2/Tulsa.King.S02E08.480p.x264-RUBiK.mkv" cannot be found for analysis|
2025-08-31 17:59:00|ERROR   |root                            |Video file "/downloads/Tulsa King/Season 2/Tulsa.King.S02E09.480p.x264-RUBiK.mkv" cannot be found for analysis|
2025-08-31 17:59:00|ERROR   |root                            |Video file "/downloads/Tulsa King/Season 2/Tulsa.King.S02E10.480p.x264-RUBiK.mkv" cannot be found for analysis|
2025-08-31 18:50:16|ERROR   |root                            |Video file "/downloads/A shop for killers/Season 1/A.Shop.for.Killers.KOREAN.S01E01.2024.1080p.WEBRip.x265.HEVC-kkolev33.mkv" cannot be found for analysis|
2025-08-31 18:50:16|ERROR   |root                            |Video file "/downloads/A shop for killers/Season 1/A.Shop.for.Killers.KOREAN.S01E02.2024.1080p.WEBRip.x265.HEVC-kkolev33.mkv" cannot be found for analysis|
2025-08-31 18:50:16|ERROR   |root                            |Video file "/downloads/A shop for killers/Season 1/A.Shop.for.Killers.KOREAN.S01E03.2024.1080p.WEBRip.x265.HEVC-kkolev33.mkv" cannot be found for analysis|
2025-08-31 18:50:16|ERROR   |root                            |Video file "/downloads/A shop for killers/Season 1/A.Shop.for.Killers.KOREAN.S01E04.2024.1080p.WEBRip.x265.HEVC-kkolev33.mkv" cannot be found for analysis|
2025-08-31 18:50:16|ERROR   |root                            |Video file "/downloads/A shop for killers/Season 1/A.Shop.for.Killers.KOREAN.S01E05.2024.1080p.WEBRip.x265.HEVC-kkolev33.mkv" cannot be found for analysis|
2025-08-31 18:50:16|ERROR   |root                            |Video file "/downloads/A shop for killers/Season 1/A.Shop.for.Killers.KOREAN.S01E06.2024.1080p.WEBRip.x265.HEVC-kkolev33.mkv" cannot be found for analysis|
2025-08-31 18:50:16|ERROR   |root                            |Video file "/downloads/A shop for killers/Season 1/A.Shop.for.Killers.KOREAN.S01E07.2024.1080p.WEBRip.x265.HEVC-kkolev33.mkv" cannot be found for analysis|
2025-08-31 18:50:16|ERROR   |root                            |Video file "/downloads/A shop for killers/Season 1/A.Shop.for.Killers.KOREAN.S01E08.2024.1080p.WEBRip.x265.HEVC-kkolev33.mkv" cannot be found for analysis|
2025-08-31 18:50:16|ERROR   |root                            |Video file "/downloads/Tulsa King/Season 1/Tulsa.King.S01E01.720p.AMZN.WEBRip.x264-GalaxyTV.mkv" cannot be found for analysis|
2025-08-31 18:50:16|ERROR   |root                            |Video file "/downloads/Tulsa King/Season 1/Tulsa.King.S01E02.720p.AMZN.WEBRip.x264-GalaxyTV.mkv" cannot be found for analysis|
2025-08-31 18:50:16|ERROR   |root                            |Video file "/downloads/Tulsa King/Season 1/Tulsa.King.S01E03.720p.AMZN.WEBRip.x264-GalaxyTV.mkv" cannot be found for analysis|
2025-08-31 18:50:16|ERROR   |root                            |Video file "/downloads/Tulsa King/Season 1/Tulsa.King.S01E04.720p.AMZN.WEBRip.x264-GalaxyTV.mkv" cannot be found for analysis|
2025-08-31 18:50:16|ERROR   |root                            |Video file "/downloads/Tulsa King/Season 1/Tulsa.King.S01E05.720p.AMZN.WEBRip.x264-GalaxyTV.mkv" cannot be found for analysis|
2025-08-31 18:50:16|ERROR   |root                            |Video file "/downloads/Tulsa King/Season 1/Tulsa.King.S01E06.720p.AMZN.WEBRip.x264-GalaxyTV.mkv" cannot be found for analysis|
2025-08-31 18:50:16|ERROR   |root                            |Video file "/downloads/Tulsa King/Season 1/Tulsa.King.S01E07.720p.AMZN.WEBRip.x264-GalaxyTV.mkv" cannot be found for analysis|
2025-08-31 18:50:16|ERROR   |root                            |Video file "/downloads/Tulsa King/Season 1/Tulsa.King.S01E08.720p.AMZN.WEBRip.x264-GalaxyTV.mkv" cannot be found for analysis|
2025-08-31 18:50:16|ERROR   |root                            |Video file "/downloads/Tulsa King/Season 1/Tulsa.King.S01E09.720p.AMZN.WEBRip.x264-GalaxyTV.mkv" cannot be found for analysis|
2025-08-31 18:50:16|ERROR   |root                            |Video file "/downloads/Tulsa King/Season 2/Tulsa.King.S02E01.480p.x264-RUBiK.mkv" cannot be found for analysis|
2025-08-31 18:50:16|ERROR   |root                            |Video file "/downloads/Tulsa King/Season 2/Tulsa.King.S02E02.480p.x264-RUBiK.mkv" cannot be found for analysis|
2025-08-31 18:50:16|ERROR   |root                            |Video file "/downloads/Tulsa King/Season 2/Tulsa.King.S02E03.480p.x264-RUBiK.mkv" cannot be found for analysis|
2025-08-31 18:50:16|ERROR   |root                            |Video file "/downloads/Tulsa King/Season 2/Tulsa.King.S02E04.480p.x264-RUBiK.mkv" cannot be found for analysis|
2025-08-31 18:50:16|ERROR   |root                            |Video file "/downloads/Tulsa King/Season 2/Tulsa.King.S02E05.480p.x264-RUBiK.mkv" cannot be found for analysis|
2025-08-31 18:50:16|ERROR   |root                            |Video file "/downloads/Tulsa King/Season 2/Tulsa.King.S02E06.480p.x264-RUBiK.mkv" cannot be found for analysis|
2025-08-31 18:50:16|ERROR   |root                            |Video file "/downloads/Tulsa King/Season 2/Tulsa.King.S02E07.480p.x264-RUBiK.mkv" cannot be found for analysis|
2025-08-31 18:50:16|ERROR   |root                            |Video file "/downloads/Tulsa King/Season 2/Tulsa.King.S02E08.480p.x264-RUBiK.mkv" cannot be found for analysis|
2025-08-31 18:50:16|ERROR   |root                            |Video file "/downloads/Tulsa King/Season 2/Tulsa.King.S02E09.480p.x264-RUBiK.mkv" cannot be found for analysis|
2025-08-31 18:50:16|ERROR   |root                            |Video file "/downloads/Tulsa King/Season 2/Tulsa.King.S02E10.480p.x264-RUBiK.mkv" cannot be found for analysis|
2025-08-31 18:50:16|ERROR   |root                            |Video file "/downloads/Wednesday/season 01/Wednesday.S01E01.WEBRip.x264-ION10[eztv.re].mp4" cannot be found for analysis|
2025-08-31 18:50:16|ERROR   |root                            |Video file "/downloads/Wednesday/season 01/Wednesday.S01E02.WEBRip.x264-ION10[eztv.re].mp4" cannot be found for analysis|
2025-08-31 18:50:16|ERROR   |root                            |Video file "/downloads/Wednesday/season 01/Wednesday.S01E03.WEBRip.x264-ION10[eztv.re].mp4" cannot be found for analysis|
2025-08-31 18:50:16|ERROR   |root                            |Video file "/downloads/Wednesday/season 01/Wednesday.S01E04.WEBRip.x264-ION10[eztv.re].mp4" cannot be found for analysis|
2025-08-31 18:50:16|ERROR   |root                            |Video file "/downloads/Wednesday/season 01/Wednesday.S01E05.WEBRip.x264-ION10[eztv.re].mp4" cannot be found for analysis|
2025-08-31 18:50:16|ERROR   |root                            |Video file "/downloads/Wednesday/season 01/Wednesday.S01E06.WEBRip.x264-ION10[eztv.re].mp4" cannot be found for analysis|
2025-08-31 18:50:16|ERROR   |root                            |Video file "/downloads/Wednesday/season 01/Wednesday.S01E07.WEBRip.x264-ION10[eztv.re].mp4" cannot be found for analysis|
2025-08-31 18:50:16|ERROR   |root                            |Video file "/downloads/Wednesday/season 01/Wednesday.S01E08.WEBRip.x264-ION10[eztv.re].mp4" cannot be found for analysis|
2025-08-31 18:50:16|ERROR   |root                            |Video file "/downloads/Wednesday/season 2/Wednesday S02E01 720p x264-FENiX[EZTVx.to].mkv" cannot be found for analysis|
2025-08-31 18:50:16|ERROR   |root                            |Video file "/downloads/Wednesday/season 2/Wednesday S02E02 720p x264-FENiX.mkv" cannot be found for analysis|
2025-08-31 18:50:16|ERROR   |root                            |Video file "/downloads/Wednesday/season 2/Wednesday S02E03 720p x264-FENiX.mkv" cannot be found for analysis|
2025-08-31 18:50:16|ERROR   |root                            |Video file "/downloads/Wednesday/season 2/Wednesday S02E04 720p x264-FENiX.mkv" cannot be found for analysis|
2025-08-31 18:50:16|ERROR   |root                            |Video file "/downloads/The Witcher/Season 1/The.Witcher.S01E01.720p.NF.WEBRip.x264-GalaxyTV.mkv" cannot be found for analysis|
2025-08-31 18:50:16|ERROR   |root                            |Video file "/downloads/The Witcher/Season 1/The.Witcher.S01E02.720p.NF.WEBRip.x264-GalaxyTV.mkv" cannot be found for analysis|
2025-08-31 18:50:16|ERROR   |root                            |Video file "/downloads/The Witcher/Season 1/The.Witcher.S01E03.720p.NF.WEBRip.x264-GalaxyTV.mkv" cannot be found for analysis|
2025-08-31 18:50:16|ERROR   |root                            |Video file "/downloads/The Witcher/Season 1/The.Witcher.S01E04.720p.NF.WEBRip.x264-GalaxyTV.mkv" cannot be found for analysis|
2025-08-31 18:50:16|ERROR   |root                            |Video file "/downloads/The Witcher/Season 1/The.Witcher.S01E05.720p.NF.WEBRip.x264-GalaxyTV.mkv" cannot be found for analysis|
2025-08-31 18:50:16|ERROR   |root                            |Video file "/downloads/The Witcher/Season 1/The.Witcher.S01E06.720p.NF.WEBRip.x264-GalaxyTV.mkv" cannot be found for analysis|
2025-08-31 18:50:16|ERROR   |root                            |Video file "/downloads/The Witcher/Season 1/The.Witcher.S01E07.720p.NF.WEBRip.x264-GalaxyTV.mkv" cannot be found for analysis|
2025-08-31 18:50:16|ERROR   |root                            |Video file "/downloads/The Witcher/Season 1/The.Witcher.S01E08.720p.NF.WEBRip.x264-GalaxyTV.mkv" cannot be found for analysis|
2025-08-31 18:50:16|ERROR   |root                            |Video file "/downloads/The Witcher/Season 2/The.Witcher.S02E01.720p.NF.WEBRip.x264-GalaxyTV.mkv" cannot be found for analysis|
2025-08-31 18:50:16|ERROR   |root                            |Video file "/downloads/The Witcher/Season 2/The.Witcher.S02E02.720p.NF.WEBRip.x264-GalaxyTV.mkv" cannot be found for analysis|
2025-08-31 18:50:16|ERROR   |root                            |Video file "/downloads/The Witcher/Season 2/The.Witcher.S02E03.720p.NF.WEBRip.x264-GalaxyTV.mkv" cannot be found for analysis|
2025-08-31 18:50:16|ERROR   |root                            |Video file "/downloads/The Witcher/Season 2/The.Witcher.S02E04.720p.NF.WEBRip.x264-GalaxyTV.mkv" cannot be found for analysis|
2025-08-31 18:50:16|ERROR   |root                            |Video file "/downloads/The Witcher/Season 2/The.Witcher.S02E05.720p.NF.WEBRip.x264-GalaxyTV.mkv" cannot be found for analysis|
2025-08-31 18:50:16|ERROR   |root                            |Video file "/downloads/The Witcher/Season 2/The.Witcher.S02E06.720p.NF.WEBRip.x264-GalaxyTV.mkv" cannot be found for analysis|
2025-08-31 18:50:16|ERROR   |root                            |Video file "/downloads/The Witcher/Season 2/The.Witcher.S02E07.720p.NF.WEBRip.x264-GalaxyTV.mkv" cannot be found for analysis|
2025-08-31 18:50:16|ERROR   |root                            |Video file "/downloads/The Witcher/Season 2/The.Witcher.S02E08.720p.NF.WEBRip.x264-GalaxyTV.mkv" cannot be found for analysis|
2025-08-31 18:50:16|ERROR   |root                            |Video file "/downloads/The Witcher/Season 3/The Witcher - S03E01 - Shaerrawedd.mkv" cannot be found for analysis|
2025-08-31 18:50:16|ERROR   |root                            |Video file "/downloads/The Witcher/Season 3/The Witcher - S03E02 - Unbound.mkv" cannot be found for analysis|
2025-08-31 18:50:16|ERROR   |root                            |Video file "/downloads/The Witcher/Season 3/The Witcher - S03E03 - Reunion.mkv" cannot be found for analysis|
2025-08-31 18:50:16|ERROR   |root                            |Video file "/downloads/The Witcher/Season 3/The Witcher - S03E04 - The Invitation.mkv" cannot be found for analysis|
2025-08-31 18:50:16|ERROR   |root                            |Video file "/downloads/The Witcher/Season 3/The Witcher - S03E05 - The Art of the Illusion.mkv" cannot be found for analysis|
2025-08-31 18:50:16|ERROR   |root                            |Video file "/downloads/The Witcher/Season 3/The Witcher - S03E06 - Everybody Has a Plan 'til They Get Punched in the Face.mkv" cannot be found for analysis|
2025-08-31 18:50:16|ERROR   |root                            |Video file "/downloads/The Witcher/Season 3/The Witcher - S03E07 - Out of the Fire, Into the Frying Pan.mkv" cannot be found for analysis|
2025-08-31 18:50:16|ERROR   |root                            |Video file "/downloads/The Witcher/Season 3/The Witcher - S03E08 - The Cost of Chaos.mkv" cannot be found for analysis|
2025-08-31 18:59:00|ERROR   |root                            |Video file "/downloads/Wednesday/season 01/Wednesday.S01E01.WEBRip.x264-ION10[eztv.re].mp4" cannot be found for analysis|
2025-08-31 18:59:00|ERROR   |root                            |Video file "/downloads/Wednesday/season 01/Wednesday.S01E02.WEBRip.x264-ION10[eztv.re].mp4" cannot be found for analysis|
2025-08-31 18:59:00|ERROR   |root                            |Video file "/downloads/Wednesday/season 01/Wednesday.S01E03.WEBRip.x264-ION10[eztv.re].mp4" cannot be found for analysis|
2025-08-31 18:59:00|ERROR   |root                            |Video file "/downloads/Wednesday/season 01/Wednesday.S01E04.WEBRip.x264-ION10[eztv.re].mp4" cannot be found for analysis|
2025-08-31 18:59:00|ERROR   |root                            |Video file "/downloads/Wednesday/season 01/Wednesday.S01E05.WEBRip.x264-ION10[eztv.re].mp4" cannot be found for analysis|
2025-08-31 18:59:00|ERROR   |root                            |Video file "/downloads/Wednesday/season 01/Wednesday.S01E06.WEBRip.x264-ION10[eztv.re].mp4" cannot be found for analysis|
2025-08-31 18:59:00|ERROR   |root                            |Video file "/downloads/Wednesday/season 01/Wednesday.S01E07.WEBRip.x264-ION10[eztv.re].mp4" cannot be found for analysis|
2025-08-31 18:59:00|ERROR   |root                            |Video file "/downloads/Wednesday/season 01/Wednesday.S01E08.WEBRip.x264-ION10[eztv.re].mp4" cannot be found for analysis|
2025-08-31 18:59:00|ERROR   |root                            |Video file "/downloads/Wednesday/season 2/Wednesday S02E01 720p x264-FENiX[EZTVx.to].mkv" cannot be found for analysis|
2025-08-31 18:59:00|ERROR   |root                            |Video file "/downloads/Wednesday/season 2/Wednesday S02E02 720p x264-FENiX.mkv" cannot be found for analysis|
2025-08-31 18:59:00|ERROR   |root                            |Video file "/downloads/Wednesday/season 2/Wednesday S02E03 720p x264-FENiX.mkv" cannot be found for analysis|
2025-08-31 18:59:00|ERROR   |root                            |Video file "/downloads/Wednesday/season 2/Wednesday S02E04 720p x264-FENiX.mkv" cannot be found for analysis|
2025-08-31 18:59:00|ERROR   |root                            |Video file "/downloads/Squid Game/Season 2/Squid.Game.S02E01.480p.x264-mSD[EZTVx.to].mkv" cannot be found for analysis|
2025-08-31 18:59:00|ERROR   |root                            |Video file "/downloads/Squid Game/Season 2/Squid.Game.S02E02.MULTI.480p.x264-mSD[EZTVx.to].mkv" cannot be found for analysis|
2025-08-31 18:59:00|ERROR   |root                            |Video file "/downloads/Squid Game/Season 2/Squid.Game.S02E03.MULTI.480p.x264-mSD[EZTVx.to].mkv" cannot be found for analysis|
2025-08-31 18:59:00|ERROR   |root                            |Video file "/downloads/Squid Game/Season 2/Squid.Game.S02E04.MULTI.480p.x264-mSD[EZTVx.to].mkv" cannot be found for analysis|
2025-08-31 18:59:00|ERROR   |root                            |Video file "/downloads/Squid Game/Season 2/squid.game.s02e05.720p.web.h264-sylix.mkv" cannot be found for analysis|
2025-08-31 18:59:00|ERROR   |root                            |Video file "/downloads/Squid Game/Season 2/Squid.Game.S02E06.MULTI.1080p.WEB.X264-HiggsBoson[EZTVx.to].mkv" cannot be found for analysis|
2025-08-31 18:59:00|ERROR   |root                            |Video file "/downloads/Squid Game/Season 2/Squid.Game.S02E07.FINAL.MULTI.480p.x264-mSD[EZTVx.to].mkv" cannot be found for analysis|
2025-08-31 18:59:00|ERROR   |root                            |Video file "/downloads/Squid Game/Squid Game - Season 3 [Dual Audio]/Season 3/Squid Game - S03E01 - Keys and Knives.mkv" cannot be found for analysis|
2025-08-31 18:59:00|ERROR   |root                            |Video file "/downloads/Squid Game/Squid Game - Season 3 [Dual Audio]/Season 3/Squid Game - S03E02 - The Starry Night.mkv" cannot be found for analysis|
2025-08-31 18:59:00|ERROR   |root                            |Video file "/downloads/Squid Game/Squid Game - Season 3 [Dual Audio]/Season 3/Squid Game - S03E03 - It's Not Your Fault.mkv" cannot be found for analysis|
2025-08-31 18:59:00|ERROR   |root                            |Video file "/downloads/Squid Game/Squid Game - Season 3 [Dual Audio]/Season 3/Squid Game - S03E04 - 222.mkv" cannot be found for analysis|
2025-08-31 18:59:00|ERROR   |root                            |Video file "/downloads/Squid Game/Squid Game - Season 3 [Dual Audio]/Season 3/Squid Game - S03E05 - ○△□.mkv" cannot be found for analysis|
2025-08-31 18:59:00|ERROR   |root                            |Video file "/downloads/Squid Game/Squid Game - Season 3 [Dual Audio]/Season 3/Squid Game - S03E06 - Humans Are....mkv" cannot be found for analysis|
2025-08-31 18:59:00|ERROR   |root                            |Video file "/downloads/Hierarchy.S01/Hierarchy.S01E01.DUAL-AUDIO.KOR-ENG.1080p.10bit.WEBRip.6CH.x265.HEVC-PSA.mkv" cannot be found for analysis|
2025-08-31 18:59:00|ERROR   |root                            |Video file "/downloads/Hierarchy.S01/Hierarchy.S01E02.DUAL-AUDIO.KOR-ENG.1080p.10bit.WEBRip.6CH.x265.HEVC-PSA.mkv" cannot be found for analysis|
2025-08-31 18:59:00|ERROR   |root                            |Video file "/downloads/Hierarchy.S01/Hierarchy.S01E03.DUAL-AUDIO.KOR-ENG.1080p.10bit.WEBRip.6CH.x265.HEVC-PSA.mkv" cannot be found for analysis|
2025-08-31 18:59:00|ERROR   |root                            |Video file "/downloads/Hierarchy.S01/Hierarchy.S01E04.DUAL-AUDIO.KOR-ENG.1080p.10bit.WEBRip.6CH.x265.HEVC-PSA.mkv" cannot be found for analysis|
2025-08-31 18:59:00|ERROR   |root                            |Video file "/downloads/Hierarchy.S01/Hierarchy.S01E05.DUAL-AUDIO.KOR-ENG.1080p.10bit.WEBRip.6CH.x265.HEVC-PSA.mkv" cannot be found for analysis|
2025-08-31 18:59:00|ERROR   |root                            |Video file "/downloads/Hierarchy.S01/Hierarchy.S01E06.DUAL-AUDIO.KOR-ENG.1080p.10bit.WEBRip.6CH.x265.HEVC-PSA.mkv" cannot be found for analysis|
2025-08-31 18:59:00|ERROR   |root                            |Video file "/downloads/Hierarchy.S01/Hierarchy.S01E07.DUAL-AUDIO.KOR-ENG.1080p.10bit.WEBRip.6CH.x265.HEVC-PSA.mkv" cannot be found for analysis|
2025-08-31 18:59:00|ERROR   |root                            |Video file "/downloads/Vigilante 2023/Season 1/Vigilante.S01E01.1080p.DNSP.WEBRip.x264.mkv" cannot be found for analysis|
2025-08-31 18:59:00|ERROR   |root                            |Video file "/downloads/Vigilante 2023/Season 1/Vigilante.S01E02.1080p.DNSP.WEBRip.x264.mkv" cannot be found for analysis|
2025-08-31 18:59:00|ERROR   |root                            |Video file "/downloads/Vigilante 2023/Season 1/Vigilante.S01E03.1080p.DNSP.WEBRip.x264.mkv" cannot be found for analysis|
2025-08-31 18:59:00|ERROR   |root                            |Video file "/downloads/Vigilante 2023/Season 1/Vigilante.S01E04.1080p.DNSP.WEBRip.x264.mkv" cannot be found for analysis|
2025-08-31 18:59:00|ERROR   |root                            |Video file "/downloads/Vigilante 2023/Season 1/Vigilante.S01E05.1080p.DNSP.WEBRip.x264.mkv" cannot be found for analysis|
2025-08-31 18:59:00|ERROR   |root                            |Video file "/downloads/Vigilante 2023/Season 1/Vigilante.S01E06.1080p.DNSP.WEBRip.x264.mkv" cannot be found for analysis|
2025-08-31 18:59:00|ERROR   |root                            |Video file "/downloads/Vigilante 2023/Season 1/Vigilante.S01E07.1080p.DNSP.WEBRip.x264.mkv" cannot be found for analysis|
2025-08-31 18:59:00|ERROR   |root                            |Video file "/downloads/Vigilante 2023/Season 1/Vigilante.S01E08.1080p.DNSP.WEBRip.x264.mkv" cannot be found for analysis|
2025-08-31 18:59:00|ERROR   |root                            |Video file "/downloads/The Witcher/Season 1/The.Witcher.S01E01.720p.NF.WEBRip.x264-GalaxyTV.mkv" cannot be found for analysis|
2025-08-31 18:59:00|ERROR   |root                            |Video file "/downloads/The Witcher/Season 1/The.Witcher.S01E02.720p.NF.WEBRip.x264-GalaxyTV.mkv" cannot be found for analysis|
2025-08-31 18:59:00|ERROR   |root                            |Video file "/downloads/The Witcher/Season 1/The.Witcher.S01E03.720p.NF.WEBRip.x264-GalaxyTV.mkv" cannot be found for analysis|
2025-08-31 18:59:00|ERROR   |root                            |Video file "/downloads/The Witcher/Season 1/The.Witcher.S01E04.720p.NF.WEBRip.x264-GalaxyTV.mkv" cannot be found for analysis|
2025-08-31 18:59:00|ERROR   |root                            |Video file "/downloads/The Witcher/Season 1/The.Witcher.S01E05.720p.NF.WEBRip.x264-GalaxyTV.mkv" cannot be found for analysis|
2025-08-31 18:59:00|ERROR   |root                            |Video file "/downloads/The Witcher/Season 1/The.Witcher.S01E06.720p.NF.WEBRip.x264-GalaxyTV.mkv" cannot be found for analysis|
2025-08-31 18:59:00|ERROR   |root                            |Video file "/downloads/The Witcher/Season 1/The.Witcher.S01E07.720p.NF.WEBRip.x264-GalaxyTV.mkv" cannot be found for analysis|
2025-08-31 18:59:00|ERROR   |root                            |Video file "/downloads/The Witcher/Season 1/The.Witcher.S01E08.720p.NF.WEBRip.x264-GalaxyTV.mkv" cannot be found for analysis|
2025-08-31 18:59:00|ERROR   |root                            |Video file "/downloads/The Witcher/Season 2/The.Witcher.S02E01.720p.NF.WEBRip.x264-GalaxyTV.mkv" cannot be found for analysis|
2025-08-31 18:59:00|ERROR   |root                            |Video file "/downloads/The Witcher/Season 2/The.Witcher.S02E02.720p.NF.WEBRip.x264-GalaxyTV.mkv" cannot be found for analysis|
2025-08-31 18:59:00|ERROR   |root                            |Video file "/downloads/The Witcher/Season 2/The.Witcher.S02E03.720p.NF.WEBRip.x264-GalaxyTV.mkv" cannot be found for analysis|
2025-08-31 18:59:00|ERROR   |root                            |Video file "/downloads/The Witcher/Season 2/The.Witcher.S02E04.720p.NF.WEBRip.x264-GalaxyTV.mkv" cannot be found for analysis|
2025-08-31 18:59:00|ERROR   |root                            |Video file "/downloads/The Witcher/Season 2/The.Witcher.S02E05.720p.NF.WEBRip.x264-GalaxyTV.mkv" cannot be found for analysis|
2025-08-31 18:59:00|ERROR   |root                            |Video file "/downloads/The Witcher/Season 2/The.Witcher.S02E06.720p.NF.WEBRip.x264-GalaxyTV.mkv" cannot be found for analysis|
2025-08-31 18:59:00|ERROR   |root                            |Video file "/downloads/The Witcher/Season 2/The.Witcher.S02E07.720p.NF.WEBRip.x264-GalaxyTV.mkv" cannot be found for analysis|
2025-08-31 18:59:00|ERROR   |root                            |Video file "/downloads/The Witcher/Season 2/The.Witcher.S02E08.720p.NF.WEBRip.x264-GalaxyTV.mkv" cannot be found for analysis|
2025-08-31 18:59:00|ERROR   |root                            |Video file "/downloads/The Witcher/Season 3/The Witcher - S03E01 - Shaerrawedd.mkv" cannot be found for analysis|
2025-08-31 18:59:00|ERROR   |root                            |Video file "/downloads/The Witcher/Season 3/The Witcher - S03E02 - Unbound.mkv" cannot be found for analysis|
2025-08-31 18:59:00|ERROR   |root                            |Video file "/downloads/The Witcher/Season 3/The Witcher - S03E03 - Reunion.mkv" cannot be found for analysis|
2025-08-31 18:59:00|ERROR   |root                            |Video file "/downloads/The Witcher/Season 3/The Witcher - S03E04 - The Invitation.mkv" cannot be found for analysis|
2025-08-31 18:59:00|ERROR   |root                            |Video file "/downloads/The Witcher/Season 3/The Witcher - S03E05 - The Art of the Illusion.mkv" cannot be found for analysis|
2025-08-31 18:59:00|ERROR   |root                            |Video file "/downloads/The Witcher/Season 3/The Witcher - S03E06 - Everybody Has a Plan 'til They Get Punched in the Face.mkv" cannot be found for analysis|
2025-08-31 18:59:00|ERROR   |root                            |Video file "/downloads/The Witcher/Season 3/The Witcher - S03E07 - Out of the Fire, Into the Frying Pan.mkv" cannot be found for analysis|
2025-08-31 18:59:00|ERROR   |root                            |Video file "/downloads/The Witcher/Season 3/The Witcher - S03E08 - The Cost of Chaos.mkv" cannot be found for analysis|
2025-08-31 18:59:00|ERROR   |root                            |Video file "/downloads/A shop for killers/Season 1/A.Shop.for.Killers.KOREAN.S01E01.2024.1080p.WEBRip.x265.HEVC-kkolev33.mkv" cannot be found for analysis|
2025-08-31 18:59:00|ERROR   |root                            |Video file "/downloads/A shop for killers/Season 1/A.Shop.for.Killers.KOREAN.S01E02.2024.1080p.WEBRip.x265.HEVC-kkolev33.mkv" cannot be found for analysis|
2025-08-31 18:59:00|ERROR   |root                            |Video file "/downloads/A shop for killers/Season 1/A.Shop.for.Killers.KOREAN.S01E03.2024.1080p.WEBRip.x265.HEVC-kkolev33.mkv" cannot be found for analysis|
2025-08-31 18:59:00|ERROR   |root                            |Video file "/downloads/A shop for killers/Season 1/A.Shop.for.Killers.KOREAN.S01E04.2024.1080p.WEBRip.x265.HEVC-kkolev33.mkv" cannot be found for analysis|
2025-08-31 18:59:00|ERROR   |root                            |Video file "/downloads/A shop for killers/Season 1/A.Shop.for.Killers.KOREAN.S01E05.2024.1080p.WEBRip.x265.HEVC-kkolev33.mkv" cannot be found for analysis|
2025-08-31 18:59:00|ERROR   |root                            |Video file "/downloads/A shop for killers/Season 1/A.Shop.for.Killers.KOREAN.S01E06.2024.1080p.WEBRip.x265.HEVC-kkolev33.mkv" cannot be found for analysis|
2025-08-31 18:59:00|ERROR   |root                            |Video file "/downloads/A shop for killers/Season 1/A.Shop.for.Killers.KOREAN.S01E07.2024.1080p.WEBRip.x265.HEVC-kkolev33.mkv" cannot be found for analysis|
2025-08-31 18:59:00|ERROR   |root                            |Video file "/downloads/A shop for killers/Season 1/A.Shop.for.Killers.KOREAN.S01E08.2024.1080p.WEBRip.x265.HEVC-kkolev33.mkv" cannot be found for analysis|
2025-08-31 18:59:00|ERROR   |root                            |Video file "/downloads/Tulsa King/Season 1/Tulsa.King.S01E01.720p.AMZN.WEBRip.x264-GalaxyTV.mkv" cannot be found for analysis|
2025-08-31 18:59:00|ERROR   |root                            |Video file "/downloads/Tulsa King/Season 1/Tulsa.King.S01E02.720p.AMZN.WEBRip.x264-GalaxyTV.mkv" cannot be found for analysis|
2025-08-31 18:59:00|ERROR   |root                            |Video file "/downloads/Tulsa King/Season 1/Tulsa.King.S01E03.720p.AMZN.WEBRip.x264-GalaxyTV.mkv" cannot be found for analysis|
2025-08-31 18:59:00|ERROR   |root                            |Video file "/downloads/Tulsa King/Season 1/Tulsa.King.S01E04.720p.AMZN.WEBRip.x264-GalaxyTV.mkv" cannot be found for analysis|
2025-08-31 18:59:00|ERROR   |root                            |Video file "/downloads/Tulsa King/Season 1/Tulsa.King.S01E05.720p.AMZN.WEBRip.x264-GalaxyTV.mkv" cannot be found for analysis|
2025-08-31 18:59:00|ERROR   |root                            |Video file "/downloads/Tulsa King/Season 1/Tulsa.King.S01E06.720p.AMZN.WEBRip.x264-GalaxyTV.mkv" cannot be found for analysis|
2025-08-31 18:59:00|ERROR   |root                            |Video file "/downloads/Tulsa King/Season 1/Tulsa.King.S01E07.720p.AMZN.WEBRip.x264-GalaxyTV.mkv" cannot be found for analysis|
2025-08-31 18:59:00|ERROR   |root                            |Video file "/downloads/Tulsa King/Season 1/Tulsa.King.S01E08.720p.AMZN.WEBRip.x264-GalaxyTV.mkv" cannot be found for analysis|
2025-08-31 18:59:00|ERROR   |root                            |Video file "/downloads/Tulsa King/Season 1/Tulsa.King.S01E09.720p.AMZN.WEBRip.x264-GalaxyTV.mkv" cannot be found for analysis|
2025-08-31 18:59:00|ERROR   |root                            |Video file "/downloads/Tulsa King/Season 2/Tulsa.King.S02E01.480p.x264-RUBiK.mkv" cannot be found for analysis|
2025-08-31 18:59:00|ERROR   |root                            |Video file "/downloads/Tulsa King/Season 2/Tulsa.King.S02E02.480p.x264-RUBiK.mkv" cannot be found for analysis|
2025-08-31 18:59:00|ERROR   |root                            |Video file "/downloads/Tulsa King/Season 2/Tulsa.King.S02E03.480p.x264-RUBiK.mkv" cannot be found for analysis|
2025-08-31 18:59:00|ERROR   |root                            |Video file "/downloads/Tulsa King/Season 2/Tulsa.King.S02E04.480p.x264-RUBiK.mkv" cannot be found for analysis|
2025-08-31 18:59:00|ERROR   |root                            |Video file "/downloads/Tulsa King/Season 2/Tulsa.King.S02E05.480p.x264-RUBiK.mkv" cannot be found for analysis|
2025-08-31 18:59:00|ERROR   |root                            |Video file "/downloads/Tulsa King/Season 2/Tulsa.King.S02E06.480p.x264-RUBiK.mkv" cannot be found for analysis|
2025-08-31 18:59:00|ERROR   |root                            |Video file "/downloads/Tulsa King/Season 2/Tulsa.King.S02E07.480p.x264-RUBiK.mkv" cannot be found for analysis|
2025-08-31 18:59:00|ERROR   |root                            |Video file "/downloads/Tulsa King/Season 2/Tulsa.King.S02E08.480p.x264-RUBiK.mkv" cannot be found for analysis|
2025-08-31 18:59:00|ERROR   |root                            |Video file "/downloads/Tulsa King/Season 2/Tulsa.King.S02E09.480p.x264-RUBiK.mkv" cannot be found for analysis|
2025-08-31 18:59:00|ERROR   |root                            |Video file "/downloads/Tulsa King/Season 2/Tulsa.King.S02E10.480p.x264-RUBiK.mkv" cannot be found for analysis|
2025-08-31 19:07:58|ERROR   |root                            |Video file "/downloads/Wednesday/season 01/Wednesday.S01E01.WEBRip.x264-ION10[eztv.re].mp4" cannot be found for analysis|
2025-08-31 19:07:58|ERROR   |root                            |Video file "/downloads/Wednesday/season 01/Wednesday.S01E02.WEBRip.x264-ION10[eztv.re].mp4" cannot be found for analysis|
2025-08-31 19:07:58|ERROR   |root                            |Video file "/downloads/Wednesday/season 01/Wednesday.S01E03.WEBRip.x264-ION10[eztv.re].mp4" cannot be found for analysis|
2025-08-31 19:07:58|ERROR   |root                            |Video file "/downloads/Wednesday/season 01/Wednesday.S01E04.WEBRip.x264-ION10[eztv.re].mp4" cannot be found for analysis|
2025-08-31 19:07:58|ERROR   |root                            |Video file "/downloads/Wednesday/season 01/Wednesday.S01E05.WEBRip.x264-ION10[eztv.re].mp4" cannot be found for analysis|
2025-08-31 19:07:58|ERROR   |root                            |Video file "/downloads/Wednesday/season 01/Wednesday.S01E06.WEBRip.x264-ION10[eztv.re].mp4" cannot be found for analysis|
2025-08-31 19:07:58|ERROR   |root                            |Video file "/downloads/Wednesday/season 01/Wednesday.S01E07.WEBRip.x264-ION10[eztv.re].mp4" cannot be found for analysis|
2025-08-31 19:07:58|ERROR   |root                            |Video file "/downloads/Wednesday/season 01/Wednesday.S01E08.WEBRip.x264-ION10[eztv.re].mp4" cannot be found for analysis|
2025-08-31 19:07:58|ERROR   |root                            |Video file "/downloads/Wednesday/season 2/Wednesday S02E01 720p x264-FENiX[EZTVx.to].mkv" cannot be found for analysis|
2025-08-31 19:07:58|ERROR   |root                            |Video file "/downloads/Wednesday/season 2/Wednesday S02E02 720p x264-FENiX.mkv" cannot be found for analysis|
2025-08-31 19:07:58|ERROR   |root                            |Video file "/downloads/Wednesday/season 2/Wednesday S02E03 720p x264-FENiX.mkv" cannot be found for analysis|
2025-08-31 19:07:58|ERROR   |root                            |Video file "/downloads/Wednesday/season 2/Wednesday S02E04 720p x264-FENiX.mkv" cannot be found for analysis|
2025-08-31 19:59:00|ERROR   |root                            |Video file "/downloads/Wednesday/season 01/Wednesday.S01E01.WEBRip.x264-ION10[eztv.re].mp4" cannot be found for analysis|
2025-08-31 19:59:00|ERROR   |root                            |Video file "/downloads/Wednesday/season 01/Wednesday.S01E02.WEBRip.x264-ION10[eztv.re].mp4" cannot be found for analysis|
2025-08-31 19:59:00|ERROR   |root                            |Video file "/downloads/Wednesday/season 01/Wednesday.S01E03.WEBRip.x264-ION10[eztv.re].mp4" cannot be found for analysis|
2025-08-31 19:59:00|ERROR   |root                            |Video file "/downloads/Wednesday/season 01/Wednesday.S01E04.WEBRip.x264-ION10[eztv.re].mp4" cannot be found for analysis|
2025-08-31 19:59:00|ERROR   |root                            |Video file "/downloads/Wednesday/season 01/Wednesday.S01E05.WEBRip.x264-ION10[eztv.re].mp4" cannot be found for analysis|
2025-08-31 19:59:00|ERROR   |root                            |Video file "/downloads/Wednesday/season 01/Wednesday.S01E06.WEBRip.x264-ION10[eztv.re].mp4" cannot be found for analysis|
2025-08-31 19:59:00|ERROR   |root                            |Video file "/downloads/Wednesday/season 01/Wednesday.S01E07.WEBRip.x264-ION10[eztv.re].mp4" cannot be found for analysis|
2025-08-31 19:59:00|ERROR   |root                            |Video file "/downloads/Wednesday/season 01/Wednesday.S01E08.WEBRip.x264-ION10[eztv.re].mp4" cannot be found for analysis|
2025-08-31 19:59:00|ERROR   |root                            |Video file "/downloads/Wednesday/season 2/Wednesday S02E01 720p x264-FENiX[EZTVx.to].mkv" cannot be found for analysis|
2025-08-31 19:59:00|ERROR   |root                            |Video file "/downloads/Wednesday/season 2/Wednesday S02E02 720p x264-FENiX.mkv" cannot be found for analysis|
2025-08-31 19:59:00|ERROR   |root                            |Video file "/downloads/Wednesday/season 2/Wednesday S02E03 720p x264-FENiX.mkv" cannot be found for analysis|
2025-08-31 19:59:00|ERROR   |root                            |Video file "/downloads/Wednesday/season 2/Wednesday S02E04 720p x264-FENiX.mkv" cannot be found for analysis|
2025-08-31 19:59:00|ERROR   |root                            |Video file "/downloads/Squid Game/Season 2/Squid.Game.S02E01.480p.x264-mSD[EZTVx.to].mkv" cannot be found for analysis|
2025-08-31 19:59:00|ERROR   |root                            |Video file "/downloads/Squid Game/Season 2/Squid.Game.S02E02.MULTI.480p.x264-mSD[EZTVx.to].mkv" cannot be found for analysis|
2025-08-31 19:59:00|ERROR   |root                            |Video file "/downloads/Squid Game/Season 2/Squid.Game.S02E03.MULTI.480p.x264-mSD[EZTVx.to].mkv" cannot be found for analysis|
2025-08-31 19:59:00|ERROR   |root                            |Video file "/downloads/Squid Game/Season 2/Squid.Game.S02E04.MULTI.480p.x264-mSD[EZTVx.to].mkv" cannot be found for analysis|
2025-08-31 19:59:00|ERROR   |root                            |Video file "/downloads/Squid Game/Season 2/squid.game.s02e05.720p.web.h264-sylix.mkv" cannot be found for analysis|
2025-08-31 19:59:00|ERROR   |root                            |Video file "/downloads/Squid Game/Season 2/Squid.Game.S02E06.MULTI.1080p.WEB.X264-HiggsBoson[EZTVx.to].mkv" cannot be found for analysis|
2025-08-31 19:59:00|ERROR   |root                            |Video file "/downloads/Squid Game/Season 2/Squid.Game.S02E07.FINAL.MULTI.480p.x264-mSD[EZTVx.to].mkv" cannot be found for analysis|
2025-08-31 19:59:00|ERROR   |root                            |Video file "/downloads/Squid Game/Squid Game - Season 3 [Dual Audio]/Season 3/Squid Game - S03E01 - Keys and Knives.mkv" cannot be found for analysis|
2025-08-31 19:59:00|ERROR   |root                            |Video file "/downloads/Squid Game/Squid Game - Season 3 [Dual Audio]/Season 3/Squid Game - S03E02 - The Starry Night.mkv" cannot be found for analysis|
2025-08-31 19:59:00|ERROR   |root                            |Video file "/downloads/Squid Game/Squid Game - Season 3 [Dual Audio]/Season 3/Squid Game - S03E03 - It's Not Your Fault.mkv" cannot be found for analysis|
2025-08-31 19:59:00|ERROR   |root                            |Video file "/downloads/Squid Game/Squid Game - Season 3 [Dual Audio]/Season 3/Squid Game - S03E04 - 222.mkv" cannot be found for analysis|
2025-08-31 19:59:00|ERROR   |root                            |Video file "/downloads/Squid Game/Squid Game - Season 3 [Dual Audio]/Season 3/Squid Game - S03E05 - ○△□.mkv" cannot be found for analysis|
2025-08-31 19:59:00|ERROR   |root                            |Video file "/downloads/Squid Game/Squid Game - Season 3 [Dual Audio]/Season 3/Squid Game - S03E06 - Humans Are....mkv" cannot be found for analysis|
2025-08-31 19:59:00|ERROR   |root                            |Video file "/downloads/Hierarchy.S01/Hierarchy.S01E01.DUAL-AUDIO.KOR-ENG.1080p.10bit.WEBRip.6CH.x265.HEVC-PSA.mkv" cannot be found for analysis|
2025-08-31 19:59:00|ERROR   |root                            |Video file "/downloads/Hierarchy.S01/Hierarchy.S01E02.DUAL-AUDIO.KOR-ENG.1080p.10bit.WEBRip.6CH.x265.HEVC-PSA.mkv" cannot be found for analysis|
2025-08-31 19:59:00|ERROR   |root                            |Video file "/downloads/Hierarchy.S01/Hierarchy.S01E03.DUAL-AUDIO.KOR-ENG.1080p.10bit.WEBRip.6CH.x265.HEVC-PSA.mkv" cannot be found for analysis|
2025-08-31 19:59:00|ERROR   |root                            |Video file "/downloads/Hierarchy.S01/Hierarchy.S01E04.DUAL-AUDIO.KOR-ENG.1080p.10bit.WEBRip.6CH.x265.HEVC-PSA.mkv" cannot be found for analysis|
2025-08-31 19:59:00|ERROR   |root                            |Video file "/downloads/Hierarchy.S01/Hierarchy.S01E05.DUAL-AUDIO.KOR-ENG.1080p.10bit.WEBRip.6CH.x265.HEVC-PSA.mkv" cannot be found for analysis|
2025-08-31 19:59:00|ERROR   |root                            |Video file "/downloads/Hierarchy.S01/Hierarchy.S01E06.DUAL-AUDIO.KOR-ENG.1080p.10bit.WEBRip.6CH.x265.HEVC-PSA.mkv" cannot be found for analysis|
2025-08-31 19:59:00|ERROR   |root                            |Video file "/downloads/Hierarchy.S01/Hierarchy.S01E07.DUAL-AUDIO.KOR-ENG.1080p.10bit.WEBRip.6CH.x265.HEVC-PSA.mkv" cannot be found for analysis|
2025-08-31 19:59:00|ERROR   |root                            |Video file "/downloads/Vigilante 2023/Season 1/Vigilante.S01E01.1080p.DNSP.WEBRip.x264.mkv" cannot be found for analysis|
2025-08-31 19:59:00|ERROR   |root                            |Video file "/downloads/Vigilante 2023/Season 1/Vigilante.S01E02.1080p.DNSP.WEBRip.x264.mkv" cannot be found for analysis|
2025-08-31 19:59:00|ERROR   |root                            |Video file "/downloads/Vigilante 2023/Season 1/Vigilante.S01E03.1080p.DNSP.WEBRip.x264.mkv" cannot be found for analysis|
2025-08-31 19:59:00|ERROR   |root                            |Video file "/downloads/Vigilante 2023/Season 1/Vigilante.S01E04.1080p.DNSP.WEBRip.x264.mkv" cannot be found for analysis|
2025-08-31 19:59:00|ERROR   |root                            |Video file "/downloads/Vigilante 2023/Season 1/Vigilante.S01E05.1080p.DNSP.WEBRip.x264.mkv" cannot be found for analysis|
2025-08-31 19:59:00|ERROR   |root                            |Video file "/downloads/Vigilante 2023/Season 1/Vigilante.S01E06.1080p.DNSP.WEBRip.x264.mkv" cannot be found for analysis|
2025-08-31 19:59:00|ERROR   |root                            |Video file "/downloads/Vigilante 2023/Season 1/Vigilante.S01E07.1080p.DNSP.WEBRip.x264.mkv" cannot be found for analysis|
2025-08-31 19:59:00|ERROR   |root                            |Video file "/downloads/Vigilante 2023/Season 1/Vigilante.S01E08.1080p.DNSP.WEBRip.x264.mkv" cannot be found for analysis|
2025-08-31 19:59:00|ERROR   |root                            |Video file "/downloads/The Witcher/Season 1/The.Witcher.S01E01.720p.NF.WEBRip.x264-GalaxyTV.mkv" cannot be found for analysis|
2025-08-31 19:59:00|ERROR   |root                            |Video file "/downloads/The Witcher/Season 1/The.Witcher.S01E02.720p.NF.WEBRip.x264-GalaxyTV.mkv" cannot be found for analysis|
2025-08-31 19:59:00|ERROR   |root                            |Video file "/downloads/The Witcher/Season 1/The.Witcher.S01E03.720p.NF.WEBRip.x264-GalaxyTV.mkv" cannot be found for analysis|
2025-08-31 19:59:00|ERROR   |root                            |Video file "/downloads/The Witcher/Season 1/The.Witcher.S01E04.720p.NF.WEBRip.x264-GalaxyTV.mkv" cannot be found for analysis|
2025-08-31 19:59:00|ERROR   |root                            |Video file "/downloads/The Witcher/Season 1/The.Witcher.S01E05.720p.NF.WEBRip.x264-GalaxyTV.mkv" cannot be found for analysis|
2025-08-31 19:59:00|ERROR   |root                            |Video file "/downloads/The Witcher/Season 1/The.Witcher.S01E06.720p.NF.WEBRip.x264-GalaxyTV.mkv" cannot be found for analysis|
2025-08-31 19:59:00|ERROR   |root                            |Video file "/downloads/The Witcher/Season 1/The.Witcher.S01E07.720p.NF.WEBRip.x264-GalaxyTV.mkv" cannot be found for analysis|
2025-08-31 19:59:00|ERROR   |root                            |Video file "/downloads/The Witcher/Season 1/The.Witcher.S01E08.720p.NF.WEBRip.x264-GalaxyTV.mkv" cannot be found for analysis|
2025-08-31 19:59:00|ERROR   |root                            |Video file "/downloads/The Witcher/Season 2/The.Witcher.S02E01.720p.NF.WEBRip.x264-GalaxyTV.mkv" cannot be found for analysis|
2025-08-31 19:59:00|ERROR   |root                            |Video file "/downloads/The Witcher/Season 2/The.Witcher.S02E02.720p.NF.WEBRip.x264-GalaxyTV.mkv" cannot be found for analysis|
2025-08-31 19:59:00|ERROR   |root                            |Video file "/downloads/The Witcher/Season 2/The.Witcher.S02E03.720p.NF.WEBRip.x264-GalaxyTV.mkv" cannot be found for analysis|
2025-08-31 19:59:00|ERROR   |root                            |Video file "/downloads/The Witcher/Season 2/The.Witcher.S02E04.720p.NF.WEBRip.x264-GalaxyTV.mkv" cannot be found for analysis|
2025-08-31 19:59:00|ERROR   |root                            |Video file "/downloads/The Witcher/Season 2/The.Witcher.S02E05.720p.NF.WEBRip.x264-GalaxyTV.mkv" cannot be found for analysis|
2025-08-31 19:59:00|ERROR   |root                            |Video file "/downloads/The Witcher/Season 2/The.Witcher.S02E06.720p.NF.WEBRip.x264-GalaxyTV.mkv" cannot be found for analysis|
2025-08-31 19:59:00|ERROR   |root                            |Video file "/downloads/The Witcher/Season 2/The.Witcher.S02E07.720p.NF.WEBRip.x264-GalaxyTV.mkv" cannot be found for analysis|
2025-08-31 19:59:00|ERROR   |root                            |Video file "/downloads/The Witcher/Season 2/The.Witcher.S02E08.720p.NF.WEBRip.x264-GalaxyTV.mkv" cannot be found for analysis|
2025-08-31 19:59:00|ERROR   |root                            |Video file "/downloads/The Witcher/Season 3/The Witcher - S03E01 - Shaerrawedd.mkv" cannot be found for analysis|
2025-08-31 19:59:00|ERROR   |root                            |Video file "/downloads/The Witcher/Season 3/The Witcher - S03E02 - Unbound.mkv" cannot be found for analysis|
2025-08-31 19:59:00|ERROR   |root                            |Video file "/downloads/The Witcher/Season 3/The Witcher - S03E03 - Reunion.mkv" cannot be found for analysis|
2025-08-31 19:59:00|ERROR   |root                            |Video file "/downloads/The Witcher/Season 3/The Witcher - S03E04 - The Invitation.mkv" cannot be found for analysis|
2025-08-31 19:59:00|ERROR   |root                            |Video file "/downloads/The Witcher/Season 3/The Witcher - S03E05 - The Art of the Illusion.mkv" cannot be found for analysis|
2025-08-31 19:59:00|ERROR   |root                            |Video file "/downloads/The Witcher/Season 3/The Witcher - S03E06 - Everybody Has a Plan 'til They Get Punched in the Face.mkv" cannot be found for analysis|
2025-08-31 19:59:00|ERROR   |root                            |Video file "/downloads/The Witcher/Season 3/The Witcher - S03E07 - Out of the Fire, Into the Frying Pan.mkv" cannot be found for analysis|
2025-08-31 19:59:00|ERROR   |root                            |Video file "/downloads/The Witcher/Season 3/The Witcher - S03E08 - The Cost of Chaos.mkv" cannot be found for analysis|
2025-08-31 19:59:00|ERROR   |root                            |Video file "/downloads/A shop for killers/Season 1/A.Shop.for.Killers.KOREAN.S01E01.2024.1080p.WEBRip.x265.HEVC-kkolev33.mkv" cannot be found for analysis|
2025-08-31 19:59:00|ERROR   |root                            |Video file "/downloads/A shop for killers/Season 1/A.Shop.for.Killers.KOREAN.S01E02.2024.1080p.WEBRip.x265.HEVC-kkolev33.mkv" cannot be found for analysis|
2025-08-31 19:59:00|ERROR   |root                            |Video file "/downloads/A shop for killers/Season 1/A.Shop.for.Killers.KOREAN.S01E03.2024.1080p.WEBRip.x265.HEVC-kkolev33.mkv" cannot be found for analysis|
2025-08-31 19:59:00|ERROR   |root                            |Video file "/downloads/A shop for killers/Season 1/A.Shop.for.Killers.KOREAN.S01E04.2024.1080p.WEBRip.x265.HEVC-kkolev33.mkv" cannot be found for analysis|
2025-08-31 19:59:00|ERROR   |root                            |Video file "/downloads/A shop for killers/Season 1/A.Shop.for.Killers.KOREAN.S01E05.2024.1080p.WEBRip.x265.HEVC-kkolev33.mkv" cannot be found for analysis|
2025-08-31 19:59:00|ERROR   |root                            |Video file "/downloads/A shop for killers/Season 1/A.Shop.for.Killers.KOREAN.S01E06.2024.1080p.WEBRip.x265.HEVC-kkolev33.mkv" cannot be found for analysis|
2025-08-31 19:59:00|ERROR   |root                            |Video file "/downloads/A shop for killers/Season 1/A.Shop.for.Killers.KOREAN.S01E07.2024.1080p.WEBRip.x265.HEVC-kkolev33.mkv" cannot be found for analysis|
2025-08-31 19:59:00|ERROR   |root                            |Video file "/downloads/A shop for killers/Season 1/A.Shop.for.Killers.KOREAN.S01E08.2024.1080p.WEBRip.x265.HEVC-kkolev33.mkv" cannot be found for analysis|
2025-08-31 19:59:00|ERROR   |root                            |Video file "/downloads/Tulsa King/Season 1/Tulsa.King.S01E01.720p.AMZN.WEBRip.x264-GalaxyTV.mkv" cannot be found for analysis|
2025-08-31 19:59:00|ERROR   |root                            |Video file "/downloads/Tulsa King/Season 1/Tulsa.King.S01E02.720p.AMZN.WEBRip.x264-GalaxyTV.mkv" cannot be found for analysis|
2025-08-31 19:59:00|ERROR   |root                            |Video file "/downloads/Tulsa King/Season 1/Tulsa.King.S01E03.720p.AMZN.WEBRip.x264-GalaxyTV.mkv" cannot be found for analysis|
2025-08-31 19:59:00|ERROR   |root                            |Video file "/downloads/Tulsa King/Season 1/Tulsa.King.S01E04.720p.AMZN.WEBRip.x264-GalaxyTV.mkv" cannot be found for analysis|
2025-08-31 19:59:00|ERROR   |root                            |Video file "/downloads/Tulsa King/Season 1/Tulsa.King.S01E05.720p.AMZN.WEBRip.x264-GalaxyTV.mkv" cannot be found for analysis|
2025-08-31 19:59:00|ERROR   |root                            |Video file "/downloads/Tulsa King/Season 1/Tulsa.King.S01E06.720p.AMZN.WEBRip.x264-GalaxyTV.mkv" cannot be found for analysis|
2025-08-31 19:59:00|ERROR   |root                            |Video file "/downloads/Tulsa King/Season 1/Tulsa.King.S01E07.720p.AMZN.WEBRip.x264-GalaxyTV.mkv" cannot be found for analysis|
2025-08-31 19:59:00|ERROR   |root                            |Video file "/downloads/Tulsa King/Season 1/Tulsa.King.S01E08.720p.AMZN.WEBRip.x264-GalaxyTV.mkv" cannot be found for analysis|
2025-08-31 19:59:00|ERROR   |root                            |Video file "/downloads/Tulsa King/Season 1/Tulsa.King.S01E09.720p.AMZN.WEBRip.x264-GalaxyTV.mkv" cannot be found for analysis|
2025-08-31 19:59:00|ERROR   |root                            |Video file "/downloads/Tulsa King/Season 2/Tulsa.King.S02E01.480p.x264-RUBiK.mkv" cannot be found for analysis|
2025-08-31 19:59:00|ERROR   |root                            |Video file "/downloads/Tulsa King/Season 2/Tulsa.King.S02E02.480p.x264-RUBiK.mkv" cannot be found for analysis|
2025-08-31 19:59:00|ERROR   |root                            |Video file "/downloads/Tulsa King/Season 2/Tulsa.King.S02E03.480p.x264-RUBiK.mkv" cannot be found for analysis|
2025-08-31 19:59:00|ERROR   |root                            |Video file "/downloads/Tulsa King/Season 2/Tulsa.King.S02E04.480p.x264-RUBiK.mkv" cannot be found for analysis|
2025-08-31 19:59:00|ERROR   |root                            |Video file "/downloads/Tulsa King/Season 2/Tulsa.King.S02E05.480p.x264-RUBiK.mkv" cannot be found for analysis|
2025-08-31 19:59:00|ERROR   |root                            |Video file "/downloads/Tulsa King/Season 2/Tulsa.King.S02E06.480p.x264-RUBiK.mkv" cannot be found for analysis|
2025-08-31 19:59:00|ERROR   |root                            |Video file "/downloads/Tulsa King/Season 2/Tulsa.King.S02E07.480p.x264-RUBiK.mkv" cannot be found for analysis|
2025-08-31 19:59:00|ERROR   |root                            |Video file "/downloads/Tulsa King/Season 2/Tulsa.King.S02E08.480p.x264-RUBiK.mkv" cannot be found for analysis|
2025-08-31 19:59:00|ERROR   |root                            |Video file "/downloads/Tulsa King/Season 2/Tulsa.King.S02E09.480p.x264-RUBiK.mkv" cannot be found for analysis|
2025-08-31 19:59:00|ERROR   |root                            |Video file "/downloads/Tulsa King/Season 2/Tulsa.King.S02E10.480p.x264-RUBiK.mkv" cannot be found for analysis|
